suite,prompt_sha16,position,scenario,topk,tis_cap,behavior_tail_mass,current_tail_mass,behavior_cap_mass,behavior_log_ratio_abs_mean,exact_gradient_l1,exact_gradient_l2,error_l1,error_l2,relative_error_l1
val-gsm8k,e21f6062be8c8538,prompt,real_base_to_step8,8,1.001,0.0004587330331823321,0.0004511454123768082,0.00011234972201025049,5.7872336240612614e-05,4.6364824048615804e-06,2.3341289590086363e-06,4.636482397861739e-06,2.334128952068034e-06,0.999999998490269
val-gsm8k,e21f6062be8c8538,prompt,real_base_to_step8,8,1.05,0.0004587330331823321,0.0004511454123768082,8.67487162047673e-06,5.7872336240612614e-05,2.848728883646338e-07,1.6102805057473065e-07,2.8487288136331827e-07,1.6102804439404095e-07,0.9999999754230191
val-gsm8k,e21f6062be8c8538,prompt,real_base_to_step8,8,2.0,0.0004587330331823321,0.0004511454123768082,0.0,5.7872336240612614e-05,7.0014452313807695e-15,6.994405412445979e-15,0.0,0.0,
val-gsm8k,e21f6062be8c8538,prompt,real_base_to_step8,32,1.001,0.0003638317168062579,0.00035841386478860864,0.00011234972201025049,5.7872336240612614e-05,4.6364824048615804e-06,2.3341289590086363e-06,4.03584904363446e-06,2.025112852015409e-06,0.8704549464919081
val-gsm8k,e21f6062be8c8538,prompt,real_base_to_step8,32,1.05,0.0003638317168062579,0.00035841386478860864,8.67487162047673e-06,5.7872336240612614e-05,2.848728883646338e-07,1.6102805057473065e-07,1.9911618930407428e-07,1.171995661883464e-07,0.6989650382215664
val-gsm8k,e21f6062be8c8538,prompt,real_base_to_step8,32,2.0,0.0003638317168062579,0.00035841386478860864,0.0,5.7872336240612614e-05,7.0014452313807695e-15,6.994405412445979e-15,0.0,0.0,
val-gsm8k,e21f6062be8c8538,prompt,real_base_to_step8,128,1.001,0.0002772110810326867,0.0002732625787818955,0.00011234972201025049,5.7872336240612614e-05,4.6364824048615804e-06,2.3341289590086363e-06,2.8171856825427027e-06,1.409056827825224e-06,0.6076127194160695
val-gsm8k,e21f6062be8c8538,prompt,real_base_to_step8,128,1.05,0.0002772110810326867,0.0002732625787818955,8.67487162047673e-06,5.7872336240612614e-05,2.848728883646338e-07,1.6102805057473065e-07,7.264472653041437e-08,3.684321964213848e-08,0.25500751211336764
val-gsm8k,e21f6062be8c8538,prompt,real_base_to_step8,128,2.0,0.0002772110810326867,0.0002732625787818955,0.0,5.7872336240612614e-05,7.0014452313807695e-15,6.994405412445979e-15,0.0,0.0,
val-gsm8k,e21f6062be8c8538,prompt,calibrated_0.016,8,1.001,0.0004587330331823321,0.005457334747325608,0.0009280548771500347,0.015999987714759717,0.026926586589007165,0.01448994523348952,0.00039333017360661357,2.2702341604518815e-05,0.014607502228566596
val-gsm8k,e21f6062be8c8538,prompt,calibrated_0.016,8,1.05,0.0004587330331823321,0.005457334747325608,0.0009261733557016988,0.015999987714759717,0.026837121854909312,0.014442933181830025,0.0004125773130030095,2.4146049125608115e-05,0.015373381513619232
val-gsm8k,e21f6062be8c8538,prompt,calibrated_0.016,8,2.0,0.0004587330331823321,0.005457334747325608,0.000895304903939584,0.015999987714759717,0.025133064333104006,0.013546121893062904,0.000785614575410149,6.515223525343653e-05,0.031258208907513796
val-gsm8k,e21f6062be8c8538,prompt,calibrated_0.016,32,1.001,0.0003638317168062579,0.0047236927948415795,0.0009280548771500347,0.015999987714759717,0.026926586589007165,0.01448994523348952,0.00031741077026589573,1.552805556977567e-05,0.011788006222648337
val-gsm8k,e21f6062be8c8538,prompt,calibrated_0.016,32,1.05,0.0003638317168062579,0.0047236927948415795,0.0009261733557016988,0.015999987714759717,0.026837121854909312,0.014442933181830025,0.00033294350650809256,1.657664843562896e-05,0.012406080961591164
val-gsm8k,e21f6062be8c8538,prompt,calibrated_0.016,32,2.0,0.0003638317168062579,0.0047236927948415795,0.000895304903939584,0.015999987714759717,0.025133064333104006,0.013546121893062904,0.0006339829684716778,5.0546361683698e-05,0.02522505652590191
val-gsm8k,e21f6062be8c8538,prompt,calibrated_0.016,128,1.001,0.0002772110810326867,0.0035114335867921613,0.0009280548771500347,0.015999987714759717,0.026926586589007165,0.01448994523348952,0.00024710792015520235,9.470104052122923e-06,0.009177097859707353
val-gsm8k,e21f6062be8c8538,prompt,calibrated_0.016,128,1.05,0.0002772110810326867,0.0035114335867921613,0.0009261733557016988,0.015999987714759717,0.026837121854909312,0.014442933181830025,0.00025920100959427923,1.0310321173212326e-05,0.009658301325887656
val-gsm8k,e21f6062be8c8538,prompt,calibrated_0.016,128,2.0,0.0002772110810326867,0.0035114335867921613,0.000895304903939584,0.015999987714759717,0.025133064333104006,0.013546121893062904,0.0004935906379354709,3.988786797703196e-05,0.01963909499429157
val-gsm8k,e21f6062be8c8538,prompt,calibrated_0.05,8,1.001,0.0004587330331823321,0.01842795576088918,0.0009272061142376017,0.049999859973263214,0.0874194903904389,0.04678702892113762,0.0005132994393037311,3.136142989081722e-05,0.00587168189852398
val-gsm8k,e21f6062be8c8538,prompt,calibrated_0.05,8,1.05,0.0004587330331823321,0.01842795576088918,0.0009257567774098067,0.049999859973263214,0.08733304314673598,0.046741961434115555,0.0005384037209376319,3.315350743184425e-05,0.006164948586905555
val-gsm8k,e21f6062be8c8538,prompt,calibrated_0.05,8,2.0,0.0004587330331823321,0.01842795576088918,0.0009064062486875679,0.049999859973263214,0.0856784652395941,0.0458780481358984,0.001024807912926559,7.517204662457466e-05,0.011961090923614845
val-gsm8k,e21f6062be8c8538,prompt,calibrated_0.05,32,1.001,0.0003638317168062579,0.01658843317276361,0.0009272061142376017,0.049999859973263214,0.0874194903904389,0.04678702892113762,0.0004106257586281995,2.220880426960792e-05,0.004697187741477726
val-gsm8k,e21f6062be8c8538,prompt,calibrated_0.05,32,1.05,0.0003638317168062579,0.01658843317276361,0.0009257567774098067,0.049999859973263214,0.08733304314673598,0.046741961434115555,0.0004307090865455105,2.3516245369322137e-05,0.004931799820851748
val-gsm8k,e21f6062be8c8538,prompt,calibrated_0.05,32,2.0,0.0003638317168062579,0.01658843317276361,0.0009064062486875679,0.049999859973263214,0.0856784652395941,0.0458780481358984,0.0008197957873878712,5.653830862823003e-05,0.009568282824574028
val-gsm8k,e21f6062be8c8538,prompt,calibrated_0.05,128,1.001,0.0002772110810326867,0.012468949419158023,0.0009272061142376017,0.049999859973263214,0.0874194903904389,0.04678702892113762,0.00032032218265241885,1.3559461138719656e-05,0.003664196407709242
val-gsm8k,e21f6062be8c8538,prompt,calibrated_0.05,128,1.05,0.0002772110810326867,0.012468949419158023,0.0009257567774098067,0.049999859973263214,0.08733304314673598,0.046741961434115555,0.00033599130835670855,1.4505761398070704e-05,0.0038472415050530163
val-gsm8k,e21f6062be8c8538,prompt,calibrated_0.05,128,2.0,0.0002772110810326867,0.012468949419158023,0.0009064062486875679,0.049999859973263214,0.0856784652395941,0.0458780481358984,0.0006395978755318094,4.083034972692815e-05,0.007465094919046655
val-gsm8k,e21f6062be8c8538,answer16,real_base_to_step8,8,1.001,2.092698125404496e-06,2.175308649233837e-06,0.04949998635317949,0.006928785497692976,0.006587083613025477,0.0039631095778904744,6.340700105600845e-08,3.058332644222594e-08,9.625959647851703e-06
val-gsm8k,e21f6062be8c8538,answer16,real_base_to_step8,8,1.05,2.092698125404496e-06,2.175308649233837e-06,0.0398620774971024,0.006928785497692976,0.0024665156304480274,0.001499071896259629,5.642492857727481e-08,3.736218047150371e-08,2.287637178566169e-05
val-gsm8k,e21f6062be8c8538,answer16,real_base_to_step8,8,2.0,2.092698125404496e-06,2.175308649233837e-06,0.0,0.006928785497692976,3.0822212791176485e-13,2.920518827209638e-13,0.0,0.0,
val-gsm8k,e21f6062be8c8538,answer16,real_base_to_step8,32,1.001,1.4544945213526141e-07,1.51080347857661e-07,0.04949998635317949,0.006928785497692976,0.006587083613025477,0.0039631095778904744,3.1139836900437088e-09,4.4084737123349887e-10,4.7274087790323977e-07
val-gsm8k,e21f6062be8c8538,answer16,real_base_to_step8,32,1.05,1.4544945213526141e-07,1.51080347857661e-07,0.0398620774971024,0.006928785497692976,0.0024665156304480274,0.001499071896259629,2.054290186928484e-09,1.0058204820420875e-09,8.328713435135763e-07
val-gsm8k,e21f6062be8c8538,answer16,real_base_to_step8,32,2.0,1.4544945213526141e-07,1.51080347857661e-07,0.0,0.006928785497692976,3.0822212791176485e-13,2.920518827209638e-13,0.0,0.0,
val-gsm8k,e21f6062be8c8538,answer16,real_base_to_step8,128,1.001,1.7882874093920216e-08,1.8479776234336332e-08,0.04949998635317949,0.006928785497692976,0.006587083613025477,0.0039631095778904744,3.3681098216197914e-10,2.6992140894581757e-11,5.113203383299401e-08
val-gsm8k,e21f6062be8c8538,answer16,real_base_to_step8,128,1.05,1.7882874093920216e-08,1.8479776234336332e-08,0.0398620774971024,0.006928785497692976,0.0024665156304480274,0.001499071896259629,1.4621319230234233e-10,6.996963479296458e-11,5.927924822263689e-08
val-gsm8k,e21f6062be8c8538,answer16,real_base_to_step8,128,2.0,1.7882874093920216e-08,1.8479776234336332e-08,0.0,0.006928785497692976,3.0822212791176485e-13,2.920518827209638e-13,0.0,0.0,
val-gsm8k,e21f6062be8c8538,answer16,calibrated_0.016,8,1.001,2.092698125404496e-06,2.7443122876967675e-06,0.025002811993630945,0.015999994569506078,0.017433873628130904,0.011585345704332058,4.862243803863225e-07,1.9102907217451322e-07,2.788963547388355e-05
val-gsm8k,e21f6062be8c8538,answer16,calibrated_0.016,8,1.05,2.092698125404496e-06,2.7443122876967675e-06,0.02500279957119439,0.015999994569506078,0.015067035270949521,0.01040927144942467,5.100255003865703e-07,2.0303092489353882e-07,3.385042187894398e-05
val-gsm8k,e21f6062be8c8538,answer16,calibrated_0.016,8,2.0,2.092698125404496e-06,2.7443122876967675e-06,6.490332118081874e-05,0.015999994569506078,3.779182587249448e-05,2.591928385337249e-05,3.3743473369173204e-08,2.041286238870844e-08,0.0008928775625454039
val-gsm8k,e21f6062be8c8538,answer16,calibrated_0.016,32,1.001,1.4544945213526141e-07,2.0272534100136862e-07,0.025002811993630945,0.015999994569506078,0.017433873628130904,0.011585345704332058,2.597587238410804e-08,3.5690907726060028e-09,1.4899656231414893e-06
val-gsm8k,e21f6062be8c8538,answer16,calibrated_0.016,32,1.05,1.4544945213526141e-07,2.0272534100136862e-07,0.02500279957119439,0.015999994569506078,0.015067035270949521,0.01040927144942467,2.7247418681527126e-08,3.843852007785545e-09,1.8084127495249435e-06
val-gsm8k,e21f6062be8c8538,answer16,calibrated_0.016,32,2.0,1.4544945213526141e-07,2.0272534100136862e-07,6.490332118081874e-05,0.015999994569506078,3.779182587249448e-05,2.591928385337249e-05,3.660575386848566e-09,1.8173640359963265e-09,9.686156469917463e-05
val-gsm8k,e21f6062be8c8538,answer16,calibrated_0.016,128,1.001,1.7882874093920216e-08,2.62105484154844e-08,0.025002811993630945,0.015999994569506078,0.017433873628130904,0.011585345704332058,4.013808578703184e-09,3.673543503843026e-10,2.3023045046205873e-07
val-gsm8k,e21f6062be8c8538,answer16,calibrated_0.016,128,1.05,1.7882874093920216e-08,2.62105484154844e-08,0.02500279957119439,0.015999994569506078,0.015067035270949521,0.01040927144942467,4.210289003452873e-09,4.503478648009463e-10,2.794371240087727e-07
val-gsm8k,e21f6062be8c8538,answer16,calibrated_0.016,128,2.0,1.7882874093920216e-08,2.62105484154844e-08,6.490332118081874e-05,0.015999994569506078,3.779182587249448e-05,2.591928385337249e-05,1.1771181920145843e-09,5.761416480866621e-10,3.114742844090289e-05
val-gsm8k,e21f6062be8c8538,answer16,calibrated_0.05,8,1.001,2.092698125404496e-06,4.531271663656062e-06,0.02500281193733476,0.04999978214944246,0.062167262671209485,0.04212374421700926,1.1458535698079364e-06,4.5170687190946287e-07,1.8431784199155306e-05
val-gsm8k,e21f6062be8c8538,answer16,calibrated_0.05,8,1.05,2.092698125404496e-06,4.531271663656062e-06,0.025002811729860908,0.04999978214944246,0.05985916737997139,0.0409947112622302,1.2019442154200069e-06,4.7579045061441175e-07,2.0079534481165735e-05
val-gsm8k,e21f6062be8c8538,answer16,calibrated_0.05,8,2.0,2.092698125404496e-06,4.531271663656062e-06,0.009701941373143062,0.04999978214944246,0.040464650723867825,0.027842171854918035,2.2894142889410136e-06,1.2080069506755278e-06,5.657813049132824e-05
val-gsm8k,e21f6062be8c8538,answer16,calibrated_0.05,32,1.001,1.4544945213526141e-07,3.4557621929725435e-07,0.02500281193733476,0.04999978214944246,0.062167262671209485,0.04212374421700926,6.306711521392534e-08,8.626929450587017e-09,1.0144747010572912e-06
val-gsm8k,e21f6062be8c8538,answer16,calibrated_0.05,32,1.05,1.4544945213526141e-07,3.4557621929725435e-07,0.025002811729860908,0.04999978214944246,0.05985916737997139,0.0409947112622302,6.615431643931501e-08,9.113553090151951e-09,1.1051659977056403e-06
val-gsm8k,e21f6062be8c8538,answer16,calibrated_0.05,32,2.0,1.4544945213526141e-07,3.4557621929725435e-07,0.009701941373143062,0.04999978214944246,0.040464650723867825,0.027842171854918035,1.2600820728843093e-07,4.2464646787664696e-08,3.1140317544890056e-06
val-gsm8k,e21f6062be8c8538,answer16,calibrated_0.05,128,1.001,1.7882874093920216e-08,4.99304092519967e-08,0.02500281193733476,0.04999978214944246,0.062167262671209485,0.04212374421700926,9.41753584637608e-09,9.119788585221264e-10,1.514870599367321e-07
val-gsm8k,e21f6062be8c8538,answer16,calibrated_0.05,128,1.05,1.7882874093920216e-08,4.99304092519967e-08,0.025002811729860908,0.04999978214944246,0.05985916737997139,0.0409947112622302,9.878533727817735e-09,9.987165649325748e-10,1.650295879511857e-07
val-gsm8k,e21f6062be8c8538,answer16,calibrated_0.05,128,2.0,1.7882874093920216e-08,4.99304092519967e-08,0.009701941373143062,0.04999978214944246,0.040464650723867825,0.027842171854918035,1.8816254707381377e-08,5.2281122085165605e-09,4.6500474786707413e-07
val-gsm8k,e21f6062be8c8538,answer32,real_base_to_step8,8,1.001,0.00688579607055187,0.006866899803436503,0.5066663056146067,0.005299354110431796,0.002101744157343529,0.001189183642928737,3.567413690456258e-05,1.1855714548287741e-05,0.0169735868088019
val-gsm8k,e21f6062be8c8538,answer32,real_base_to_step8,8,1.05,0.00688579607055187,0.006866899803436503,2.8956971114971858e-06,0.005299354110431796,2.631087698067286e-09,1.446007841002927e-09,2.631087966159383e-09,1.4460079232312188e-09,1.0000001018940181
val-gsm8k,e21f6062be8c8538,answer32,real_base_to_step8,8,2.0,0.00688579607055187,0.006866899803436503,0.0,0.005299354110431796,2.680937942649801e-16,1.5975811075844541e-16,0.0,0.0,
val-gsm8k,e21f6062be8c8538,answer32,real_base_to_step8,32,1.001,0.0013587127377357908,0.0013569661999419632,0.5066663056146067,0.005299354110431796,0.002101744157343529,0.001189183642928737,1.099486051722614e-05,3.2575878335605695e-06,0.0052313030008005095
val-gsm8k,e21f6062be8c8538,answer32,real_base_to_step8,32,1.05,0.0013587127377357908,0.0013569661999419632,2.8956971114971858e-06,0.005299354110431796,2.631087698067286e-09,1.446007841002927e-09,2.631087966159383e-09,1.4460079232312188e-09,1.0000001018940181
val-gsm8k,e21f6062be8c8538,answer32,real_base_to_step8,32,2.0,0.0013587127377357908,0.0013569661999419632,0.0,0.005299354110431796,2.680937942649801e-16,1.5975811075844541e-16,0.0,0.0,
val-gsm8k,e21f6062be8c8538,answer32,real_base_to_step8,128,1.001,0.000459227510404042,0.0004576871098953775,0.5066663056146067,0.005299354110431796,0.002101744157343529,0.001189183642928737,2.9667859388889773e-06,8.590240548069707e-07,0.0014115828173105552
val-gsm8k,e21f6062be8c8538,answer32,real_base_to_step8,128,1.05,0.000459227510404042,0.0004576871098953775,2.8956971114971858e-06,0.005299354110431796,2.631087698067286e-09,1.446007841002927e-09,1.5800339092527547e-10,8.288072942702261e-11,0.06005249883587681
val-gsm8k,e21f6062be8c8538,answer32,real_base_to_step8,128,2.0,0.000459227510404042,0.0004576871098953775,0.0,0.005299354110431796,2.680937942649801e-16,1.5975811075844541e-16,0.0,0.0,
val-gsm8k,e21f6062be8c8538,answer32,calibrated_0.016,8,1.001,0.00688579607055187,0.0070565405707436,0.45556282134279713,0.0160004055515723,0.008080590356916557,0.00411477172495472,0.00023931595397101962,7.122752804427333e-05,0.02961614726158935
val-gsm8k,e21f6062be8c8538,answer32,calibrated_0.016,8,1.05,0.00688579607055187,0.0070565405707436,0.0022588665990515267,0.0160004055515723,0.00011362341868631485,4.4367845097670246e-05,0.00011362341869049031,4.4367845099407525e-05,1.0000000000367484
val-gsm8k,e21f6062be8c8538,answer32,calibrated_0.016,8,2.0,0.00688579607055187,0.0070565405707436,0.0,0.0160004055515723,4.196129296377463e-15,2.3856150858340125e-15,0.0,0.0,
val-gsm8k,e21f6062be8c8538,answer32,calibrated_0.016,32,1.001,0.0013587127377357908,0.0013895108186920584,0.45556282134279713,0.0160004055515723,0.008080590356916557,0.00411477172495472,4.7240563126363406e-05,7.804039412209021e-06,0.005846177202378287
val-gsm8k,e21f6062be8c8538,answer32,calibrated_0.016,32,1.05,0.0013587127377357908,0.0013895108186920584,0.0022588665990515267,0.0160004055515723,0.00011362341868631485,4.4367845097670246e-05,1.9873394253968144e-05,5.986683500506189e-06,0.17490579392645714
val-gsm8k,e21f6062be8c8538,answer32,calibrated_0.016,32,2.0,0.0013587127377357908,0.0013895108186920584,0.0,0.0160004055515723,4.196129296377463e-15,2.3856150858340125e-15,0.0,0.0,
val-gsm8k,e21f6062be8c8538,answer32,calibrated_0.016,128,1.001,0.000459227510404042,0.00046920806062921615,0.45556282134279713,0.0160004055515723,0.008080590356916557,0.00411477172495472,1.61083228583299e-05,2.596756511910077e-06,0.001993458664136096
val-gsm8k,e21f6062be8c8538,answer32,calibrated_0.016,128,1.05,0.000459227510404042,0.00046920806062921615,0.0022588665990515267,0.0160004055515723,0.00011362341868631485,4.4367845097670246e-05,6.954534390893679e-06,2.019083346772011e-06,0.06120687505533843
val-gsm8k,e21f6062be8c8538,answer32,calibrated_0.016,128,2.0,0.000459227510404042,0.00046920806062921615,0.0,0.0160004055515723,4.196129296377463e-15,2.3856150858340125e-15,0.0,0.0,
val-gsm8k,e21f6062be8c8538,answer32,calibrated_0.05,8,1.001,0.00688579607055187,0.007463296887719014,0.4555722303918351,0.04999970056510749,0.025257124500845524,0.01292151356060815,0.0007512200370215585,0.00022456383944697626,0.029742896385390592
val-gsm8k,e21f6062be8c8538,answer32,calibrated_0.05,8,1.05,0.00688579607055187,0.007463296887719014,0.07807349816919405,0.04999970056510749,0.00641174318231097,0.003172249267482408,0.0007870746404700161,0.0002551174895973679,0.1227551725155549
val-gsm8k,e21f6062be8c8538,answer32,calibrated_0.05,8,2.0,0.00688579607055187,0.007463296887719014,0.0,0.04999970056510749,5.350152216667933e-15,3.0591312126817885e-15,0.0,0.0,
val-gsm8k,e21f6062be8c8538,answer32,calibrated_0.05,32,1.001,0.0013587127377357908,0.0014640428475528493,0.4555722303918351,0.04999970056510749,0.025257124500845524,0.01292151356060815,0.000146549233574592,2.3584475798910562e-05,0.005802292876597494
val-gsm8k,e21f6062be8c8538,answer32,calibrated_0.05,32,1.05,0.0013587127377357908,0.0014640428475528493,0.07807349816919405,0.04999970056510749,0.00641174318231097,0.003172249267482408,0.00015368386100887447,3.6848234485084964e-05,0.023969123004312618
val-gsm8k,e21f6062be8c8538,answer32,calibrated_0.05,32,2.0,0.0013587127377357908,0.0014640428475528493,0.0,0.04999970056510749,5.350152216667933e-15,3.0591312126817885e-15,0.0,0.0,
val-gsm8k,e21f6062be8c8538,answer32,calibrated_0.05,128,1.001,0.000459227510404042,0.0004935831689032746,0.4555722303918351,0.04999970056510749,0.025257124500845524,0.01292151356060815,4.997895576865214e-05,7.733716693387695e-06,0.0019788062479946605
val-gsm8k,e21f6062be8c8538,answer32,calibrated_0.05,128,1.05,0.000459227510404042,0.0004935831689032746,0.07807349816919405,0.04999970056510749,0.00641174318231097,0.003172249267482408,5.242123158798364e-05,1.2474536968424548e-05,0.008175815858097044
val-gsm8k,e21f6062be8c8538,answer32,calibrated_0.05,128,2.0,0.000459227510404042,0.0004935831689032746,0.0,0.04999970056510749,5.350152216667933e-15,3.0591312126817885e-15,0.0,0.0,
val-gsm8k,e21f6062be8c8538,answer64,real_base_to_step8,8,1.001,0.00018303790613843522,0.00017665848891377205,0.0003335364201417357,0.00031627052374452963,7.561762158686847e-06,4.070804918787712e-06,3.8117874666905188e-06,2.0130349027624984e-06,0.5040871937914089
val-gsm8k,e21f6062be8c8538,answer64,real_base_to_step8,8,1.05,0.00018303790613843522,0.00017665848891377205,8.120198335342932e-06,0.00031627052374452963,4.931204953017273e-07,3.002489193676163e-07,4.931206598416043e-07,3.0024905374773746e-07,1.0000003336707326
val-gsm8k,e21f6062be8c8538,answer64,real_base_to_step8,8,2.0,0.00018303790613843522,0.00017665848891377205,0.0,0.00031627052374452963,1.6454276266897817e-13,1.6409113534006907e-13,0.0,0.0,
val-gsm8k,e21f6062be8c8538,answer64,real_base_to_step8,32,1.001,1.5639754009634352e-05,1.5254884243525248e-05,0.0003335364201417357,0.00031627052374452963,7.561762158686847e-06,4.070804918787712e-06,3.3967150044549027e-07,1.805494825139938e-07,0.04491962234692616
val-gsm8k,e21f6062be8c8538,answer64,real_base_to_step8,32,1.05,1.5639754009634352e-05,1.5254884243525248e-05,8.120198335342932e-06,0.00031627052374452963,4.931204953017273e-07,3.002489193676163e-07,7.051197416145941e-09,4.332085417741465e-09,0.014299136789744463
val-gsm8k,e21f6062be8c8538,answer64,real_base_to_step8,32,2.0,1.5639754009634352e-05,1.5254884243525248e-05,0.0,0.00031627052374452963,1.6454276266897817e-13,1.6409113534006907e-13,0.0,0.0,
val-gsm8k,e21f6062be8c8538,answer64,real_base_to_step8,128,1.001,1.0604763619765527e-06,1.031357571909651e-06,0.0003335364201417357,0.00031627052374452963,7.561762158686847e-06,4.070804918787712e-06,1.2382553448993902e-08,6.437871474404388e-09,0.0016375222056897144
val-gsm8k,e21f6062be8c8538,answer64,real_base_to_step8,128,1.05,1.0604763619765527e-06,1.031357571909651e-06,8.120198335342932e-06,0.00031627052374452963,4.931204953017273e-07,3.002489193676163e-07,2.2499694800595727e-09,1.3787485179606408e-09,0.004562717432141765
val-gsm8k,e21f6062be8c8538,answer64,real_base_to_step8,128,2.0,1.0604763619765527e-06,1.031357571909651e-06,0.0,0.00031627052374452963,1.6454276266897817e-13,1.6409113534006907e-13,0.0,0.0,
val-gsm8k,e21f6062be8c8538,answer64,calibrated_0.016,8,1.001,0.00018303790613843522,0.00028482070182752093,0.0023865204697254157,0.016000051230513936,0.02296395536493101,0.015313897103135786,0.00017188105824480105,8.635585779895505e-05,0.0074848193838281925
val-gsm8k,e21f6062be8c8538,answer64,calibrated_0.016,8,1.05,0.00018303790613843522,0.00028482070182752093,0.0023847058058743408,0.016000051230513936,0.022733480875206886,0.015184119874317373,0.00018029401746656151,9.188521522431167e-05,0.007930770411107171
val-gsm8k,e21f6062be8c8538,answer64,calibrated_0.016,8,2.0,0.00018303790613843522,0.00028482070182752093,0.0019565158256497988,0.016000051230513936,0.018360307810083902,0.012721369974171165,0.0002284867063253447,0.00013297708254198063,0.012444601075797573
val-gsm8k,e21f6062be8c8538,answer64,calibrated_0.016,32,1.001,1.5639754009634352e-05,2.5762895584714873e-05,0.0023865204697254157,0.016000051230513936,0.02296395536493101,0.015313897103135786,1.8767542339022878e-05,9.718505789834898e-06,0.0008172608786587084
val-gsm8k,e21f6062be8c8538,answer64,calibrated_0.016,32,1.05,1.5639754009634352e-05,2.5762895584714873e-05,0.0023847058058743408,0.016000051230513936,0.022733480875206886,0.015184119874317373,1.968622437476711e-05,1.0356902437095424e-05,0.00086595732887685
val-gsm8k,e21f6062be8c8538,answer64,calibrated_0.016,32,2.0,1.5639754009634352e-05,2.5762895584714873e-05,0.0019565158256497988,0.016000051230513936,0.018360307810083902,0.012721369974171165,2.9093798725662677e-05,1.7751580650426276e-05,0.00158460299394783
val-gsm8k,e21f6062be8c8538,answer64,calibrated_0.016,128,1.001,1.0604763619765527e-06,1.1039204536075427e-06,0.0023865204697254157,0.016000051230513936,0.02296395536493101,0.015313897103135786,1.149663612944141e-06,5.739149558255242e-07,5.0063832413636764e-05
val-gsm8k,e21f6062be8c8538,answer64,calibrated_0.016,128,1.05,1.0604763619765527e-06,1.1039204536075427e-06,0.0023847058058743408,0.016000051230513936,0.022733480875206886,0.015184119874317373,1.191532144127921e-06,6.051457370622019e-07,5.241309725812402e-05
val-gsm8k,e21f6062be8c8538,answer64,calibrated_0.016,128,2.0,1.0604763619765527e-06,1.1039204536075427e-06,0.0019565158256497988,0.016000051230513936,0.018360307810083902,0.012721369974171165,8.705726024111961e-07,4.471126169611856e-07,4.741601346863355e-05
val-gsm8k,e21f6062be8c8538,answer64,calibrated_0.05,8,1.001,0.00018303790613843522,0.0006676609892959297,0.0023864245210977915,0.05000005736504346,0.080546273853859,0.054903610622225416,0.00024126514346001045,0.00010942132257780584,0.002995360702814825
val-gsm8k,e21f6062be8c8538,answer64,calibrated_0.05,8,1.05,0.00018303790613843522,0.0006676609892959297,0.0023847059223852055,0.05000005736504346,0.0803231579524039,0.054780174141064335,0.00025307427587595587,0.00011547780244385085,0.003150701271306053
val-gsm8k,e21f6062be8c8538,answer64,calibrated_0.05,8,2.0,0.00018303790613843522,0.0006676609892959297,0.002356721840959095,0.05000005736504346,0.07600933037818478,0.05239882259266814,0.0004820199462949699,0.0002382623456592229,0.00634158916933852
val-gsm8k,e21f6062be8c8538,answer64,calibrated_0.05,32,1.001,1.5639754009634352e-05,9.999341810215633e-05,0.0023864245210977915,0.05000005736504346,0.080546273853859,0.054903610622225416,2.5104617475402256e-05,1.4147681085658993e-05,0.00031167943933634224
val-gsm8k,e21f6062be8c8538,answer64,calibrated_0.05,32,1.05,1.5639754009634352e-05,9.999341810215633e-05,0.0023847059223852055,0.05000005736504346,0.0803231579524039,0.054780174141064335,2.633348655978913e-05,1.4925870204654292e-05,0.00032784426348616966
val-gsm8k,e21f6062be8c8538,answer64,calibrated_0.05,32,2.0,1.5639754009634352e-05,9.999341810215633e-05,0.002356721840959095,0.05000005736504346,0.07600933037818478,0.05239882259266814,5.015838437534903e-05,3.0507358222350056e-05,0.0006598977273682817
val-gsm8k,e21f6062be8c8538,answer64,calibrated_0.05,128,1.001,1.0604763619765527e-06,2.4772761478267897e-06,0.0023864245210977915,0.05000005736504346,0.080546273853859,0.054903610622225416,1.5681490253099634e-06,6.699252979915218e-07,1.9468920786517956e-05
val-gsm8k,e21f6062be8c8538,answer64,calibrated_0.05,128,1.05,1.0604763619765527e-06,2.4772761478267897e-06,0.0023847059223852055,0.05000005736504346,0.0803231579524039,0.054780174141064335,1.6449115267337476e-06,7.105209561497471e-07,2.0478671016750268e-05
val-gsm8k,e21f6062be8c8538,answer64,calibrated_0.05,128,2.0,1.0604763619765527e-06,2.4772761478267897e-06,0.002356721840959095,0.05000005736504346,0.07600933037818478,0.05239882259266814,3.133163957786041e-06,1.5302036099977974e-06,4.122078095145647e-05
val-gsm8k,e21f6062be8c8538,answer128,real_base_to_step8,8,1.001,3.55606292138182e-05,3.7486535287386024e-05,0.00015506393313461804,9.442085822894275e-05,9.950816006821582e-06,5.269352219299658e-06,5.077922450766312e-07,1.65489771333841e-07,0.05103021146492152
val-gsm8k,e21f6062be8c8538,answer128,real_base_to_step8,8,1.05,3.55606292138182e-05,3.7486535287386024e-05,2.1154928129599893e-05,9.442085822894275e-05,7.061316751572477e-07,3.996666294273866e-07,5.326405375704658e-07,2.617548958663833e-07,0.7543076685405065
val-gsm8k,e21f6062be8c8538,answer128,real_base_to_step8,8,2.0,3.55606292138182e-05,3.7486535287386024e-05,0.0,9.442085822894275e-05,2.068548510144012e-14,2.06501719264711e-14,0.0,0.0,
val-gsm8k,e21f6062be8c8538,answer128,real_base_to_step8,32,1.001,5.494353102468343e-06,5.744674984427112e-06,0.00015506393313461804,9.442085822894275e-05,9.950816006821582e-06,5.269352219299658e-06,7.09341143586735e-08,1.0245855354383887e-08,0.007128472108221683
val-gsm8k,e21f6062be8c8538,answer128,real_base_to_step8,32,1.05,5.494353102468343e-06,5.744674984427112e-06,2.1154928129599893e-05,9.442085822894275e-05,7.061316751572477e-07,3.996666294273866e-07,5.3694185735676855e-08,2.7570277653153975e-08,0.07603990533878792
val-gsm8k,e21f6062be8c8538,answer128,real_base_to_step8,32,2.0,5.494353102468343e-06,5.744674984427112e-06,0.0,9.442085822894275e-05,2.068548510144012e-14,2.06501719264711e-14,0.0,0.0,
val-gsm8k,e21f6062be8c8538,answer128,real_base_to_step8,128,1.001,7.080445927888663e-07,7.406675724130926e-07,0.00015506393313461804,9.442085822894275e-05,9.950816006821582e-06,5.269352219299658e-06,1.1487923546106858e-08,8.944425976523631e-10,0.0011544705015379183
val-gsm8k,e21f6062be8c8538,answer128,real_base_to_step8,128,1.05,7.080445927888663e-07,7.406675724130926e-07,2.1154928129599893e-05,9.442085822894275e-05,7.061316751572477e-07,3.996666294273866e-07,9.217741409221733e-09,4.622304651553181e-09,0.013053856289861299
val-gsm8k,e21f6062be8c8538,answer128,real_base_to_step8,128,2.0,7.080445927888663e-07,7.406675724130926e-07,0.0,9.442085822894275e-05,2.068548510144012e-14,2.06501719264711e-14,0.0,0.0,
val-gsm8k,e21f6062be8c8538,answer128,calibrated_0.016,8,1.001,3.55606292138182e-05,0.00013227739631935042,0.0015603133624461233,0.015999991337790512,0.02440287986367912,0.017173817990087582,5.770474674219199e-05,3.112957387200843e-05,0.0023646695416502405
val-gsm8k,e21f6062be8c8538,answer128,calibrated_0.016,8,1.05,3.55606292138182e-05,0.00013227739631935042,0.001560290357895415,0.015999991337790512,0.02425211533247462,0.0170674224542545,6.052934807535511e-05,3.292041826431671e-05,0.0024958378782861767
val-gsm8k,e21f6062be8c8538,answer128,calibrated_0.016,8,2.0,3.55606292138182e-05,0.00013227739631935042,0.001557650236409803,0.015999991337790512,0.02133317609117523,0.015006150926787665,0.00011529152104695164,6.960350515031759e-05,0.00540432988291151
val-gsm8k,e21f6062be8c8538,answer128,calibrated_0.016,32,1.001,5.494353102468343e-06,1.9890788468895098e-05,0.0015603133624461233,0.015999991337790512,0.02440287986367912,0.017173817990087582,8.384966080422438e-06,3.870184635338418e-06,0.0003436055960305937
val-gsm8k,e21f6062be8c8538,answer128,calibrated_0.016,32,1.05,5.494353102468343e-06,1.9890788468895098e-05,0.001560290357895415,0.015999991337790512,0.02425211533247462,0.0170674224542545,8.7954174446357e-06,4.093034340912098e-06,0.0003626659911541102
val-gsm8k,e21f6062be8c8538,answer128,calibrated_0.016,32,2.0,5.494353102468343e-06,1.9890788468895098e-05,0.001557650236409803,0.015999991337790512,0.02133317609117523,0.015006150926787665,1.675313524278163e-05,8.72648443263079e-06,0.0007853090028030004
val-gsm8k,e21f6062be8c8538,answer128,calibrated_0.016,128,1.001,7.080445927888663e-07,1.636321197979166e-06,0.0015603133624461233,0.015999991337790512,0.02440287986367912,0.017173817990087582,9.508316960632787e-07,3.882111792248699e-07,3.89639133321507e-05
val-gsm8k,e21f6062be8c8538,answer128,calibrated_0.016,128,1.05,7.080445927888663e-07,1.636321197979166e-06,0.001560290357895415,0.015999991337790512,0.02425211533247462,0.0170674224542545,9.973758904020344e-07,4.12147886539046e-07,4.1125315327298706e-05
val-gsm8k,e21f6062be8c8538,answer128,calibrated_0.016,128,2.0,7.080445927888663e-07,1.636321197979166e-06,0.001557650236409803,0.015999991337790512,0.02133317609117523,0.015006150926787665,1.8997632184040156e-06,9.187448118798979e-07,8.905205724101624e-05
val-gsm8k,e21f6062be8c8538,answer128,calibrated_0.05,8,1.001,3.55606292138182e-05,0.0018609679581829803,0.0015603130154618675,0.04999977358660673,0.08321587332361523,0.05762409048910639,6.820301214476544e-05,3.680142017965628e-05,0.0008195913762694432
val-gsm8k,e21f6062be8c8538,answer128,calibrated_0.05,8,1.05,3.55606292138182e-05,0.0018609679581829803,0.0015602906031435485,0.04999977358660673,0.0830699679985109,0.05752103181666588,7.154045256061231e-05,3.877122074313296e-05,0.0008612071761228407
val-gsm8k,e21f6062be8c8538,answer128,calibrated_0.05,8,2.0,3.55606292138182e-05,0.0018609679581829803,0.0015577517309736425,0.04999977358660673,0.0802431305813683,0.055524295504804,0.0001362388051222635,7.835081185617821e-05,0.0016978251488345703
val-gsm8k,e21f6062be8c8538,answer128,calibrated_0.05,32,1.001,5.494353102468343e-06,0.00026358977581521215,0.0015603130154618675,0.04999977358660673,0.08321587332361523,0.05762409048910639,1.0322479748139446e-05,4.785313364171641e-06,0.0001240446003372064
val-gsm8k,e21f6062be8c8538,answer128,calibrated_0.05,32,1.05,5.494353102468343e-06,0.00026358977581521215,0.0015602906031435485,0.04999977358660673,0.0830699679985109,0.05752103181666588,1.082776188762214e-05,5.037374308913694e-06,0.0001303450831691212
val-gsm8k,e21f6062be8c8538,answer128,calibrated_0.05,32,2.0,5.494353102468343e-06,0.00026358977581521215,0.0015577517309736425,0.04999977358660673,0.0802431305813683,0.055524295504804,2.0623935371691166e-05,1.0080559721443871e-05,0.00025701808020535844
val-gsm8k,e21f6062be8c8538,answer128,calibrated_0.05,128,1.001,7.080445927888663e-07,8.88654782360363e-06,0.0015603130154618675,0.04999977358660673,0.08321587332361523,0.05762409048910639,1.172795135532398e-06,4.290365471938854e-07,1.4093406566455861e-05
val-gsm8k,e21f6062be8c8538,answer128,calibrated_0.05,128,1.05,7.080445927888663e-07,8.88654782360363e-06,0.0015602906031435485,0.04999977358660673,0.0830699679985109,0.05752103181666588,1.2302046316964502e-06,4.5305530182758063e-07,1.480925852431414e-05
val-gsm8k,e21f6062be8c8538,answer128,calibrated_0.05,128,2.0,7.080445927888663e-07,8.88654782360363e-06,0.0015577517309736425,0.04999977358660673,0.0802431305813683,0.055524295504804,2.343245412361171e-06,9.452910223945825e-07,2.9201819462727324e-05
val-gsm8k,e21f6062be8c8538,answer256,real_base_to_step8,8,1.001,0.0016312364732345716,0.0015963753255607215,0.20825814184252378,0.02302253007911334,0.017771474182520456,0.010247086382518531,5.383808666414551e-05,2.7012648347899953e-05,0.0030294665547273055
val-gsm8k,e21f6062be8c8538,answer256,real_base_to_step8,8,1.05,0.0016312364732345716,0.0015963753255607215,0.08035045717662553,0.02302253007911334,0.00368414512141866,0.0023037107047218955,2.0382563851301945e-05,1.0395760232076946e-05,0.005532508405492235
val-gsm8k,e21f6062be8c8538,answer256,real_base_to_step8,8,2.0,0.0016312364732345716,0.0015963753255607215,0.0,0.02302253007911334,2.0440446323379995e-14,1.4951141725817453e-14,0.0,0.0,
val-gsm8k,e21f6062be8c8538,answer256,real_base_to_step8,32,1.001,6.502995034254857e-05,6.40669737230232e-05,0.20825814184252378,0.02302253007911334,0.017771474182520456,0.010247086382518531,1.749276896069799e-06,7.34073134150896e-07,9.843172705336628e-05
val-gsm8k,e21f6062be8c8538,answer256,real_base_to_step8,32,1.05,6.502995034254857e-05,6.40669737230232e-05,0.08035045717662553,0.02302253007911334,0.00368414512141866,0.0023037107047218955,4.0915875343553785e-07,1.9761144720981945e-07,0.00011105934754220062
val-gsm8k,e21f6062be8c8538,answer256,real_base_to_step8,32,2.0,6.502995034254857e-05,6.40669737230232e-05,0.0,0.02302253007911334,2.0440446323379995e-14,1.4951141725817453e-14,0.0,0.0,
val-gsm8k,e21f6062be8c8538,answer256,real_base_to_step8,128,1.001,5.005820601127256e-06,5.013392015009274e-06,0.20825814184252378,0.02302253007911334,0.017771474182520456,0.010247086382518531,1.5286091593312926e-07,5.584025472036738e-08,8.601476408945249e-06
val-gsm8k,e21f6062be8c8538,answer256,real_base_to_step8,128,1.05,5.005820601127256e-06,5.013392015009274e-06,0.08035045717662553,0.02302253007911334,0.00368414512141866,0.0023037107047218955,3.134019153382438e-08,1.2848255619313983e-08,8.5067744350299e-06
val-gsm8k,e21f6062be8c8538,answer256,real_base_to_step8,128,2.0,5.005820601127256e-06,5.013392015009274e-06,0.0,0.02302253007911334,2.0440446323379995e-14,1.4951141725817453e-14,0.0,0.0,
val-gsm8k,e21f6062be8c8538,answer256,calibrated_0.016,8,1.001,0.0016312364732345716,0.001585225543542063,0.7236363238684749,0.016000124894703413,0.0038741075131117466,0.002160520011481119,8.365054105842962e-06,3.691922444882312e-06,0.0021592209502528784
val-gsm8k,e21f6062be8c8538,answer256,calibrated_0.016,8,1.05,0.0016312364732345716,0.001585225543542063,2.3566888163719346e-05,0.016000124894703413,1.970553865274556e-06,1.145600496620504e-06,1.9705538710856353e-06,1.1456004993814385e-06,1.0000000029489573
val-gsm8k,e21f6062be8c8538,answer256,calibrated_0.016,8,2.0,0.0016312364732345716,0.001585225543542063,0.0,0.016000124894703413,5.811374054755892e-15,4.3186185147584234e-15,0.0,0.0,
val-gsm8k,e21f6062be8c8538,answer256,calibrated_0.016,32,1.001,6.502995034254857e-05,6.417129471544621e-05,0.7236363238684749,0.016000124894703413,0.0038741075131117466,0.002160520011481119,1.3491240983386358e-06,6.084265747639967e-07,0.00034824126428411825
val-gsm8k,e21f6062be8c8538,answer256,calibrated_0.016,32,1.05,6.502995034254857e-05,6.417129471544621e-05,2.3566888163719346e-05,0.016000124894703413,1.970553865274556e-06,1.145600496620504e-06,2.2228996845646092e-07,1.3666244241871184e-07,0.11280583209304426
val-gsm8k,e21f6062be8c8538,answer256,calibrated_0.016,32,2.0,6.502995034254857e-05,6.417129471544621e-05,0.0,0.016000124894703413,5.811374054755892e-15,4.3186185147584234e-15,0.0,0.0,
val-gsm8k,e21f6062be8c8538,answer256,calibrated_0.016,128,1.001,5.005820601127256e-06,4.8895898885838195e-06,0.7236363238684749,0.016000124894703413,0.0038741075131117466,0.002160520011481119,5.677093726345416e-08,2.139020390925656e-08,1.465393953867192e-05
val-gsm8k,e21f6062be8c8538,answer256,calibrated_0.016,128,1.05,5.005820601127256e-06,4.8895898885838195e-06,2.3566888163719346e-05,0.016000124894703413,1.970553865274556e-06,1.145600496620504e-06,3.5689244069308743e-09,1.3997542722351936e-09,0.0018111275564820038
val-gsm8k,e21f6062be8c8538,answer256,calibrated_0.016,128,2.0,5.005820601127256e-06,4.8895898885838195e-06,0.0,0.016000124894703413,5.811374054755892e-15,4.3186185147584234e-15,0.0,0.0,
val-gsm8k,e21f6062be8c8538,answer256,calibrated_0.05,8,1.001,0.0016312364732345716,0.0014921121202732797,0.7236363261897575,0.04999956622596827,0.011926993230034452,0.006620539335596283,2.847031051621994e-05,1.280901513257371e-05,0.0023870484343469106
val-gsm8k,e21f6062be8c8538,answer256,calibrated_0.05,8,1.05,0.0016312364732345716,0.0014921121202732797,0.005151963242321709,0.04999956622596827,0.0004447288586095276,0.0002269287499955828,1.7951134365563514e-05,8.837446109512345e-06,0.040364221970413276
val-gsm8k,e21f6062be8c8538,answer256,calibrated_0.05,8,2.0,0.0016312364732345716,0.0014921121202732797,0.0,0.04999956622596827,2.8424154966405e-14,2.150786722776931e-14,0.0,0.0,
val-gsm8k,e21f6062be8c8538,answer256,calibrated_0.05,32,1.001,6.502995034254857e-05,6.262889797557313e-05,0.7236363261897575,0.04999956622596827,0.011926993230034452,0.006620539335596283,4.537967003767291e-06,2.082663580827064e-06,0.00038047871045485473
val-gsm8k,e21f6062be8c8538,answer256,calibrated_0.05,32,1.05,6.502995034254857e-05,6.262889797557313e-05,0.005151963242321709,0.04999956622596827,0.0004447288586095276,0.0002269287499955828,2.497684888026159e-06,1.313296710875158e-06,0.00561619701459295
val-gsm8k,e21f6062be8c8538,answer256,calibrated_0.05,32,2.0,6.502995034254857e-05,6.262889797557313e-05,0.0,0.04999956622596827,2.8424154966405e-14,2.150786722776931e-14,0.0,0.0,
val-gsm8k,e21f6062be8c8538,answer256,calibrated_0.05,128,1.001,5.005820601127256e-06,4.663265197626643e-06,0.7236363261897575,0.04999956622596827,0.011926993230034452,0.006620539335596283,1.8945577339059998e-07,7.265442813194637e-08,1.5884621525022257e-05
val-gsm8k,e21f6062be8c8538,answer256,calibrated_0.05,128,1.05,5.005820601127256e-06,4.663265197626643e-06,0.005151963242321709,0.04999956622596827,0.0004447288586095276,0.0002269287499955828,9.873014286326456e-08,3.817506686835659e-08,0.0002220007560830446
val-gsm8k,e21f6062be8c8538,answer256,calibrated_0.05,128,2.0,5.005820601127256e-06,4.663265197626643e-06,0.0,0.04999956622596827,2.8424154966405e-14,2.150786722776931e-14,0.0,0.0,
val-gsm8k,52bb4e1ef15551fc,prompt,real_base_to_step8,8,1.001,0.00023411075446068137,0.00023283716738195534,9.012122398372545e-05,1.8912449603863797e-05,3.550459967105505e-06,1.7981471735312967e-06,3.5504599637738636e-06,1.7981471702443434e-06,0.9999999990616311
val-gsm8k,52bb4e1ef15551fc,prompt,real_base_to_step8,8,1.05,0.00023411075446068137,0.00023283716738195534,5.100294840234866e-06,1.8912449603863797e-05,2.570810935064612e-07,1.6729777781340633e-07,2.5708109017424225e-07,1.6729777525555233e-07,0.9999999870382575
val-gsm8k,52bb4e1ef15551fc,prompt,real_base_to_step8,8,2.0,0.00023411075446068137,0.00023283716738195534,0.0,1.8912449603863797e-05,3.332255268455987e-15,3.3306691045031836e-15,0.0,0.0,
val-gsm8k,52bb4e1ef15551fc,prompt,real_base_to_step8,32,1.001,0.00018477030893182083,0.00018359943481745464,9.012122398372545e-05,1.8912449603863797e-05,3.550459967105505e-06,1.7981471735312967e-06,2.474024868492052e-06,1.2385912627908592e-06,0.6968181281900183
val-gsm8k,52bb4e1ef15551fc,prompt,real_base_to_step8,32,1.05,0.00018477030893182083,0.00018359943481745464,5.100294840234866e-06,1.8912449603863797e-05,2.570810935064612e-07,1.6729777781340633e-07,4.2916678274000464e-08,2.1789990235161997e-08,0.16693829051618628
val-gsm8k,52bb4e1ef15551fc,prompt,real_base_to_step8,32,2.0,0.00018477030893182083,0.00018359943481745464,0.0,1.8912449603863797e-05,3.332255268455987e-15,3.3306691045031836e-15,0.0,0.0,
val-gsm8k,52bb4e1ef15551fc,prompt,real_base_to_step8,128,1.001,0.00014063804601860446,0.00013987801638523225,9.012122398372545e-05,1.8912449603863797e-05,3.550459967105505e-06,1.7981471735312967e-06,1.9057028267261848e-06,9.532849130793573e-07,0.5367481521780963
val-gsm8k,52bb4e1ef15551fc,prompt,real_base_to_step8,128,1.05,0.00014063804601860446,0.00013987801638523225,5.100294840234866e-06,1.8912449603863797e-05,2.570810935064612e-07,1.6729777781340633e-07,4.2916678274000464e-08,2.1789990235161997e-08,0.16693829051618628
val-gsm8k,52bb4e1ef15551fc,prompt,real_base_to_step8,128,2.0,0.00014063804601860446,0.00013987801638523225,0.0,1.8912449603863797e-05,3.332255268455987e-15,3.3306691045031836e-15,0.0,0.0,
val-gsm8k,52bb4e1ef15551fc,prompt,calibrated_0.016,8,1.001,0.00023411075446068137,0.00974885864183364,0.0001676752984277969,0.015999975429657136,0.028371447389644196,0.014990657327513025,0.0004164953976684924,0.0001517014194836542,0.014680089878689675
val-gsm8k,52bb4e1ef15551fc,prompt,calibrated_0.016,8,1.05,0.00023411075446068137,0.00974885864183364,0.00014038413624595697,0.015999975429657136,0.028357616909710004,0.014983399248960333,0.0004368634933473181,0.0001601093744615523,0.015405507971219208
val-gsm8k,52bb4e1ef15551fc,prompt,calibrated_0.016,8,2.0,0.00023411075446068137,0.00974885864183364,0.0001301752828024723,0.015999975429657136,0.028106084998720145,0.014857759730081105,0.0008316491010873988,0.0003285195598278178,0.02958964584093691
val-gsm8k,52bb4e1ef15551fc,prompt,calibrated_0.016,32,1.001,0.00018477030893182083,0.009525194747614204,0.0001676752984277969,0.015999975429657136,0.028371447389644196,0.014990657327513025,0.00032949413608012747,0.00011645573207278558,0.011613582188986081
val-gsm8k,52bb4e1ef15551fc,prompt,calibrated_0.016,32,1.05,0.00018477030893182083,0.009525194747614204,0.00014038413624595697,0.015999975429657136,0.028357616909710004,0.014983399248960333,0.00034560693276925944,0.000122975486637024,0.012187446281881299
val-gsm8k,52bb4e1ef15551fc,prompt,calibrated_0.016,32,2.0,0.00018477030893182083,0.009525194747614204,0.0001301752828024723,0.015999975429657136,0.028106084998720145,0.014857759730081105,0.0006578939244520931,0.00025474809010769784,0.023407526323287336
val-gsm8k,52bb4e1ef15551fc,prompt,calibrated_0.016,128,1.001,0.00014063804601860446,0.00801767134869096,0.0001676752984277969,0.015999975429657136,0.028371447389644196,0.014990657327513025,0.0002525583861466944,8.897370105658564e-05,0.008901850606285254
val-gsm8k,52bb4e1ef15551fc,prompt,calibrated_0.016,128,1.05,0.00014063804601860446,0.00801767134869096,0.00014038413624595697,0.015999975429657136,0.028357616909710004,0.014983399248960333,0.00026491107065785993,9.393495710283058e-05,0.009341795945030594
val-gsm8k,52bb4e1ef15551fc,prompt,calibrated_0.016,128,2.0,0.00014063804601860446,0.00801767134869096,0.0001301752828024723,0.015999975429657136,0.028106084998720145,0.014857759730081105,0.00050432296592581,0.00019489725343560616,0.01794355086981254
val-gsm8k,52bb4e1ef15551fc,prompt,calibrated_0.05,8,1.001,0.00023411075446068137,0.03701906836319466,0.00014052714038832037,0.05000058413168388,0.08972981368791574,0.046970056448215745,0.00042420793408813145,0.00015630306525690006,0.004727614119021192
val-gsm8k,52bb4e1ef15551fc,prompt,calibrated_0.05,8,1.05,0.00023411075446068137,0.03701906836319466,0.00014004680020627023,0.05000058413168388,0.08971678375503256,0.04696360323182629,0.0004449093100488018,0.00016471834417274125,0.004959042125981752
val-gsm8k,52bb4e1ef15551fc,prompt,calibrated_0.05,8,2.0,0.00023411075446068137,0.03701906836319466,0.00013095471980293727,0.05000058413168388,0.08947371203703372,0.04684314930291896,0.0008458968499275032,0.0003323782107712653,0.009454138323638358
val-gsm8k,52bb4e1ef15551fc,prompt,calibrated_0.05,32,1.001,0.00018477030893182083,0.03663953348079249,0.00014052714038832037,0.05000058413168388,0.08972981368791574,0.046970056448215745,0.00033552586099075844,0.00012034684795847483,0.0037392907351589096
val-gsm8k,52bb4e1ef15551fc,prompt,calibrated_0.05,32,1.05,0.00018477030893182083,0.03663953348079249,0.00014004680020627023,0.05000058413168388,0.08971678375503256,0.04696360323182629,0.0003518965381557272,0.00012687897597442145,0.003922304427637131
val-gsm8k,52bb4e1ef15551fc,prompt,calibrated_0.05,32,2.0,0.00018477030893182083,0.03663953348079249,0.00013095471980293727,0.05000058413168388,0.08947371203703372,0.04684314930291896,0.0006689246153844012,0.0002579991336253402,0.007476213964471812
val-gsm8k,52bb4e1ef15551fc,prompt,calibrated_0.05,128,1.001,0.00014063804601860446,0.03268833063490338,0.00014052714038832037,0.05000058413168388,0.08972981368791574,0.046970056448215745,0.00025816359347826317,9.245833863523569e-05,0.002877121693088181
val-gsm8k,52bb4e1ef15551fc,prompt,calibrated_0.05,128,1.05,0.00014063804601860446,0.03268833063490338,0.00014004680020627023,0.05000058413168388,0.08971678375503256,0.04696360323182629,0.00027076444470835006,9.746036555907783e-05,0.003017990986476506
val-gsm8k,52bb4e1ef15551fc,prompt,calibrated_0.05,128,2.0,0.00014063804601860446,0.03268833063490338,0.00013095471980293727,0.05000058413168388,0.08947371203703372,0.04684314930291896,0.0005147742793357631,0.00019839005541729229,0.005753357803269578
val-gsm8k,52bb4e1ef15551fc,answer16,real_base_to_step8,8,1.001,0.00404718517512915,0.003969391817723613,0.015697925958886656,0.0018228698614530068,0.0004649911696469761,0.00023992625749570245,5.577562752463766e-05,2.7069887858493304e-05,0.11994986392318553
val-gsm8k,52bb4e1ef15551fc,answer16,real_base_to_step8,8,1.05,0.00404718517512915,0.003969391817723613,1.3285397249765627e-07,0.0018228698614530068,1.3426384228655433e-09,8.822287811106648e-10,1.3426853248480622e-09,8.822592677966833e-10,1.0000349326979774
val-gsm8k,52bb4e1ef15551fc,answer16,real_base_to_step8,8,2.0,0.00404718517512915,0.003969391817723613,0.0,0.0018228698614530068,4.690199563661538e-14,4.3351523538392655e-14,0.0,0.0,
val-gsm8k,52bb4e1ef15551fc,answer16,real_base_to_step8,32,1.001,0.00039589004678055754,0.0003972108605059478,0.015697925958886656,0.0018228698614530068,0.0004649911696469761,0.00023992625749570245,5.070936849531502e-06,2.03711013137931e-06,0.01090544763114832
val-gsm8k,52bb4e1ef15551fc,answer16,real_base_to_step8,32,1.05,0.00039589004678055754,0.0003972108605059478,1.3285397249765627e-07,0.0018228698614530068,1.3426384228655433e-09,8.822287811106648e-10,1.3426853248480622e-09,8.822592677966833e-10,1.0000349326979774
val-gsm8k,52bb4e1ef15551fc,answer16,real_base_to_step8,32,2.0,0.00039589004678055754,0.0003972108605059478,0.0,0.0018228698614530068,4.690199563661538e-14,4.3351523538392655e-14,0.0,0.0,
val-gsm8k,52bb4e1ef15551fc,answer16,real_base_to_step8,128,1.001,6.066248439108786e-05,6.09199292582962e-05,0.015697925958886656,0.0018228698614530068,0.0004649911696469761,0.00023992625749570245,7.021727327796944e-07,2.463780320321677e-07,0.0015100775640810294
val-gsm8k,52bb4e1ef15551fc,answer16,real_base_to_step8,128,1.05,6.066248439108786e-05,6.09199292582962e-05,1.3285397249765627e-07,0.0018228698614530068,1.3426384228655433e-09,8.822287811106648e-10,1.3426853248480622e-09,8.822592677966833e-10,1.0000349326979774
val-gsm8k,52bb4e1ef15551fc,answer16,real_base_to_step8,128,2.0,6.066248439108786e-05,6.09199292582962e-05,0.0,0.0018228698614530068,4.690199563661538e-14,4.3351523538392655e-14,0.0,0.0,
val-gsm8k,52bb4e1ef15551fc,answer16,calibrated_0.016,8,1.001,0.00404718517512915,0.003070726095551386,0.060276910986340936,0.01599989713294125,0.014869231186363322,0.00904923466258102,0.00012652899908780282,7.608598152625971e-05,0.008509451329524251
val-gsm8k,52bb4e1ef15551fc,answer16,calibrated_0.016,8,1.05,0.00404718517512915,0.003070726095551386,0.060230221413740334,0.01599989713294125,0.00936962738775197,0.005963373348276605,8.769987376243128e-05,5.509045039733574e-05,0.009360017227267016
val-gsm8k,52bb4e1ef15551fc,answer16,calibrated_0.016,8,2.0,0.00404718517512915,0.003070726095551386,0.0,0.01599989713294125,6.305773466237285e-14,5.793264479030469e-14,0.0,0.0,
val-gsm8k,52bb4e1ef15551fc,answer16,calibrated_0.016,32,1.001,0.00039589004678055754,0.0003124928749517592,0.060276910986340936,0.01599989713294125,0.014869231186363322,0.00904923466258102,3.3443625445227567e-06,1.6070280586383375e-06,0.00022491832312015536
val-gsm8k,52bb4e1ef15551fc,answer16,calibrated_0.016,32,1.05,0.00039589004678055754,0.0003124928749517592,0.060230221413740334,0.01599989713294125,0.00936962738775197,0.005963373348276605,1.7389324521286749e-06,8.52389722674582e-07,0.00018559248731724563
val-gsm8k,52bb4e1ef15551fc,answer16,calibrated_0.016,32,2.0,0.00039589004678055754,0.0003124928749517592,0.0,0.01599989713294125,6.305773466237285e-14,5.793264479030469e-14,0.0,0.0,
val-gsm8k,52bb4e1ef15551fc,answer16,calibrated_0.016,128,1.001,6.066248439108786e-05,4.975032663041928e-05,0.060276910986340936,0.01599989713294125,0.014869231186363322,0.00904923466258102,1.4585517668408113e-06,6.89400013923356e-07,9.809194225041436e-05
val-gsm8k,52bb4e1ef15551fc,answer16,calibrated_0.016,128,1.05,6.066248439108786e-05,4.975032663041928e-05,0.060230221413740334,0.01599989713294125,0.00936962738775197,0.005963373348276605,8.327041331713492e-07,3.9687432336215634e-07,8.887270525398532e-05
val-gsm8k,52bb4e1ef15551fc,answer16,calibrated_0.016,128,2.0,6.066248439108786e-05,4.975032663041928e-05,0.0,0.01599989713294125,6.305773466237285e-14,5.793264479030469e-14,0.0,0.0,
val-gsm8k,52bb4e1ef15551fc,answer16,calibrated_0.05,8,1.001,0.00404718517512915,0.0020904936070479333,0.06027688936465773,0.049999844819885106,0.04730207390172316,0.029055781147049323,0.0004135598374324137,0.00024903132308354156,0.008742953602661134
val-gsm8k,52bb4e1ef15551fc,answer16,calibrated_0.05,8,1.05,0.00404718517512915,0.0020904936070479333,0.06023113822479602,0.049999844819885106,0.041908158511631134,0.02600435221143564,0.00037407330378861866,0.00022797918799378187,0.008926025792443226
val-gsm8k,52bb4e1ef15551fc,answer16,calibrated_0.05,8,2.0,0.00404718517512915,0.0020904936070479333,1.419772524983575e-07,0.049999844819885106,6.527377733212612e-08,3.358774769664455e-08,6.527385505953395e-08,3.358780953253487e-08,1.0000011907907125
val-gsm8k,52bb4e1ef15551fc,answer16,calibrated_0.05,32,1.001,0.00039589004678055754,0.00022085523622773198,0.06027688936465773,0.049999844819885106,0.04730207390172316,0.029055781147049323,1.0309175463156485e-05,4.8955515145642775e-06,0.0002179434137407014
val-gsm8k,52bb4e1ef15551fc,answer16,calibrated_0.05,32,1.05,0.00039589004678055754,0.00022085523622773198,0.06023113822479602,0.049999844819885106,0.041908158511631134,0.02600435221143564,8.623343468881722e-06,4.113608427230703e-06,0.00020576765420242483
val-gsm8k,52bb4e1ef15551fc,answer16,calibrated_0.05,32,2.0,0.00039589004678055754,0.00022085523622773198,1.419772524983575e-07,0.049999844819885106,6.527377733212612e-08,3.358774769664455e-08,6.527385505953395e-08,3.358780953253487e-08,1.0000011907907125
val-gsm8k,52bb4e1ef15551fc,answer16,calibrated_0.05,128,1.001,6.066248439108786e-05,3.7670342953964595e-05,0.06027688936465773,0.049999844819885106,0.04730207390172316,0.029055781147049323,4.5398977101017455e-06,2.1163453663780003e-06,9.59767159371074e-05
val-gsm8k,52bb4e1ef15551fc,answer16,calibrated_0.05,128,1.05,6.066248439108786e-05,3.7670342953964595e-05,0.06023113822479602,0.049999844819885106,0.041908158511631134,0.02600435221143564,3.832267240720939e-06,1.7918607916580977e-06,9.144441981761944e-05
val-gsm8k,52bb4e1ef15551fc,answer16,calibrated_0.05,128,2.0,6.066248439108786e-05,3.7670342953964595e-05,1.419772524983575e-07,0.049999844819885106,6.527377733212612e-08,3.358774769664455e-08,6.527385505953395e-08,3.358780953253487e-08,1.0000011907907125
val-gsm8k,52bb4e1ef15551fc,answer32,real_base_to_step8,8,1.001,6.067589495918991e-07,6.084040470245255e-07,1.0336657533793673e-05,5.727530330003452e-07,5.597960412583284e-07,3.611219315988236e-07,6.20341997158549e-09,2.6733614565819386e-09,0.011081571705368323
val-gsm8k,52bb4e1ef15551fc,answer32,real_base_to_step8,8,1.05,6.067589495918991e-07,6.084040470245255e-07,2.6536239468053836e-06,5.727530330003452e-07,1.878536288661496e-07,1.3279521918611232e-07,1.0389216690633897e-10,5.7742679675367755e-11,0.0005530484959668505
val-gsm8k,52bb4e1ef15551fc,answer32,real_base_to_step8,8,2.0,6.067589495918991e-07,6.084040470245255e-07,0.0,5.727530330003452e-07,3.57274199658804e-13,3.572697693325291e-13,0.0,0.0,
val-gsm8k,52bb4e1ef15551fc,answer32,real_base_to_step8,32,1.001,8.604777992037002e-08,8.69342575394122e-08,1.0336657533793673e-05,5.727530330003452e-07,5.597960412583284e-07,3.611219315988236e-07,1.001484780131606e-09,1.9591317527388007e-10,0.0017890172604301288
val-gsm8k,52bb4e1ef15551fc,answer32,real_base_to_step8,32,1.05,8.604777992037002e-08,8.69342575394122e-08,2.6536239468053836e-06,5.727530330003452e-07,1.878536288661496e-07,1.3279521918611232e-07,4.4300328407878624e-11,2.4234739956404867e-11,0.0002358236499090668
val-gsm8k,52bb4e1ef15551fc,answer32,real_base_to_step8,32,2.0,8.604777992037002e-08,8.69342575394122e-08,0.0,5.727530330003452e-07,3.57274199658804e-13,3.572697693325291e-13,0.0,0.0,
val-gsm8k,52bb4e1ef15551fc,answer32,real_base_to_step8,128,1.001,2.0552176976165437e-08,2.0856306011001072e-08,1.0336657533793673e-05,5.727530330003452e-07,5.597960412583284e-07,3.611219315988236e-07,2.909462380336104e-10,4.9247718091179995e-11,0.0005197361477934206
val-gsm8k,52bb4e1ef15551fc,answer32,real_base_to_step8,128,1.05,2.0552176976165437e-08,2.0856306011001072e-08,2.6536239468053836e-06,5.727530330003452e-07,1.878536288661496e-07,1.3279521918611232e-07,2.6672222032734416e-11,1.4030747592442527e-11,0.00014198406596520444
val-gsm8k,52bb4e1ef15551fc,answer32,real_base_to_step8,128,2.0,2.0552176976165437e-08,2.0856306011001072e-08,0.0,5.727530330003452e-07,3.57274199658804e-13,3.572697693325291e-13,0.0,0.0,
val-gsm8k,52bb4e1ef15551fc,answer32,calibrated_0.016,8,1.001,6.067589495918991e-07,0.01572449298514889,8.231381105884464e-09,0.01600037810914727,0.030954430667498655,0.021683053849583456,1.1955708230174385e-06,8.248953600854306e-07,3.862357656840242e-05
val-gsm8k,52bb4e1ef15551fc,answer32,calibrated_0.016,8,1.05,6.067589495918991e-07,0.01572449298514889,8.229888681398386e-09,0.01600037810914727,0.03095442987363385,0.021683053570582683,1.254079598902715e-06,8.656126160176808e-07,4.051373596678342e-05
val-gsm8k,52bb4e1ef15551fc,answer32,calibrated_0.016,8,2.0,6.067589495918991e-07,0.01572449298514889,6.144510328051643e-09,0.01600037810914727,0.030954415184954228,0.021683048365915576,2.388424121842261e-06,1.655252750589774e-06,7.715940060800063e-05
val-gsm8k,52bb4e1ef15551fc,answer32,calibrated_0.016,32,1.001,8.604777992037002e-08,0.01572448408241751,8.231381105884464e-09,0.01600037810914727,0.030954430667498655,0.021683053849583456,1.6969101420000137e-07,1.124094004418367e-07,5.481962050045795e-06
val-gsm8k,52bb4e1ef15551fc,answer32,calibrated_0.016,32,1.05,8.604777992037002e-08,0.01572448408241751,8.229888681398386e-09,0.01600037810914727,0.03095442987363385,0.021683053570582683,1.7799559801498676e-07,1.1795235625314262e-07,5.750246369958137e-06
val-gsm8k,52bb4e1ef15551fc,answer32,calibrated_0.016,32,2.0,8.604777992037002e-08,0.01572448408241751,6.144510328051643e-09,0.01600037810914727,0.030954415184954228,0.021683048365915576,3.389935458463986e-07,2.25612096398347e-07,1.0951379433948104e-05
val-gsm8k,52bb4e1ef15551fc,answer32,calibrated_0.016,128,1.001,2.0552176976165437e-08,0.015723567113169256,8.231381105884464e-09,0.01600037810914727,0.030954430667498655,0.021683053849583456,4.048965259988379e-08,2.659852662157907e-08,1.3080406173451889e-06
val-gsm8k,52bb4e1ef15551fc,answer32,calibrated_0.016,128,1.05,2.0552176976165437e-08,0.015723567113169256,8.229888681398386e-09,0.01600037810914727,0.03095442987363385,0.021683053570582683,4.2471256549808324e-08,2.790885817462595e-08,1.3720574639297168e-06
val-gsm8k,52bb4e1ef15551fc,answer32,calibrated_0.016,128,2.0,2.0552176976165437e-08,0.015723567113169256,6.144510328051643e-09,0.01600037810914727,0.030954415184954228,0.021683048365915576,8.088617051603647e-08,5.339400949223395e-08,2.6130737742172622e-06
val-gsm8k,52bb4e1ef15551fc,answer32,calibrated_0.05,8,1.001,6.067589495918991e-07,0.04861712974368546,8.23078758269722e-09,0.04999684244434937,0.09250697646056065,0.06499468466839901,1.1570345619770917e-06,8.008152715383468e-07,1.25075384176066e-05
val-gsm8k,52bb4e1ef15551fc,answer32,calibrated_0.05,8,1.05,6.067589495918991e-07,0.04861712974368546,8.227896742440163e-09,0.04999684244434937,0.0925069756934676,0.06499468440898463,1.2136284867609057e-06,8.40301703746974e-07,1.3119318599090321e-05
val-gsm8k,52bb4e1ef15551fc,answer32,calibrated_0.05,8,2.0,6.067589495918991e-07,0.04861712974368546,6.144509487393493e-09,0.04999684244434937,0.09250696179493034,0.06499467958300983,2.3108268923717785e-06,1.6060750705075772e-06,2.4980032286590767e-05
val-gsm8k,52bb4e1ef15551fc,answer32,calibrated_0.05,32,1.001,8.604777992037002e-08,0.0486171216618358,8.23078758269722e-09,0.04999684244434937,0.09250697646056065,0.06499468466839901,1.6468913475958448e-07,1.0930803268770119e-07,1.7802888069722818e-06
val-gsm8k,52bb4e1ef15551fc,answer32,calibrated_0.05,32,1.05,8.604777992037002e-08,0.0486171216618358,8.227896742440163e-09,0.04999684244434937,0.0925069756934676,0.06499468440898463,1.7274516903339002e-07,1.1469351519748132e-07,1.8673745167694252e-06
val-gsm8k,52bb4e1ef15551fc,answer32,calibrated_0.05,32,2.0,8.604777992037002e-08,0.0486171216618358,6.144509487393493e-09,0.04999684244434937,0.09250696179493034,0.06499467958300983,3.2890284287034157e-07,2.1929750996506741e-07,3.5554388176692496e-06
val-gsm8k,52bb4e1ef15551fc,answer32,calibrated_0.05,128,1.001,2.0552176976165437e-08,0.04861591366201965,8.23078758269722e-09,0.04999684244434937,0.09250697646056065,0.06499468466839901,3.933117612614268e-08,2.5877607842266196e-08,4.2516983724909765e-07
val-gsm8k,52bb4e1ef15551fc,answer32,calibrated_0.05,128,1.05,2.0552176976165437e-08,0.04861591366201965,8.227896742440163e-09,0.04999684244434937,0.0925069756934676,0.06499468440898463,4.125532287381375e-08,2.7151374643992304e-08,4.45969858646314e-07
val-gsm8k,52bb4e1ef15551fc,answer32,calibrated_0.05,128,2.0,2.0552176976165437e-08,0.04861591366201965,6.144509487393493e-09,0.04999684244434937,0.09250696179493034,0.06499467958300983,7.85475263518506e-08,5.192441168068568e-08,8.490985416424652e-07
val-gsm8k,52bb4e1ef15551fc,answer64,real_base_to_step8,8,1.001,0.0003147107809453481,0.0003117745765175486,0.12509931055194376,0.006144180803302003,0.005162280284075871,0.0032343477667948067,1.966199259073417e-06,8.710516764319238e-07,0.00038087805211556763
val-gsm8k,52bb4e1ef15551fc,answer64,real_base_to_step8,8,1.05,0.0003147107809453481,0.0003117745765175486,0.0,0.006144180803302003,4.668468957700413e-14,3.1376219710346356e-14,0.0,0.0,
val-gsm8k,52bb4e1ef15551fc,answer64,real_base_to_step8,8,2.0,0.0003147107809453481,0.0003117745765175486,0.0,0.006144180803302003,4.668468957700413e-14,3.1376219710346356e-14,0.0,0.0,
val-gsm8k,52bb4e1ef15551fc,answer64,real_base_to_step8,32,1.001,3.750235751618852e-05,3.6932937763650774e-05,0.12509931055194376,0.006144180803302003,0.005162280284075871,0.0032343477667948067,6.823966887073807e-08,2.59915861058486e-08,1.3218900391991023e-05
val-gsm8k,52bb4e1ef15551fc,answer64,real_base_to_step8,32,1.05,3.750235751618852e-05,3.6932937763650774e-05,0.0,0.006144180803302003,4.668468957700413e-14,3.1376219710346356e-14,0.0,0.0,
val-gsm8k,52bb4e1ef15551fc,answer64,real_base_to_step8,32,2.0,3.750235751618852e-05,3.6932937763650774e-05,0.0,0.006144180803302003,4.668468957700413e-14,3.1376219710346356e-14,0.0,0.0,
val-gsm8k,52bb4e1ef15551fc,answer64,real_base_to_step8,128,1.001,4.577335055376876e-06,4.521736077453984e-06,0.12509931055194376,0.006144180803302003,0.005162280284075871,0.0032343477667948067,1.1661764810719852e-08,4.269398989547679e-09,2.259033638040343e-06
val-gsm8k,52bb4e1ef15551fc,answer64,real_base_to_step8,128,1.05,4.577335055376876e-06,4.521736077453984e-06,0.0,0.006144180803302003,4.668468957700413e-14,3.1376219710346356e-14,0.0,0.0,
val-gsm8k,52bb4e1ef15551fc,answer64,real_base_to_step8,128,2.0,4.577335055376876e-06,4.521736077453984e-06,0.0,0.006144180803302003,4.668468957700413e-14,3.1376219710346356e-14,0.0,0.0,
val-gsm8k,52bb4e1ef15551fc,answer64,calibrated_0.016,8,1.001,0.0003147107809453481,0.0003160812678170873,0.7413853613313537,0.016000255315156302,0.005919811587858919,0.0035916070113527253,3.8803471653414625e-06,1.2983105580890677e-06,0.0006554849099082407
val-gsm8k,52bb4e1ef15551fc,answer64,calibrated_0.016,8,1.05,0.0003147107809453481,0.0003160812678170873,3.4718577666348434e-08,0.016000255315156302,4.408324795967356e-10,2.5254148089398704e-10,4.408546594847355e-10,2.5255028267491777e-10,1.000050313642997
val-gsm8k,52bb4e1ef15551fc,answer64,calibrated_0.016,8,2.0,0.0003147107809453481,0.0003160812678170873,0.0,0.016000255315156302,2.217988963325906e-14,1.4955843653038117e-14,0.0,0.0,
val-gsm8k,52bb4e1ef15551fc,answer64,calibrated_0.016,32,1.001,3.750235751618852e-05,3.7651018694302206e-05,0.7413853613313537,0.016000255315156302,0.005919811587858919,0.0035916070113527253,4.855085592969677e-07,1.3866231067064968e-07,8.201419117674431e-05
val-gsm8k,52bb4e1ef15551fc,answer64,calibrated_0.016,32,1.05,3.750235751618852e-05,3.7651018694302206e-05,3.4718577666348434e-08,0.016000255315156302,4.408324795967356e-10,2.5254148089398704e-10,4.408546594847355e-10,2.5255028267491777e-10,1.000050313642997
val-gsm8k,52bb4e1ef15551fc,answer64,calibrated_0.016,32,2.0,3.750235751618852e-05,3.7651018694302206e-05,0.0,0.016000255315156302,2.217988963325906e-14,1.4955843653038117e-14,0.0,0.0,
val-gsm8k,52bb4e1ef15551fc,answer64,calibrated_0.016,128,1.001,4.577335055376876e-06,4.599179957380563e-06,0.7413853613313537,0.016000255315156302,0.005919811587858919,0.0035916070113527253,5.979159400139478e-08,1.5216302261663065e-08,1.0100252873591917e-05
val-gsm8k,52bb4e1ef15551fc,answer64,calibrated_0.016,128,1.05,4.577335055376876e-06,4.599179957380563e-06,3.4718577666348434e-08,0.016000255315156302,4.408324795967356e-10,2.5254148089398704e-10,4.408546594847355e-10,2.5255028267491777e-10,1.000050313642997
val-gsm8k,52bb4e1ef15551fc,answer64,calibrated_0.016,128,2.0,4.577335055376876e-06,4.599179957380563e-06,0.0,0.016000255315156302,2.217988963325906e-14,1.4955843653038117e-14,0.0,0.0,
val-gsm8k,52bb4e1ef15551fc,answer64,calibrated_0.05,8,1.001,0.0003147107809453481,0.00031887849078485056,0.7413854480661549,0.04999883370304929,0.01908542595979843,0.011544278152837187,1.2286941956992062e-05,4.060253871550906e-06,0.0006437866245622861
val-gsm8k,52bb4e1ef15551fc,answer64,calibrated_0.05,8,1.05,0.0003147107809453481,0.00031887849078485056,0.1264536153377519,0.04999883370304929,0.011518063511045087,0.007205706324014936,4.880497395407978e-06,2.071932652197363e-06,0.00042372551520729963
val-gsm8k,52bb4e1ef15551fc,answer64,calibrated_0.05,8,2.0,0.0003147107809453481,0.00031887849078485056,0.0,0.04999883370304929,1.2647737891856024e-14,8.565930062368406e-15,0.0,0.0,
val-gsm8k,52bb4e1ef15551fc,answer64,calibrated_0.05,32,1.001,3.750235751618852e-05,3.795453852436342e-05,0.7413854480661549,0.04999883370304929,0.01908542595979843,0.011544278152837187,1.5381441388436816e-06,4.2646840124512043e-07,8.05926020243735e-05
val-gsm8k,52bb4e1ef15551fc,answer64,calibrated_0.05,32,1.05,3.750235751618852e-05,3.795453852436342e-05,0.1264536153377519,0.04999883370304929,0.011518063511045087,0.007205706324014936,4.756248798705289e-07,1.6878634649754956e-07,4.1293823342303596e-05
val-gsm8k,52bb4e1ef15551fc,answer64,calibrated_0.05,32,2.0,3.750235751618852e-05,3.795453852436342e-05,0.0,0.04999883370304929,1.2647737891856024e-14,8.565930062368406e-15,0.0,0.0,
val-gsm8k,52bb4e1ef15551fc,answer64,calibrated_0.05,128,1.001,4.577335055376876e-06,4.645000867281987e-06,0.7413854480661549,0.04999883370304929,0.01908542595979843,0.011544278152837187,1.893029254883021e-07,4.644406361496845e-08,9.918716296248775e-06
val-gsm8k,52bb4e1ef15551fc,answer64,calibrated_0.05,128,1.05,4.577335055376876e-06,4.645000867281987e-06,0.1264536153377519,0.04999883370304929,0.011518063511045087,0.007205706324014936,7.384394162247357e-08,2.5802443693159705e-08,6.411142077108878e-06
val-gsm8k,52bb4e1ef15551fc,answer64,calibrated_0.05,128,2.0,4.577335055376876e-06,4.645000867281987e-06,0.0,0.04999883370304929,1.2647737891856024e-14,8.565930062368406e-15,0.0,0.0,
val-gsm8k,52bb4e1ef15551fc,answer128,real_base_to_step8,8,1.001,0.0013533666678724975,0.00135307495814809,0.644138074086452,0.00976405102714252,0.0029647082631206654,0.0017247432261425382,1.3991141121450197e-05,5.246701079513923e-06,0.004719230318710368
val-gsm8k,52bb4e1ef15551fc,answer128,real_base_to_step8,8,1.05,0.0013533666678724975,0.00135307495814809,1.2454457054044923e-05,0.00976405102714252,7.292812728944301e-07,4.301129658487099e-07,7.292812607349563e-07,4.3011296150232084e-07,0.9999999833267709
val-gsm8k,52bb4e1ef15551fc,answer128,real_base_to_step8,8,2.0,0.0013533666678724975,0.00135307495814809,0.0,0.00976405102714252,1.2159798150503683e-14,7.898636129212236e-15,0.0,0.0,
val-gsm8k,52bb4e1ef15551fc,answer128,real_base_to_step8,32,1.001,0.00064529281513492,0.0006439155499395884,0.644138074086452,0.00976405102714252,0.0029647082631206654,0.0017247432261425382,3.843655591153257e-06,1.2762926254690032e-06,0.001296470090823509
val-gsm8k,52bb4e1ef15551fc,answer128,real_base_to_step8,32,1.05,0.00064529281513492,0.0006439155499395884,1.2454457054044923e-05,0.00976405102714252,7.292812728944301e-07,4.301129658487099e-07,1.1091387343878837e-08,6.369356570407553e-09,0.015208655091139866
val-gsm8k,52bb4e1ef15551fc,answer128,real_base_to_step8,32,2.0,0.00064529281513492,0.0006439155499395884,0.0,0.00976405102714252,1.2159798150503683e-14,7.898636129212236e-15,0.0,0.0,
val-gsm8k,52bb4e1ef15551fc,answer128,real_base_to_step8,128,1.001,0.0003191919132418175,0.000318608545076093,0.644138074086452,0.00976405102714252,0.0029647082631206654,0.0017247432261425382,1.6468076591295291e-06,5.368526742068907e-07,0.0005554703913416736
val-gsm8k,52bb4e1ef15551fc,answer128,real_base_to_step8,128,1.05,0.0003191919132418175,0.000318608545076093,1.2454457054044923e-05,0.00976405102714252,7.292812728944301e-07,4.301129658487099e-07,1.1091387343878837e-08,6.369356570407553e-09,0.015208655091139866
val-gsm8k,52bb4e1ef15551fc,answer128,real_base_to_step8,128,2.0,0.0003191919132418175,0.000318608545076093,0.0,0.00976405102714252,1.2159798150503683e-14,7.898636129212236e-15,0.0,0.0,
val-gsm8k,52bb4e1ef15551fc,answer128,calibrated_0.016,8,1.001,0.0013533666678724975,0.0014263764738279656,0.2936737352135935,0.015999652829312372,0.010813782984528265,0.005892134797370402,8.433567565144758e-05,1.513292347455713e-05,0.007798905875225181
val-gsm8k,52bb4e1ef15551fc,answer128,calibrated_0.016,8,1.05,0.0013533666678724975,0.0014263764738279656,0.050279203436229686,0.015999652829312372,0.0009917597949531706,0.0005540255368790823,8.84287145632986e-05,2.8378352332677446e-05,0.08916343958818584
val-gsm8k,52bb4e1ef15551fc,answer128,calibrated_0.016,8,2.0,0.0013533666678724975,0.0014263764738279656,0.0,0.015999652829312372,1.7318390498664438e-15,1.1060441977397916e-15,0.0,0.0,
val-gsm8k,52bb4e1ef15551fc,answer128,calibrated_0.016,32,1.001,0.00064529281513492,0.0006739167441707241,0.2936737352135935,0.015999652829312372,0.010813782984528265,0.005892134797370402,4.195440634020734e-05,7.368381173034463e-06,0.003879715951414346
val-gsm8k,52bb4e1ef15551fc,answer128,calibrated_0.016,32,1.05,0.00064529281513492,0.0006739167441707241,0.050279203436229686,0.015999652829312372,0.0009917597949531706,0.0005540255368790823,4.0165404474663295e-05,1.3187727812273173e-05,0.04049912557360711
val-gsm8k,52bb4e1ef15551fc,answer128,calibrated_0.016,32,2.0,0.00064529281513492,0.0006739167441707241,0.0,0.015999652829312372,1.7318390498664438e-15,1.1060441977397916e-15,0.0,0.0,
val-gsm8k,52bb4e1ef15551fc,answer128,calibrated_0.016,128,1.001,0.0003191919132418175,0.0003334743278871842,0.2936737352135935,0.015999652829312372,0.010813782984528265,0.005892134797370402,1.869871797058109e-05,2.845816505205503e-06,0.0017291560222111107
val-gsm8k,52bb4e1ef15551fc,answer128,calibrated_0.016,128,1.05,0.0003191919132418175,0.0003334743278871842,0.050279203436229686,0.015999652829312372,0.0009917597949531706,0.0005540255368790823,1.782896802876231e-05,5.757571508838628e-06,0.01797710304399279
val-gsm8k,52bb4e1ef15551fc,answer128,calibrated_0.016,128,2.0,0.0003191919132418175,0.0003334743278871842,0.0,0.015999652829312372,1.7318390498664438e-15,1.1060441977397916e-15,0.0,0.0,
val-gsm8k,52bb4e1ef15551fc,answer128,calibrated_0.05,8,1.001,0.0013533666678724975,0.0016232722677571717,0.2936741654270656,0.049999888347452406,0.03411981405983809,0.018634613534872273,0.0002603887315823995,4.547065129744977e-05,0.007631598786726657
val-gsm8k,52bb4e1ef15551fc,answer128,calibrated_0.05,8,1.05,0.0013533666678724975,0.0016232722677571717,0.28767625613090364,0.049999888347452406,0.014709627422343056,0.008992287145278874,0.0002731077692555576,5.534818008880352e-05,0.01856660005138696
val-gsm8k,52bb4e1ef15551fc,answer128,calibrated_0.05,8,2.0,0.0013533666678724975,0.0016232722677571717,2.880088259442089e-05,0.049999888347452406,4.9988410976745345e-06,2.250085169334058e-06,4.998841091873827e-06,2.250085166716284e-06,0.9999999988395895
val-gsm8k,52bb4e1ef15551fc,answer128,calibrated_0.05,32,1.001,0.00064529281513492,0.0007527340572470741,0.2936741654270656,0.049999888347452406,0.03411981405983809,0.018634613534872273,0.00012860044455223965,2.1365656231474376e-05,0.003769083979376466
val-gsm8k,52bb4e1ef15551fc,answer128,calibrated_0.05,32,1.05,0.00064529281513492,0.0007527340572470741,0.28767625613090364,0.049999888347452406,0.014709627422343056,0.008992287145278874,0.00013488746172634199,2.7959308379944415e-05,0.009170012118828782
val-gsm8k,52bb4e1ef15551fc,answer128,calibrated_0.05,32,2.0,0.00064529281513492,0.0007527340572470741,2.880088259442089e-05,0.049999888347452406,4.9988410976745345e-06,2.250085169334058e-06,3.2930365755961603e-06,1.7029482988173647e-06,0.6587600028190702
val-gsm8k,52bb4e1ef15551fc,answer128,calibrated_0.05,128,1.001,0.0003191919132418175,0.0003711162338518427,0.2936741654270656,0.049999888347452406,0.03411981405983809,0.018634613534872273,5.7036675925431024e-05,8.075731092338629e-06,0.001671658462892036
val-gsm8k,52bb4e1ef15551fc,answer128,calibrated_0.05,128,1.05,0.0003191919132418175,0.0003711162338518427,0.28767625613090364,0.049999888347452406,0.014709627422343056,0.008992287145278874,5.98267675306133e-05,1.1276750045508722e-05,0.004067184423701988
val-gsm8k,52bb4e1ef15551fc,answer128,calibrated_0.05,128,2.0,0.0003191919132418175,0.0003711162338518427,2.880088259442089e-05,0.049999888347452406,4.9988410976745345e-06,2.250085169334058e-06,3.1529235325417386e-07,1.171684596683392e-07,0.06307308976091441
val-gsm8k,52bb4e1ef15551fc,answer256,real_base_to_step8,8,1.001,0.0007259738725001389,0.000737106769342524,0.0827748668307341,0.0058640857963064355,0.005243035356469724,0.003474362692526202,2.0507022696206658e-05,9.821470828868172e-06,0.003911288271383046
val-gsm8k,52bb4e1ef15551fc,answer256,real_base_to_step8,8,1.05,0.0007259738725001389,0.000737106769342524,0.00014736426147635438,0.0058640857963064355,7.262709401725807e-06,4.67409466334088e-06,7.262709434172766e-06,4.674094679917827e-06,1.0000000044676107
val-gsm8k,52bb4e1ef15551fc,answer256,real_base_to_step8,8,2.0,0.0007259738725001389,0.000737106769342524,0.0,0.0058640857963064355,3.245721578203738e-14,2.632126599054281e-14,0.0,0.0,
val-gsm8k,52bb4e1ef15551fc,answer256,real_base_to_step8,32,1.001,7.236246525896277e-05,7.251161362225125e-05,0.0827748668307341,0.0058640857963064355,0.005243035356469724,0.003474362692526202,1.2886471394512374e-06,5.071974986589861e-07,0.00024578265295523735
val-gsm8k,52bb4e1ef15551fc,answer256,real_base_to_step8,32,1.05,7.236246525896277e-05,7.251161362225125e-05,0.00014736426147635438,0.0058640857963064355,7.262709401725807e-06,4.67409466334088e-06,2.5284077978511205e-09,1.1031657497816038e-09,0.00034813561413462387
val-gsm8k,52bb4e1ef15551fc,answer256,real_base_to_step8,32,2.0,7.236246525896277e-05,7.251161362225125e-05,0.0,0.0058640857963064355,3.245721578203738e-14,2.632126599054281e-14,0.0,0.0,
val-gsm8k,52bb4e1ef15551fc,answer256,real_base_to_step8,128,1.001,2.2346818540507797e-05,2.2425413321960414e-05,0.0827748668307341,0.0058640857963064355,0.005243035356469724,0.003474362692526202,3.43018978202838e-07,1.1834293197171133e-07,6.542373928101867e-05
val-gsm8k,52bb4e1ef15551fc,answer256,real_base_to_step8,128,1.05,2.2346818540507797e-05,2.2425413321960414e-05,0.00014736426147635438,0.0058640857963064355,7.262709401725807e-06,4.67409466334088e-06,2.5284077978511205e-09,1.1031657497816038e-09,0.00034813561413462387
val-gsm8k,52bb4e1ef15551fc,answer256,real_base_to_step8,128,2.0,2.2346818540507797e-05,2.2425413321960414e-05,0.0,0.0058640857963064355,3.245721578203738e-14,2.632126599054281e-14,0.0,0.0,
val-gsm8k,52bb4e1ef15551fc,answer256,calibrated_0.016,8,1.001,0.0007259738725001389,0.0007120965318726374,0.9016170986800282,0.01599988313891345,0.005545810853418469,0.0035320949086262592,1.2933876784331756e-05,6.397564770014233e-06,0.0023321885881411267
val-gsm8k,52bb4e1ef15551fc,answer256,calibrated_0.016,8,1.05,0.0007259738725001389,0.0007120965318726374,6.55186559662994e-05,0.01599988313891345,6.439781069686031e-07,3.651027656745962e-07,6.439781251687667e-07,3.651027763519833e-07,1.0000000282620845
val-gsm8k,52bb4e1ef15551fc,answer256,calibrated_0.016,8,2.0,0.0007259738725001389,0.0007120965318726374,0.0,0.01599988313891345,1.8202677266672045e-14,1.4841739980696418e-14,0.0,0.0,
val-gsm8k,52bb4e1ef15551fc,answer256,calibrated_0.016,32,1.001,7.236246525896277e-05,7.041639968490167e-05,0.9016170986800282,0.01599988313891345,0.005545810853418469,0.0035320949086262592,9.65924898518809e-07,4.0217781352979584e-07,0.00017417198747833376
val-gsm8k,52bb4e1ef15551fc,answer256,calibrated_0.016,32,1.05,7.236246525896277e-05,7.041639968490167e-05,6.55186559662994e-05,0.01599988313891345,6.439781069686031e-07,3.651027656745962e-07,1.381269834011698e-07,5.9168192286532776e-08,0.21449018515765184
val-gsm8k,52bb4e1ef15551fc,answer256,calibrated_0.016,32,2.0,7.236246525896277e-05,7.041639968490167e-05,0.0,0.01599988313891345,1.8202677266672045e-14,1.4841739980696418e-14,0.0,0.0,
val-gsm8k,52bb4e1ef15551fc,answer256,calibrated_0.016,128,1.001,2.2346818540507797e-05,2.180681736888241e-05,0.9016170986800282,0.01599988313891345,0.005545810853418469,0.0035320949086262592,4.0281886040960173e-07,1.656480375839437e-07,7.26347996815113e-05
val-gsm8k,52bb4e1ef15551fc,answer256,calibrated_0.016,128,1.05,2.2346818540507797e-05,2.180681736888241e-05,6.55186559662994e-05,0.01599988313891345,6.439781069686031e-07,3.651027656745962e-07,7.612046512298159e-08,3.204159541172578e-08,0.11820349837870002
val-gsm8k,52bb4e1ef15551fc,answer256,calibrated_0.016,128,2.0,2.2346818540507797e-05,2.180681736888241e-05,0.0,0.01599988313891345,1.8202677266672045e-14,1.4841739980696418e-14,0.0,0.0,
val-gsm8k,52bb4e1ef15551fc,answer256,calibrated_0.05,8,1.001,0.0007259738725001389,0.0006854285664523743,0.9016170736405528,0.05000020026441191,0.01854228449135538,0.012016496621809349,4.4087635901383545e-05,2.2004396907568692e-05,0.0023776809120762705
val-gsm8k,52bb4e1ef15551fc,answer256,calibrated_0.05,8,1.05,0.0007259738725001389,0.0006854285664523743,0.10032426610288106,0.05000020026441191,0.012261581146072294,0.008297170831324408,2.6094525675091768e-05,1.3822765216619552e-05,0.0021281534056845947
val-gsm8k,52bb4e1ef15551fc,answer256,calibrated_0.05,8,2.0,0.0007259738725001389,0.0006854285664523743,0.0,0.05000020026441191,1.8426365503050624e-14,1.5173103975144173e-14,0.0,0.0,
val-gsm8k,52bb4e1ef15551fc,answer256,calibrated_0.05,32,1.001,7.236246525896277e-05,6.64511707792146e-05,0.9016170736405528,0.05000020026441191,0.01854228449135538,0.012016496621809349,3.318336831502851e-06,1.3935544975001087e-06,0.00017896051767784583
val-gsm8k,52bb4e1ef15551fc,answer256,calibrated_0.05,32,1.05,7.236246525896277e-05,6.64511707792146e-05,0.10032426610288106,0.05000020026441191,0.012261581146072294,0.008297170831324408,1.992660873396169e-06,8.402128109159671e-07,0.00016251255442977438
val-gsm8k,52bb4e1ef15551fc,answer256,calibrated_0.05,32,2.0,7.236246525896277e-05,6.64511707792146e-05,0.0,0.05000020026441191,1.8426365503050624e-14,1.5173103975144173e-14,0.0,0.0,
val-gsm8k,52bb4e1ef15551fc,answer256,calibrated_0.05,128,1.001,2.2346818540507797e-05,2.074853686960851e-05,0.9016170736405528,0.05000020026441191,0.01854228449135538,0.012016496621809349,1.3976840774993582e-06,5.800521765123228e-07,7.53782026238986e-05
val-gsm8k,52bb4e1ef15551fc,answer256,calibrated_0.05,128,1.05,2.2346818540507797e-05,2.074853686960851e-05,0.10032426610288106,0.05000020026441191,0.012261581146072294,0.008297170831324408,9.074372996741719e-07,3.780450280679666e-07,7.400654849190048e-05
val-gsm8k,52bb4e1ef15551fc,answer256,calibrated_0.05,128,2.0,2.2346818540507797e-05,2.074853686960851e-05,0.0,0.05000020026441191,1.8426365503050624e-14,1.5173103975144173e-14,0.0,0.0,
val-gsm8k,c75896d63fe7da0a,prompt,real_base_to_step8,8,1.001,0.00023562537607099536,0.00023154534476697316,6.53871494332813e-05,4.02044811645552e-05,1.937543231203483e-06,9.745642915754006e-07,1.919760484284295e-06,9.656882531494733e-07,0.9908220128290285
val-gsm8k,c75896d63fe7da0a,prompt,real_base_to_step8,8,1.05,0.00023562537607099536,0.00023154534476697316,1.945403914504231e-06,4.02044811645552e-05,1.08123367554485e-07,6.85365417624563e-08,1.0812336355502283e-07,6.85365386118894e-08,0.999999963010196
val-gsm8k,c75896d63fe7da0a,prompt,real_base_to_step8,8,2.0,0.00023562537607099536,0.00023154534476697316,0.0,4.02044811645552e-05,3.9994790093732234e-15,3.996803061581833e-15,0.0,0.0,
val-gsm8k,c75896d63fe7da0a,prompt,real_base_to_step8,32,1.001,0.00018403418019990152,0.0001812893535028901,6.53871494332813e-05,4.02044811645552e-05,1.937543231203483e-06,9.745642915754006e-07,1.8244179817293514e-06,9.172742529927686e-07,0.9416140772230073
val-gsm8k,c75896d63fe7da0a,prompt,real_base_to_step8,32,1.05,0.00018403418019990152,0.0001812893535028901,1.945403914504231e-06,4.02044811645552e-05,1.08123367554485e-07,6.85365417624563e-08,1.0812336355502283e-07,6.85365386118894e-08,0.999999963010196
val-gsm8k,c75896d63fe7da0a,prompt,real_base_to_step8,32,2.0,0.00018403418019990152,0.0001812893535028901,0.0,4.02044811645552e-05,3.9994790093732234e-15,3.996803061581833e-15,0.0,0.0,
val-gsm8k,c75896d63fe7da0a,prompt,real_base_to_step8,128,1.001,0.00013947378938728211,0.0001373482108820279,6.53871494332813e-05,4.02044811645552e-05,1.937543231203483e-06,9.745642915754006e-07,1.2001899074293463e-06,6.004727206028177e-07,0.619439033979057
val-gsm8k,c75896d63fe7da0a,prompt,real_base_to_step8,128,1.05,0.00013947378938728211,0.0001373482108820279,1.945403914504231e-06,4.02044811645552e-05,1.08123367554485e-07,6.85365417624563e-08,2.3941765437816704e-08,1.22465380858144e-08,0.2214300754714478
val-gsm8k,c75896d63fe7da0a,prompt,real_base_to_step8,128,2.0,0.00013947378938728211,0.0001373482108820279,0.0,4.02044811645552e-05,3.9994790093732234e-15,3.996803061581833e-15,0.0,0.0,
val-gsm8k,c75896d63fe7da0a,prompt,calibrated_0.016,8,1.001,0.00023562537607099536,0.009330836535997877,0.00014990245548268574,0.01600002376731028,0.02858842764236312,0.01500769958691949,0.0004018378317139548,0.00011703177531456534,0.014055961270094492
val-gsm8k,c75896d63fe7da0a,prompt,calibrated_0.016,8,1.05,0.00023562537607099536,0.009330836535997877,0.0001483527482723567,0.01600002376731028,0.02857408589982614,0.015000246906867805,0.00042148046400951723,0.00012420434815221595,0.014750444353220123
val-gsm8k,c75896d63fe7da0a,prompt,calibrated_0.016,8,2.0,0.00023562537607099536,0.009330836535997877,0.00012965686136467156,0.01600002376731028,0.028317058709687877,0.014865775271639766,0.0008021215173361346,0.0002735108545956156,0.028326441865295548
val-gsm8k,c75896d63fe7da0a,prompt,calibrated_0.016,32,1.001,0.00018403418019990152,0.008789754534463847,0.00014990245548268574,0.01600002376731028,0.02858842764236312,0.01500769958691949,0.00031528240859784686,8.914714681022918e-05,0.011028322807465378
val-gsm8k,c75896d63fe7da0a,prompt,calibrated_0.016,32,1.05,0.00018403418019990152,0.008789754534463847,0.0001483527482723567,0.01600002376731028,0.02857408589982614,0.015000246906867805,0.0003306979254696982,9.449288701610891e-05,0.011573350994640578
val-gsm8k,c75896d63fe7da0a,prompt,calibrated_0.016,32,2.0,0.00018403418019990152,0.008789754534463847,0.00012965686136467156,0.01600002376731028,0.028317058709687877,0.014865775271639766,0.0006293951826477713,0.00020812489649205422,0.022226714613987845
val-gsm8k,c75896d63fe7da0a,prompt,calibrated_0.016,128,1.001,0.00013947378938728211,0.007678625497067793,0.00014990245548268574,0.01600002376731028,0.02858842764236312,0.01500769958691949,0.0002394226702767894,6.703468728178057e-05,0.008374810719635601
val-gsm8k,c75896d63fe7da0a,prompt,calibrated_0.016,128,1.05,0.00013947378938728211,0.007678625497067793,0.0001483527482723567,0.01600002376731028,0.02857408589982614,0.015000246906867805,0.00025113046169966343,7.107616518384055e-05,0.008788748748781198
val-gsm8k,c75896d63fe7da0a,prompt,calibrated_0.016,128,2.0,0.00013947378938728211,0.007678625497067793,0.00012965686136467156,0.01600002376731028,0.028317058709687877,0.014865775271639766,0.0004780261757962993,0.00015548593531012324,0.01688120862753151
val-gsm8k,c75896d63fe7da0a,prompt,calibrated_0.05,8,1.001,0.00023562537607099536,0.036037551850965466,0.00014865666742152445,0.049999094835473,0.08986999985483113,0.04672430897709114,0.0004188763980581172,0.00012662214149588655,0.0046609146404221315
val-gsm8k,c75896d63fe7da0a,prompt,calibrated_0.05,8,1.05,0.00023562537607099536,0.036037551850965466,0.00014805734920315199,0.049999094835473,0.08985624943100139,0.046717269143797514,0.0004392858221263931,0.00013393872921953667,0.0048887620494744875
val-gsm8k,c75896d63fe7da0a,prompt,calibrated_0.05,8,2.0,0.00023562537607099536,0.036037551850965466,0.0001319688790025347,0.049999094835473,0.08960768658017552,0.046589331518777845,0.0008343324944222953,0.0002840484731051599,0.009310947824501476
val-gsm8k,c75896d63fe7da0a,prompt,calibrated_0.05,32,1.001,0.00018403418019990152,0.03489636701537349,0.00014865666742152445,0.049999094835473,0.08986999985483113,0.04672430897709114,0.00032893346417537593,9.68058941121859e-05,0.003660103090093568
val-gsm8k,c75896d63fe7da0a,prompt,calibrated_0.05,32,1.05,0.00018403418019990152,0.03489636701537349,0.00014805734920315199,0.049999094835473,0.08985624943100139,0.046717269143797514,0.00034497231666493936,0.00010230018970831983,0.00383915775307132
val-gsm8k,c75896d63fe7da0a,prompt,calibrated_0.05,32,2.0,0.00018403418019990152,0.03489636701537349,0.0001319688790025347,0.049999094835473,0.08960768658017552,0.046589331518777845,0.0006553038835948202,0.00021679737576216644,0.007313032046737352
val-gsm8k,c75896d63fe7da0a,prompt,calibrated_0.05,128,1.001,0.00013947378938728211,0.03174575687379071,0.00014865666742152445,0.049999094835473,0.08986999985483113,0.04672430897709114,0.0002507901311393874,7.381033391080124e-05,0.002790587866301256
val-gsm8k,c75896d63fe7da0a,prompt,calibrated_0.05,128,1.05,0.00013947378938728211,0.03174575687379071,0.00014805734920315199,0.049999094835473,0.08985624943100139,0.046717269143797514,0.00026302127408790873,7.800628684865481e-05,0.002927133902799681
val-gsm8k,c75896d63fe7da0a,prompt,calibrated_0.05,128,2.0,0.00013947378938728211,0.03174575687379071,0.0001319688790025347,0.049999094835473,0.08960768658017552,0.046589331518777845,0.0004998209473629995,0.0001640220920915197,0.005577880273873492
val-gsm8k,c75896d63fe7da0a,answer16,real_base_to_step8,8,1.001,0.0001912661077772051,0.00018243867965443686,1.1973904598314937e-06,7.799133839544005e-05,1.863681407775406e-08,1.2327325798556434e-08,1.8636822302304603e-08,1.2327332002144858e-08,1.0000004413066796
val-gsm8k,c75896d63fe7da0a,answer16,real_base_to_step8,8,1.05,0.0001912661077772051,0.00018243867965443686,0.0,7.799133839544005e-05,8.224570187809896e-15,8.21565125701528e-15,0.0,0.0,
val-gsm8k,c75896d63fe7da0a,answer16,real_base_to_step8,8,2.0,0.0001912661077772051,0.00018243867965443686,0.0,7.799133839544005e-05,8.224570187809896e-15,8.21565125701528e-15,0.0,0.0,
val-gsm8k,c75896d63fe7da0a,answer16,real_base_to_step8,32,1.001,5.8554629678011456e-05,5.5668243718712295e-05,1.1973904598314937e-06,7.799133839544005e-05,1.863681407775406e-08,1.2327325798556434e-08,1.8636822302304603e-08,1.2327332002144858e-08,1.0000004413066796
val-gsm8k,c75896d63fe7da0a,answer16,real_base_to_step8,32,1.05,5.8554629678011456e-05,5.5668243718712295e-05,0.0,7.799133839544005e-05,8.224570187809896e-15,8.21565125701528e-15,0.0,0.0,
val-gsm8k,c75896d63fe7da0a,answer16,real_base_to_step8,32,2.0,5.8554629678011456e-05,5.5668243718712295e-05,0.0,7.799133839544005e-05,8.224570187809896e-15,8.21565125701528e-15,0.0,0.0,
val-gsm8k,c75896d63fe7da0a,answer16,real_base_to_step8,128,1.001,1.7888934368310705e-05,1.694824615117152e-05,1.1973904598314937e-06,7.799133839544005e-05,1.863681407775406e-08,1.2327325798556434e-08,7.918501479706348e-10,5.245537338582753e-10,0.04248849318703196
val-gsm8k,c75896d63fe7da0a,answer16,real_base_to_step8,128,1.05,1.7888934368310705e-05,1.694824615117152e-05,0.0,7.799133839544005e-05,8.224570187809896e-15,8.21565125701528e-15,0.0,0.0,
val-gsm8k,c75896d63fe7da0a,answer16,real_base_to_step8,128,2.0,1.7888934368310705e-05,1.694824615117152e-05,0.0,7.799133839544005e-05,8.224570187809896e-15,8.21565125701528e-15,0.0,0.0,
val-gsm8k,c75896d63fe7da0a,answer16,calibrated_0.016,8,1.001,0.0001912661077772051,0.006279265113795259,0.0006101779710506274,0.01599996715033212,0.02833941221541239,0.016415845239731566,0.00032516225240711234,0.0001465540973850961,0.011473853089665453
val-gsm8k,c75896d63fe7da0a,answer16,calibrated_0.016,8,1.05,0.0001912661077772051,0.006279265113795259,0.0006100895184911341,0.01599996715033212,0.028280517314736502,0.016389479957198652,0.0003410705422335769,0.0001541903561529039,0.012060265321096187
val-gsm8k,c75896d63fe7da0a,answer16,calibrated_0.016,8,2.0,0.0001912661077772051,0.006279265113795259,0.0001252523899737087,0.01599996715033212,0.027257480651198023,0.015924277185531414,0.0006494468442454468,0.00030521752475016014,0.023826370916524973
val-gsm8k,c75896d63fe7da0a,answer16,calibrated_0.016,32,1.001,5.8554629678011456e-05,0.005571160594814496,0.0006101779710506274,0.01599996715033212,0.02833941221541239,0.016415845239731566,0.00010303436501647905,4.6708914674597715e-05,0.0036357269598006627
val-gsm8k,c75896d63fe7da0a,answer16,calibrated_0.016,32,1.05,5.8554629678011456e-05,0.005571160594814496,0.0006100895184911341,0.01599996715033212,0.028280517314736502,0.016389479957198652,0.00010807408017727469,4.9203309963207895e-05,0.003821502944041236
val-gsm8k,c75896d63fe7da0a,answer16,calibrated_0.016,32,2.0,5.8554629678011456e-05,0.005571160594814496,0.0001252523899737087,0.01599996715033212,0.027257480651198023,0.015924277185531414,0.0002057722618566383,9.83568087507945e-05,0.007549203262393004
val-gsm8k,c75896d63fe7da0a,answer16,calibrated_0.016,128,1.001,1.7888934368310705e-05,0.0012009565210111446,0.0006101779710506274,0.01599996715033212,0.02833941221541239,0.016415845239731566,3.0492254568145432e-05,1.1857106380091898e-05,0.001075966372780386
val-gsm8k,c75896d63fe7da0a,answer16,calibrated_0.016,128,1.05,1.7888934368310705e-05,0.0012009565210111446,0.0006100895184911341,0.01599996715033212,0.028280517314736502,0.016389479957198652,3.1984637142147206e-05,1.2510121712788967e-05,0.0011309777959924569
val-gsm8k,c75896d63fe7da0a,answer16,calibrated_0.016,128,2.0,1.7888934368310705e-05,0.0012009565210111446,0.0001252523899737087,0.01599996715033212,0.027257480651198023,0.015924277185531414,6.0917306099646565e-05,2.562345748411634e-05,0.002234883952745982
val-gsm8k,c75896d63fe7da0a,answer16,calibrated_0.05,8,1.001,0.0001912661077772051,0.025261015565505737,0.0006101420394910309,0.050000105350890556,0.08957671304986702,0.051629173349823816,0.00034443505248570727,0.00015756051587565396,0.0038451405589526554
val-gsm8k,c75896d63fe7da0a,answer16,calibrated_0.05,8,1.05,0.0001912661077772051,0.025261015565505737,0.0006100631441327534,0.050000105350890556,0.08951978894403632,0.051604131872773254,0.00036126808572845356,0.00016558830709056304,0.004035622625901205
val-gsm8k,c75896d63fe7da0a,answer16,calibrated_0.05,8,2.0,0.0001912661077772051,0.025261015565505737,0.0006051321036754353,0.050000105350890556,0.08845252990265914,0.051123664325322074,0.0006874467558273934,0.00032344501875686445,0.007771928701009678
val-gsm8k,c75896d63fe7da0a,answer16,calibrated_0.05,32,1.001,5.8554629678011456e-05,0.02401619099357316,0.0006101420394910309,0.050000105350890556,0.08957671304986702,0.051629173349823816,0.00010540657430114784,4.825405761299944e-05,0.0011767184875657183
val-gsm8k,c75896d63fe7da0a,answer16,calibrated_0.05,32,1.05,5.8554629678011456e-05,0.02401619099357316,0.0006100631441327534,0.050000105350890556,0.08951978894403632,0.051604131872773254,0.00011055165175775538,5.078013031789262e-05,0.0012349409338628715
val-gsm8k,c75896d63fe7da0a,answer16,calibrated_0.05,32,2.0,5.8554629678011456e-05,0.02401619099357316,0.0006051321036754353,0.050000105350890556,0.08845252990265914,0.051123664325322074,0.00021026452490908174,0.00010034883233340716,0.0023771454037603574
val-gsm8k,c75896d63fe7da0a,answer16,calibrated_0.05,128,1.001,1.7888934368310705e-05,0.005589482395222143,0.0006101420394910309,0.050000105350890556,0.08957671304986702,0.051629173349823816,3.2064108318164805e-05,1.3743400108293001e-05,0.00035795138297064816
val-gsm8k,c75896d63fe7da0a,answer16,calibrated_0.05,128,1.05,1.7888934368310705e-05,0.005589482395222143,0.0006100631441327534,0.050000105350890556,0.08951978894403632,0.051604131872773254,3.3632679447505534e-05,1.4468444315325554e-05,0.0003757010583272392
val-gsm8k,c75896d63fe7da0a,answer16,calibrated_0.05,128,2.0,1.7888934368310705e-05,0.005589482395222143,0.0006051321036754353,0.050000105350890556,0.08845252990265914,0.051123664325322074,6.403882914182678e-05,2.8836681138927985e-05,0.0007239909272499123
val-gsm8k,c75896d63fe7da0a,answer32,real_base_to_step8,8,1.001,1.918924306074054e-05,1.9097419328090372e-05,0.004802408212411752,0.00022338643375727522,0.00021390933030235388,0.000149435104243995,1.7692786901731252e-07,9.246522344070866e-08,0.0008271161840730871
val-gsm8k,c75896d63fe7da0a,answer32,real_base_to_step8,8,1.05,1.918924306074054e-05,1.9097419328090372e-05,9.81990948934323e-13,0.00022338643375727522,1.3748522259835207e-13,1.3479478241348914e-13,3.821855134777534e-15,2.687086755474125e-15,
val-gsm8k,c75896d63fe7da0a,answer32,real_base_to_step8,8,2.0,1.918924306074054e-05,1.9097419328090372e-05,0.0,0.00022338643375727522,1.3768619088399481e-13,1.3678123937672696e-13,0.0,0.0,
val-gsm8k,c75896d63fe7da0a,answer32,real_base_to_step8,32,1.001,2.226846220056186e-06,2.237508574652215e-06,0.004802408212411752,0.00022338643375727522,0.00021390933030235388,0.000149435104243995,2.3998201367426596e-08,8.545003824553493e-09,0.00011218866111873623
val-gsm8k,c75896d63fe7da0a,answer32,real_base_to_step8,32,1.05,2.226846220056186e-06,2.237508574652215e-06,9.81990948934323e-13,0.00022338643375727522,1.3748522259835207e-13,1.3479478241348914e-13,3.821855134777534e-15,2.687086755474125e-15,
val-gsm8k,c75896d63fe7da0a,answer32,real_base_to_step8,32,2.0,2.226846220056186e-06,2.237508574652215e-06,0.0,0.00022338643375727522,1.3768619088399481e-13,1.3678123937672696e-13,0.0,0.0,
val-gsm8k,c75896d63fe7da0a,answer32,real_base_to_step8,128,1.001,3.956419740118273e-07,3.9656534293010676e-07,0.004802408212411752,0.00022338643375727522,0.00021390933030235388,0.000149435104243995,3.764711964598e-09,1.6273390506187226e-09,1.7599568748481903e-05
val-gsm8k,c75896d63fe7da0a,answer32,real_base_to_step8,128,1.05,3.956419740118273e-07,3.9656534293010676e-07,9.81990948934323e-13,0.00022338643375727522,1.3748522259835207e-13,1.3479478241348914e-13,3.821855134777534e-15,2.687086755474125e-15,
val-gsm8k,c75896d63fe7da0a,answer32,real_base_to_step8,128,2.0,3.956419740118273e-07,3.9656534293010676e-07,0.0,0.00022338643375727522,1.3768619088399481e-13,1.3678123937672696e-13,0.0,0.0,
val-gsm8k,c75896d63fe7da0a,answer32,calibrated_0.016,8,1.001,1.918924306074054e-05,0.0017776786930933598,0.006493752925292583,0.01599993257502512,0.02134808490630412,0.012392437396717177,2.166389793904434e-05,1.113140287284772e-05,0.0010147935064960774
val-gsm8k,c75896d63fe7da0a,answer32,calibrated_0.016,8,1.05,1.918924306074054e-05,0.0017776786930933598,0.006493700244328742,0.01599993257502512,0.020722748477317962,0.012011622941179585,2.2724285797883706e-05,1.1677448153392504e-05,0.0010965864794796173
val-gsm8k,c75896d63fe7da0a,answer32,calibrated_0.016,8,2.0,1.918924306074054e-05,0.0017776786930933598,0.004845414229342223,0.01599993257502512,0.009361579689296797,0.00533540175431578,4.3276416995136036e-05,2.2386110673280313e-05,0.004622768638567962
val-gsm8k,c75896d63fe7da0a,answer32,calibrated_0.016,32,1.001,2.226846220056186e-06,1.71568747104999e-05,0.006493752925292583,0.01599993257502512,0.02134808490630412,0.012392437396717177,2.4388443933170104e-06,5.683712262196496e-07,0.00011424183499461427
val-gsm8k,c75896d63fe7da0a,answer32,calibrated_0.016,32,1.05,2.226846220056186e-06,1.71568747104999e-05,0.006493700244328742,0.01599993257502512,0.020722748477317962,0.012011622941179585,2.5582279512557334e-06,6.025660193616218e-07,0.00012345022447460751
val-gsm8k,c75896d63fe7da0a,answer32,calibrated_0.016,32,2.0,2.226846220056186e-06,1.71568747104999e-05,0.004845414229342223,0.01599993257502512,0.009361579689296797,0.00533540175431578,4.872800639694614e-06,1.4560434099969408e-06,0.0005205105122659741
val-gsm8k,c75896d63fe7da0a,answer32,calibrated_0.016,128,1.001,3.956419740118273e-07,2.682621142628875e-06,0.006493752925292583,0.01599993257502512,0.02134808490630412,0.012392437396717177,3.8292398625015074e-07,5.775288023477581e-08,1.7937158669303998e-05
val-gsm8k,c75896d63fe7da0a,answer32,calibrated_0.016,128,1.05,3.956419740118273e-07,2.682621142628875e-06,0.006493700244328742,0.01599993257502512,0.020722748477317962,0.012011622941179585,4.016685079469846e-07,6.187036860728838e-08,1.9382974627454942e-05
val-gsm8k,c75896d63fe7da0a,answer32,calibrated_0.016,128,2.0,3.956419740118273e-07,2.682621142628875e-06,0.004845414229342223,0.01599993257502512,0.009361579689296797,0.00533540175431578,7.650825354728e-07,1.7942231138015944e-07,8.172579424256013e-05
val-gsm8k,c75896d63fe7da0a,answer32,calibrated_0.05,8,1.001,1.918924306074054e-05,0.019446688490481794,0.0064937508414486655,0.04999961073796597,0.07974299111384725,0.04583084112780767,2.3128362818086084e-05,1.190032316995084e-05,0.00029003630908534957
val-gsm8k,c75896d63fe7da0a,answer32,calibrated_0.05,8,1.05,1.918924306074054e-05,0.019446688490481794,0.0064937001062558425,0.04999961073796597,0.07913741028362943,0.045521166078222354,2.425980901628789e-05,1.2483504788664831e-05,0.0003065529808132518
val-gsm8k,c75896d63fe7da0a,answer32,calibrated_0.05,8,2.0,1.918924306074054e-05,0.019446688490481794,0.006448299645381933,0.04999961073796597,0.06743468524113092,0.03979158984263604,4.614692244002014e-05,2.381845924618604e-05,0.0006843202763534725
val-gsm8k,c75896d63fe7da0a,answer32,calibrated_0.05,32,1.001,2.226846220056186e-06,7.709235917884326e-05,0.0064937508414486655,0.04999961073796597,0.07974299111384725,0.04583084112780767,3.145571537233064e-06,8.374797187314261e-07,3.944637006081454e-05
val-gsm8k,c75896d63fe7da0a,answer32,calibrated_0.05,32,1.05,2.226846220056186e-06,7.709235917884326e-05,0.0064937001062558425,0.04999961073796597,0.07913741028362943,0.045521166078222354,3.2995487712263394e-06,8.827426405745762e-07,4.1693918961976606e-05
val-gsm8k,c75896d63fe7da0a,answer32,calibrated_0.05,32,2.0,2.226846220056186e-06,7.709235917884326e-05,0.006448299645381933,0.04999961073796597,0.06743468524113092,0.03979158984263604,6.284800530246131e-06,1.8522979317492149e-06,9.319833714316499e-05
val-gsm8k,c75896d63fe7da0a,answer32,calibrated_0.05,128,1.001,3.956419740118273e-07,1.06226751324534e-05,0.0064937508414486655,0.04999961073796597,0.07974299111384725,0.04583084112780767,5.198036875037379e-07,1.0327138091863132e-07,6.518487458811597e-06
val-gsm8k,c75896d63fe7da0a,answer32,calibrated_0.05,128,1.05,3.956419740118273e-07,1.06226751324534e-05,0.0064937001062558425,0.04999961073796597,0.07913741028362943,0.045521166078222354,5.452485891505075e-07,1.090564542790113e-07,6.889896790864524e-06
val-gsm8k,c75896d63fe7da0a,answer32,calibrated_0.05,128,2.0,3.956419740118273e-07,1.06226751324534e-05,0.006448299645381933,0.04999961073796597,0.06743468524113092,0.03979158984263604,1.0385675990873621e-06,2.3957902571547797e-07,1.5401089148317123e-05
val-gsm8k,c75896d63fe7da0a,answer64,real_base_to_step8,8,1.001,5.586677148952125e-06,5.8159017745856085e-06,0.1060042644258927,0.01234062198923413,0.010905593545698063,0.007686141372560461,1.4183847888751076e-07,3.969517070154467e-08,1.3006030189293262e-05
val-gsm8k,c75896d63fe7da0a,answer64,real_base_to_step8,8,1.05,5.586677148952125e-06,5.8159017745856085e-06,0.10446621121260573,0.01234062198923413,0.0017409019558194353,0.0012295748635302928,9.489864214659498e-08,4.441811833060017e-08,5.451119279254677e-05
val-gsm8k,c75896d63fe7da0a,answer64,real_base_to_step8,8,2.0,5.586677148952125e-06,5.8159017745856085e-06,0.0,0.01234062198923413,7.528219218170453e-14,6.735216633605151e-14,0.0,0.0,
val-gsm8k,c75896d63fe7da0a,answer64,real_base_to_step8,32,1.001,1.3543341225185106e-06,1.4320650848078623e-06,0.1060042644258927,0.01234062198923413,0.010905593545698063,0.007686141372560461,2.5236200742665583e-08,3.6191928958939626e-09,2.314060269798018e-06
val-gsm8k,c75896d63fe7da0a,answer64,real_base_to_step8,32,1.05,1.3543341225185106e-06,1.4320650848078623e-06,0.10446621121260573,0.01234062198923413,0.0017409019558194353,0.0012295748635302928,2.6471527845758075e-08,8.318516938891116e-09,1.5205639672739661e-05
val-gsm8k,c75896d63fe7da0a,answer64,real_base_to_step8,32,2.0,1.3543341225185106e-06,1.4320650848078623e-06,0.0,0.01234062198923413,7.528219218170453e-14,6.735216633605151e-14,0.0,0.0,
val-gsm8k,c75896d63fe7da0a,answer64,real_base_to_step8,128,1.001,3.2322780101972224e-07,3.4117434832658644e-07,0.1060042644258927,0.01234062198923413,0.010905593545698063,0.007686141372560461,4.882988036797339e-09,3.7882271891026757e-10,4.477507818658375e-07
val-gsm8k,c75896d63fe7da0a,answer64,real_base_to_step8,128,1.05,3.2322780101972224e-07,3.4117434832658644e-07,0.10446621121260573,0.01234062198923413,0.0017409019558194353,0.0012295748635302928,5.122014717826581e-09,1.6277997075685525e-09,2.942161504675701e-06
val-gsm8k,c75896d63fe7da0a,answer64,real_base_to_step8,128,2.0,3.2322780101972224e-07,3.4117434832658644e-07,0.0,0.01234062198923413,7.528219218170453e-14,6.735216633605151e-14,0.0,0.0,
val-gsm8k,c75896d63fe7da0a,answer64,calibrated_0.016,8,1.001,5.586677148952125e-06,4.563729967119529e-06,0.8939950923123919,0.01599995710124828,0.0013644081587656743,0.0009589680864395913,6.251813221243644e-08,3.3272697521300745e-08,4.5820696549479816e-05
val-gsm8k,c75896d63fe7da0a,answer64,calibrated_0.016,8,1.05,5.586677148952125e-06,4.563729967119529e-06,2.8220306330334893e-07,0.01599995710124828,2.8820941639925207e-08,1.586781445082418e-08,2.88210211567664e-08,1.5867873868900995e-08,1.0000027589952538
val-gsm8k,c75896d63fe7da0a,answer64,calibrated_0.016,8,2.0,5.586677148952125e-06,4.563729967119529e-06,0.0,0.01599995710124828,7.95168906054019e-14,7.213282436570167e-14,0.0,0.0,
val-gsm8k,c75896d63fe7da0a,answer64,calibrated_0.016,32,1.001,1.3543341225185106e-06,1.0636990466488425e-06,0.8939950923123919,0.01599995710124828,0.0013644081587656743,0.0009589680864395913,2.547659799645642e-08,1.2119157579190473e-08,1.867227034137943e-05
val-gsm8k,c75896d63fe7da0a,answer64,calibrated_0.016,32,1.05,1.3543341225185106e-06,1.0636990466488425e-06,2.8220306330334893e-07,0.01599995710124828,2.8820941639925207e-08,1.586781445082418e-08,1.1113937735296824e-08,5.2878848271429165e-09,0.3856202158190715
val-gsm8k,c75896d63fe7da0a,answer64,calibrated_0.016,32,2.0,1.3543341225185106e-06,1.0636990466488425e-06,0.0,0.01599995710124828,7.95168906054019e-14,7.213282436570167e-14,0.0,0.0,
val-gsm8k,c75896d63fe7da0a,answer64,calibrated_0.016,128,1.001,3.2322780101972224e-07,2.5459254557193917e-07,0.8939950923123919,0.01599995710124828,0.0013644081587656743,0.0009589680864395913,6.77169990588242e-09,3.1835208662872947e-09,4.9631042312210355e-06
val-gsm8k,c75896d63fe7da0a,answer64,calibrated_0.016,128,1.05,3.2322780101972224e-07,2.5459254557193917e-07,2.8220306330334893e-07,0.01599995710124828,2.8820941639925207e-08,1.586781445082418e-08,4.106848782278706e-09,1.9795949437220558e-09,0.1424953019782515
val-gsm8k,c75896d63fe7da0a,answer64,calibrated_0.016,128,2.0,3.2322780101972224e-07,2.5459254557193917e-07,0.0,0.01599995710124828,7.95168906054019e-14,7.213282436570167e-14,0.0,0.0,
val-gsm8k,c75896d63fe7da0a,answer64,calibrated_0.05,8,1.001,5.586677148952125e-06,3.1777433090118288e-06,0.8939950923107959,0.04999988782449098,0.0037240494501689318,0.0026221922662414553,2.2769164224877045e-07,1.2243784701376773e-07,6.114087508651149e-05
val-gsm8k,c75896d63fe7da0a,answer64,calibrated_0.05,8,1.05,5.586677148952125e-06,3.1777433090118288e-06,3.37592878014179e-07,0.04999988782449098,1.841373865963206e-07,1.008688727142627e-07,1.841375113610445e-07,1.0086896932982864e-07,1.000000677563238
val-gsm8k,c75896d63fe7da0a,answer64,calibrated_0.05,8,2.0,5.586677148952125e-06,3.1777433090118288e-06,3.733960485740618e-09,0.04999988782449098,3.4733632190161828e-09,1.9487440046453236e-09,3.4734879838492786e-09,1.948838334086987e-09,1.0000359204682117
val-gsm8k,c75896d63fe7da0a,answer64,calibrated_0.05,32,1.001,1.3543341225185106e-06,7.081509781281999e-07,0.8939950923107959,0.04999988782449098,0.0037240494501689318,0.0026221922662414553,9.421760636781652e-08,4.536507222772359e-08,2.5299773171256517e-05
val-gsm8k,c75896d63fe7da0a,answer64,calibrated_0.05,32,1.05,1.3543341225185106e-06,7.081509781281999e-07,3.37592878014179e-07,0.04999988782449098,1.841373865963206e-07,1.008688727142627e-07,7.715259010497822e-08,3.7202285632171565e-08,0.4189947056982934
val-gsm8k,c75896d63fe7da0a,answer64,calibrated_0.05,32,2.0,1.3543341225185106e-06,7.081509781281999e-07,3.733960485740618e-09,0.04999988782449098,3.4733632190161828e-09,1.9487440046453236e-09,3.4734879838492786e-09,1.948838334086987e-09,1.0000359204682117
val-gsm8k,c75896d63fe7da0a,answer64,calibrated_0.05,128,1.001,3.2322780101972224e-07,1.725576332528353e-07,0.8939950923107959,0.04999988782449098,0.0037240494501689318,0.0026221922662414553,2.7096111749393387e-08,1.3017914147556898e-08,7.2759806527714725e-06
val-gsm8k,c75896d63fe7da0a,answer64,calibrated_0.05,128,1.05,3.2322780101972224e-07,1.725576332528353e-07,3.37592878014179e-07,0.04999988782449098,1.841373865963206e-07,1.008688727142627e-07,2.3963033398898134e-08,1.1588740876893514e-08,0.13013670847534967
val-gsm8k,c75896d63fe7da0a,answer64,calibrated_0.05,128,2.0,3.2322780101972224e-07,1.725576332528353e-07,3.733960485740618e-09,0.04999988782449098,3.4733632190161828e-09,1.9487440046453236e-09,3.4734879838492786e-09,1.948838334086987e-09,1.0000359204682117
val-gsm8k,c75896d63fe7da0a,answer128,real_base_to_step8,8,1.001,0.00494370103596173,0.004995184740283943,0.8396830461479247,0.003659732671374233,0.00039353234162159027,0.00015985005138204465,7.889202891347757e-05,2.9998428682018746e-05,0.2004715256397858
val-gsm8k,c75896d63fe7da0a,answer128,real_base_to_step8,8,1.05,0.00494370103596173,0.004995184740283943,1.077992611514929e-05,0.003659732671374233,4.683819193126409e-07,2.8174433931604684e-07,4.6838193084628785e-07,2.817443460373646e-07,1.0000000246244496
val-gsm8k,c75896d63fe7da0a,answer128,real_base_to_step8,8,2.0,0.00494370103596173,0.004995184740283943,0.0,0.003659732671374233,1.1533914417932375e-14,9.653641047049879e-15,0.0,0.0,
val-gsm8k,c75896d63fe7da0a,answer128,real_base_to_step8,32,1.001,0.0002860448825691775,0.00029074493813015945,0.8396830461479247,0.003659732671374233,0.00039353234162159027,0.00015985005138204465,3.818914170697985e-06,7.171702776827829e-07,0.009704193955093395
val-gsm8k,c75896d63fe7da0a,answer128,real_base_to_step8,32,1.05,0.0002860448825691775,0.00029074493813015945,1.077992611514929e-05,0.003659732671374233,4.683819193126409e-07,2.8174433931604684e-07,4.6838193084628785e-07,2.817443460373646e-07,1.0000000246244496
val-gsm8k,c75896d63fe7da0a,answer128,real_base_to_step8,32,2.0,0.0002860448825691775,0.00029074493813015945,0.0,0.003659732671374233,1.1533914417932375e-14,9.653641047049879e-15,0.0,0.0,
val-gsm8k,c75896d63fe7da0a,answer128,real_base_to_step8,128,1.001,4.639595026292863e-05,4.714465850737149e-05,0.8396830461479247,0.003659732671374233,0.00039353234162159027,0.00015985005138204465,6.146691180669243e-07,8.180986969029461e-08,0.0015619278342768916
val-gsm8k,c75896d63fe7da0a,answer128,real_base_to_step8,128,1.05,4.639595026292863e-05,4.714465850737149e-05,1.077992611514929e-05,0.003659732671374233,4.683819193126409e-07,2.8174433931604684e-07,2.2112616040990182e-08,9.871663023299363e-09,0.04721065252356635
val-gsm8k,c75896d63fe7da0a,answer128,real_base_to_step8,128,2.0,4.639595026292863e-05,4.714465850737149e-05,0.0,0.003659732671374233,1.1533914417932375e-14,9.653641047049879e-15,0.0,0.0,
val-gsm8k,c75896d63fe7da0a,answer128,calibrated_0.016,8,1.001,0.00494370103596173,0.004876677030674491,0.8336298872888254,0.016000094139444594,0.0022431754177746352,0.001355745844007895,4.7903924322846363e-05,2.9569328330488168e-05,0.021355407135465996
val-gsm8k,c75896d63fe7da0a,answer128,calibrated_0.016,8,1.05,0.00494370103596173,0.004876677030674491,2.3445698796023748e-06,0.016000094139444594,4.003959377022263e-08,2.1902320294166773e-08,4.00395880471837e-08,2.190231657960808e-08,0.9999998570655096
val-gsm8k,c75896d63fe7da0a,answer128,calibrated_0.016,8,2.0,0.00494370103596173,0.004876677030674491,0.0,0.016000094139444594,5.723067687954237e-15,4.821124364488519e-15,0.0,0.0,
val-gsm8k,c75896d63fe7da0a,answer128,calibrated_0.016,32,1.001,0.0002860448825691775,0.00028117526056190635,0.8336298872888254,0.016000094139444594,0.0022431754177746352,0.001355745844007895,2.1762449202030117e-06,9.491949607657337e-07,0.0009701626109838424
val-gsm8k,c75896d63fe7da0a,answer128,calibrated_0.016,32,1.05,0.0002860448825691775,0.00028117526056190635,2.3445698796023748e-06,0.016000094139444594,4.003959377022263e-08,2.1902320294166773e-08,4.00395880471837e-08,2.190231657960808e-08,0.9999998570655096
val-gsm8k,c75896d63fe7da0a,answer128,calibrated_0.016,32,2.0,0.0002860448825691775,0.00028117526056190635,0.0,0.016000094139444594,5.723067687954237e-15,4.821124364488519e-15,0.0,0.0,
val-gsm8k,c75896d63fe7da0a,answer128,calibrated_0.016,128,1.001,4.639595026292863e-05,4.591779199907528e-05,0.8336298872888254,0.016000094139444594,0.0022431754177746352,0.001355745844007895,5.27233909432777e-07,2.25012535765666e-07,0.00023503909023567344
val-gsm8k,c75896d63fe7da0a,answer128,calibrated_0.016,128,1.05,4.639595026292863e-05,4.591779199907528e-05,2.3445698796023748e-06,0.016000094139444594,4.003959377022263e-08,2.1902320294166773e-08,1.2914819576354254e-08,6.37393084396521e-09,0.3225512139426095
val-gsm8k,c75896d63fe7da0a,answer128,calibrated_0.016,128,2.0,4.639595026292863e-05,4.591779199907528e-05,0.0,0.016000094139444594,5.723067687954237e-15,4.821124364488519e-15,0.0,0.0,
val-gsm8k,c75896d63fe7da0a,answer128,calibrated_0.05,8,1.001,0.00494370103596173,0.004733898857974087,0.8336299660854356,0.05000050232500722,0.006620034368459286,0.003969918152852065,0.00015898157541529458,9.892593034789838e-05,0.024015219040667182
val-gsm8k,c75896d63fe7da0a,answer128,calibrated_0.05,8,1.05,0.00494370103596173,0.004733898857974087,0.0007838342761643778,0.05000050232500722,7.653143169588344e-05,4.8989866465588685e-05,7.653143168870735e-05,4.898986646147101e-05,0.9999999999062334
val-gsm8k,c75896d63fe7da0a,answer128,calibrated_0.05,8,2.0,0.00494370103596173,0.004733898857974087,0.0,0.05000050232500722,7.188577580449574e-15,6.1523955201566334e-15,0.0,0.0,
val-gsm8k,c75896d63fe7da0a,answer128,calibrated_0.05,32,1.001,0.0002860448825691775,0.0002709862698592978,0.8336299660854356,0.05000050232500722,0.006620034368459286,0.003969918152852065,7.239928223677747e-06,3.2071365801458484e-06,0.0010936390690314093
val-gsm8k,c75896d63fe7da0a,answer128,calibrated_0.05,32,1.05,0.0002860448825691775,0.0002709862698592978,0.0007838342761643778,0.05000050232500722,7.653143169588344e-05,4.8989866465588685e-05,2.5045340745934428e-06,1.144062178284306e-06,0.032725561499304334
val-gsm8k,c75896d63fe7da0a,answer128,calibrated_0.05,32,2.0,0.0002860448825691775,0.0002709862698592978,0.0,0.05000050232500722,7.188577580449574e-15,6.1523955201566334e-15,0.0,0.0,
val-gsm8k,c75896d63fe7da0a,answer128,calibrated_0.05,128,1.001,4.639595026292863e-05,4.492135622888618e-05,0.8336299660854356,0.05000050232500722,0.006620034368459286,0.003969918152852065,1.7572241017863515e-06,7.621821737324859e-07,0.0002654403291557713
val-gsm8k,c75896d63fe7da0a,answer128,calibrated_0.05,128,1.05,4.639595026292863e-05,4.492135622888618e-05,0.0007838342761643778,0.05000050232500722,7.653143169588344e-05,4.8989866465588685e-05,7.338863114004616e-07,3.2087369787728775e-07,0.00958934512445475
val-gsm8k,c75896d63fe7da0a,answer128,calibrated_0.05,128,2.0,4.639595026292863e-05,4.492135622888618e-05,0.0,0.05000050232500722,7.188577580449574e-15,6.1523955201566334e-15,0.0,0.0,
val-gsm8k,c75896d63fe7da0a,answer256,real_base_to_step8,8,1.001,6.429416187328111e-05,6.580146415609832e-05,0.04012269601047271,0.0017438094166426124,0.0016075280111598038,0.0009963657951151024,1.0787570300226725e-06,2.0346814613841167e-07,0.0006710657746140099
val-gsm8k,c75896d63fe7da0a,answer256,real_base_to_step8,8,1.05,6.429416187328111e-05,6.580146415609832e-05,5.348865493707085e-06,0.0017438094166426124,1.0801264704420589e-07,5.954206458410568e-08,1.0801263488943993e-07,5.954205443436092e-08,0.9999998874690483
val-gsm8k,c75896d63fe7da0a,answer256,real_base_to_step8,8,2.0,6.429416187328111e-05,6.580146415609832e-05,0.0,0.0017438094166426124,1.2154903490558613e-14,1.1663092377410717e-14,0.0,0.0,
val-gsm8k,c75896d63fe7da0a,answer256,real_base_to_step8,32,1.001,2.836393655705842e-05,2.9128166862672208e-05,0.04012269601047271,0.0017438094166426124,0.0016075280111598038,0.0009963657951151024,3.936123065095993e-07,4.569428689725607e-08,0.0002448556440553809
val-gsm8k,c75896d63fe7da0a,answer256,real_base_to_step8,32,1.05,2.836393655705842e-05,2.9128166862672208e-05,5.348865493707085e-06,0.0017438094166426124,1.0801264704420589e-07,5.954206458410568e-08,5.220948667251802e-08,2.6629637284282195e-08,0.4833645698095933
val-gsm8k,c75896d63fe7da0a,answer256,real_base_to_step8,32,2.0,2.836393655705842e-05,2.9128166862672208e-05,0.0,0.0017438094166426124,1.2154903490558613e-14,1.1663092377410717e-14,0.0,0.0,
val-gsm8k,c75896d63fe7da0a,answer256,real_base_to_step8,128,1.001,9.747988875912631e-06,1.000439172256189e-05,0.04012269601047271,0.0017438094166426124,0.0016075280111598038,0.0009963657951151024,1.2728090430431568e-07,1.2445384013654007e-08,7.917803199739251e-05
val-gsm8k,c75896d63fe7da0a,answer256,real_base_to_step8,128,1.05,9.747988875912631e-06,1.000439172256189e-05,5.348865493707085e-06,0.0017438094166426124,1.0801264704420589e-07,5.954206458410568e-08,1.3164331779575848e-08,6.659897331667894e-09,0.12187768876905809
val-gsm8k,c75896d63fe7da0a,answer256,real_base_to_step8,128,2.0,9.747988875912631e-06,1.000439172256189e-05,0.0,0.0017438094166426124,1.2154903490558613e-14,1.1663092377410717e-14,0.0,0.0,
val-gsm8k,c75896d63fe7da0a,answer256,calibrated_0.016,8,1.001,6.429416187328111e-05,2.832158302729153e-05,0.026585519809358252,0.015999966476055383,0.013563180206626113,0.009555148680190109,5.5156109778969804e-06,2.8764422979591552e-06,0.00040666059831619735
val-gsm8k,c75896d63fe7da0a,answer256,calibrated_0.016,8,1.05,6.429416187328111e-05,2.832158302729153e-05,0.02658518601653273,0.015999966476055383,0.011045434362481612,0.007781197017783011,5.105482043352645e-06,2.67165413818672e-06,0.0004622255563524602
val-gsm8k,c75896d63fe7da0a,answer256,calibrated_0.016,8,2.0,6.429416187328111e-05,2.832158302729153e-05,4.3225702362699426e-07,0.015999966476055383,2.2778281000946059e-07,1.1743405444578443e-07,2.2778281487242512e-07,1.1743405879088692e-07,1.0000000213491287
val-gsm8k,c75896d63fe7da0a,answer256,calibrated_0.016,32,1.001,2.836393655705842e-05,1.2446742688748941e-05,0.026585519809358252,0.015999966476055383,0.013563180206626113,0.009555148680190109,2.5332297716146044e-06,1.275709444975616e-06,0.00018677255135023777
val-gsm8k,c75896d63fe7da0a,answer256,calibrated_0.016,32,1.05,2.836393655705842e-05,1.2446742688748941e-05,0.02658518601653273,0.015999966476055383,0.011045434362481612,0.007781197017783011,2.274612138854768e-06,1.1484786249814243e-06,0.0002059323394814619
val-gsm8k,c75896d63fe7da0a,answer256,calibrated_0.016,32,2.0,2.836393655705842e-05,1.2446742688748941e-05,4.3225702362699426e-07,0.015999966476055383,2.2778281000946059e-07,1.1743405444578443e-07,2.2778281487242512e-07,1.1743405879088692e-07,1.0000000213491287
val-gsm8k,c75896d63fe7da0a,answer256,calibrated_0.016,128,1.001,9.747988875912631e-06,4.231669538195036e-06,0.026585519809358252,0.015999966476055383,0.013563180206626113,0.009555148680190109,7.639013901741366e-07,3.752512904257175e-07,5.63217017348883e-05
val-gsm8k,c75896d63fe7da0a,answer256,calibrated_0.016,128,1.05,9.747988875912631e-06,4.231669538195036e-06,0.02658518601653273,0.015999966476055383,0.011045434362481612,0.007781197017783011,6.929186137083126e-07,3.411314322434318e-07,6.273348706520514e-05
val-gsm8k,c75896d63fe7da0a,answer256,calibrated_0.016,128,2.0,9.747988875912631e-06,4.231669538195036e-06,4.3225702362699426e-07,0.015999966476055383,2.2778281000946059e-07,1.1743405444578443e-07,1.365657661284774e-07,7.129489636446542e-08,0.5995437764720059
val-gsm8k,c75896d63fe7da0a,answer256,calibrated_0.05,8,1.001,6.429416187328111e-05,2.5935883367010703e-05,0.026585519211250325,0.05000012509264455,0.04047949861936238,0.02857929086627665,2.5567229983734918e-05,1.3244088152981783e-05,0.0006316093542597748
val-gsm8k,c75896d63fe7da0a,answer256,calibrated_0.05,8,1.05,6.429416187328111e-05,2.5935883367010703e-05,0.02658549595852958,0.05000012509264455,0.03799884173186928,0.026827491999308214,2.5145247556408546e-05,1.3036510844446231e-05,0.0006617372111981892
val-gsm8k,c75896d63fe7da0a,answer256,calibrated_0.05,8,2.0,6.429416187328111e-05,2.5935883367010703e-05,2.8119403744133693e-06,0.05000012509264455,1.8339342941377676e-05,9.628442048208405e-06,1.833934302378202e-05,9.628442119187238e-06,1.0000000044933095
val-gsm8k,c75896d63fe7da0a,answer256,calibrated_0.05,32,1.001,2.836393655705842e-05,1.1761954411464646e-05,0.026585519211250325,0.05000012509264455,0.04047949861936238,0.02857929086627665,1.1582022275457146e-05,5.784333033069065e-06,0.0002861206949316603
val-gsm8k,c75896d63fe7da0a,answer256,calibrated_0.05,32,1.05,2.836393655705842e-05,1.1761954411464646e-05,0.02658549595852958,0.05000012509264455,0.03799884173186928,0.026827491999308214,1.1311548752929757e-05,5.654159904210455e-06,0.00029768140915313384
val-gsm8k,c75896d63fe7da0a,answer256,calibrated_0.05,32,2.0,2.836393655705842e-05,1.1761954411464646e-05,2.8119403744133693e-06,0.05000012509264455,1.8339342941377676e-05,9.628442048208405e-06,7.4430549378964415e-06,3.785844426312935e-06,0.40585177787930654
val-gsm8k,c75896d63fe7da0a,answer256,calibrated_0.05,128,1.001,9.747988875912631e-06,3.923982369770467e-06,0.026585519211250325,0.05000012509264455,0.04047949861936238,0.02857929086627665,4.15246635528317e-06,2.0412128473110552e-06,0.00010258196116334652
val-gsm8k,c75896d63fe7da0a,answer256,calibrated_0.05,128,1.05,9.747988875912631e-06,3.923982369770467e-06,0.02658549595852958,0.05000012509264455,0.03799884173186928,0.026827491999308214,4.080596069805974e-06,2.0074171743030585e-06,0.00010738738034700715
val-gsm8k,c75896d63fe7da0a,answer256,calibrated_0.05,128,2.0,9.747988875912631e-06,3.923982369770467e-06,2.8119403744133693e-06,0.05000012509264455,1.8339342941377676e-05,9.628442048208405e-06,3.09986069635646e-06,1.5454904366546676e-06,0.16902790390393313
val-gsm8k,53c5ed9ea123af8d,prompt,real_base_to_step8,8,1.001,0.0002519880429344071,0.0002503352363403815,0.00010429549877004307,2.352051746186101e-05,3.979900322389693e-06,2.006036581026773e-06,3.7308856018625175e-06,1.8785650965636355e-06,0.937431920310593
val-gsm8k,53c5ed9ea123af8d,prompt,real_base_to_step8,8,1.05,0.0002519880429344071,0.0002503352363403815,5.8875262208478535e-06,2.352051746186101e-05,2.3709390124987734e-07,1.4583505683024692e-07,2.3709389747308105e-07,1.4583505376349214e-07,0.9999999840704621
val-gsm8k,53c5ed9ea123af8d,prompt,real_base_to_step8,8,2.0,0.0002519880429344071,0.0002503352363403815,0.0,2.352051746186101e-05,3.776843639328192e-15,3.7747583477307084e-15,0.0,0.0,
val-gsm8k,53c5ed9ea123af8d,prompt,real_base_to_step8,32,1.001,0.00019742344307599767,0.00019617892981421643,0.00010429549877004307,2.352051746186101e-05,3.979900322389693e-06,2.006036581026773e-06,2.879027821650424e-06,1.4417820834205474e-06,0.7233919416156984
val-gsm8k,53c5ed9ea123af8d,prompt,real_base_to_step8,32,1.05,0.00019742344307599767,0.00019617892981421643,5.8875262208478535e-06,2.352051746186101e-05,2.3709390124987734e-07,1.4583505683024692e-07,5.93951937434604e-08,3.024681708896886e-08,0.25051337647383337
val-gsm8k,53c5ed9ea123af8d,prompt,real_base_to_step8,32,2.0,0.00019742344307599767,0.00019617892981421643,0.0,2.352051746186101e-05,3.776843639328192e-15,3.7747583477307084e-15,0.0,0.0,
val-gsm8k,53c5ed9ea123af8d,prompt,real_base_to_step8,128,1.001,0.00014961811100114162,0.00014858910932299548,0.00010429549877004307,2.352051746186101e-05,3.979900322389693e-06,2.006036581026773e-06,2.0512140982406574e-06,1.0260326801167995e-06,0.5153933345267868
val-gsm8k,53c5ed9ea123af8d,prompt,real_base_to_step8,128,1.05,0.00014961811100114162,0.00014858910932299548,5.8875262208478535e-06,2.352051746186101e-05,2.3709390124987734e-07,1.4583505683024692e-07,5.2959327488421385e-08,2.690610756628692e-08,0.22336857763627854
val-gsm8k,53c5ed9ea123af8d,prompt,real_base_to_step8,128,2.0,0.00014961811100114162,0.00014858910932299548,0.0,2.352051746186101e-05,3.776843639328192e-15,3.7747583477307084e-15,0.0,0.0,
val-gsm8k,53c5ed9ea123af8d,prompt,calibrated_0.016,8,1.001,0.0002519880429344071,0.0015349558913603572,0.000314058154737438,0.01600005601592589,0.028437576595398268,0.018787072545272905,0.00037469750530512067,0.00013123045329480819,0.013176140521262059
val-gsm8k,53c5ed9ea123af8d,prompt,calibrated_0.016,8,1.05,0.0002519880429344071,0.0015349558913603572,0.000313207919765375,0.01600005601592589,0.028407329615334306,0.018769964394956873,0.0003930344032479005,0.00013940355087863483,0.013835668771757417
val-gsm8k,53c5ed9ea123af8d,prompt,calibrated_0.016,8,2.0,0.0002519880429344071,0.0015349558913603572,0.0002964823387124868,0.01600005601592589,0.02783909599544862,0.018445177428952523,0.0007485206589940745,0.00030686380987486584,0.026887390995614557
val-gsm8k,53c5ed9ea123af8d,prompt,calibrated_0.016,32,1.001,0.00019742344307599767,0.0013210426894095103,0.000314058154737438,0.01600005601592589,0.028437576595398268,0.018787072545272905,0.0003005955175217815,0.00010312070612555626,0.010570363354042746
val-gsm8k,53c5ed9ea123af8d,prompt,calibrated_0.016,32,1.05,0.00019742344307599767,0.0013210426894095103,0.000313207919765375,0.01600005601592589,0.028407329615334306,0.018769964394956873,0.00031530667275081237,0.00010952811657701703,0.011099483021473778
val-gsm8k,53c5ed9ea123af8d,prompt,calibrated_0.016,32,2.0,0.00019742344307599767,0.0013210426894095103,0.0002964823387124868,0.01600005601592589,0.02783909599544862,0.018445177428952523,0.0006005030287336902,0.00024202482872697309,0.021570493123478782
val-gsm8k,53c5ed9ea123af8d,prompt,calibrated_0.016,128,1.001,0.00014961811100114162,0.0011247728259969043,0.000314058154737438,0.01600005601592589,0.028437576595398268,0.018787072545272905,0.00023376678004553353,7.878356744249991e-05,0.008220348146099107
val-gsm8k,53c5ed9ea123af8d,prompt,calibrated_0.016,128,1.05,0.00014961811100114162,0.0011247728259969043,0.000313207919765375,0.01600005601592589,0.028407329615334306,0.018769964394956873,0.0002452078678077992,8.362052915349643e-05,0.008631852100432408
val-gsm8k,53c5ed9ea123af8d,prompt,calibrated_0.016,128,2.0,0.00014961811100114162,0.0011247728259969043,0.0002964823387124868,0.01600005601592589,0.02783909599544862,0.018445177428952523,0.0004670100060129267,0.00018460812206246466,0.01677532941763905
val-gsm8k,53c5ed9ea123af8d,prompt,calibrated_0.05,8,1.001,0.0002519880429344071,0.006020681382684271,0.00031355763045604426,0.04999957242576429,0.08947095428057036,0.058719861936134155,0.00042094887319244466,0.00013878736006414275,0.004704866250474971
val-gsm8k,53c5ed9ea123af8d,prompt,calibrated_0.05,8,1.05,0.0002519880429344071,0.006020681382684271,0.00031265400497712087,0.04999957242576429,0.08944180722739502,0.0587034201373027,0.00044153902734558485,0.00014686752437165717,0.004936606728249856
val-gsm8k,53c5ed9ea123af8d,prompt,calibrated_0.05,8,2.0,0.0002519880429344071,0.006020681382684271,0.0002994689246527863,0.04999957242576429,0.08889040611882064,0.0583897339856777,0.0008406555457579112,0.00031025485758396954,0.009457213466143907
val-gsm8k,53c5ed9ea123af8d,prompt,calibrated_0.05,32,1.001,0.00019742344307599767,0.005574966027325131,0.00031355763045604426,0.04999957242576429,0.08947095428057036,0.058719861936134155,0.0003381365558526477,0.00010932717309534931,0.003779288581099642
val-gsm8k,53c5ed9ea123af8d,prompt,calibrated_0.05,32,1.05,0.00019742344307599767,0.005574966027325131,0.00031265400497712087,0.04999957242576429,0.08944180722739502,0.0587034201373027,0.000354677234796823,0.00011568468581340136,0.0039654524633552955
val-gsm8k,53c5ed9ea123af8d,prompt,calibrated_0.05,32,2.0,0.00019742344307599767,0.005574966027325131,0.0002994689246527863,0.04999957242576429,0.08889040611882064,0.0583897339856777,0.0006752953984544105,0.00024508868122922876,0.007596943561622801
val-gsm8k,53c5ed9ea123af8d,prompt,calibrated_0.05,128,1.001,0.00014961811100114162,0.0051283037545132495,0.00031355763045604426,0.04999957242576429,0.08947095428057036,0.058719861936134155,0.0002611812251848204,8.367923837137676e-05,0.0029191733483224834
val-gsm8k,53c5ed9ea123af8d,prompt,calibrated_0.05,128,1.05,0.00014961811100114162,0.0051283037545132495,0.00031265400497712087,0.04999957242576429,0.08944180722739502,0.0587034201373027,0.0002739585720879924,8.850135481790986e-05,0.003062981178270311
val-gsm8k,53c5ed9ea123af8d,prompt,calibrated_0.05,128,2.0,0.00014961811100114162,0.0051283037545132495,0.0002994689246527863,0.04999957242576429,0.08889040611882064,0.0583897339856777,0.0005216270709388169,0.00018731022468177917,0.0058682043846391375
val-gsm8k,53c5ed9ea123af8d,answer16,real_base_to_step8,8,1.001,6.934768895831141e-07,7.044815037341114e-07,0.030998850314862447,0.0030708732494036895,0.002947226293532902,0.0019115141509048743,1.8264491128147937e-08,5.9118589181219985e-09,6.197179757871225e-06
val-gsm8k,53c5ed9ea123af8d,answer16,real_base_to_step8,8,1.05,6.934768895831141e-07,7.044815037341114e-07,0.02233726589854,0.0030708732494036895,0.00024135633538885427,0.00016987585511937258,3.2297764178091184e-09,1.7614998815331588e-09,1.3381776006026764e-05
val-gsm8k,53c5ed9ea123af8d,answer16,real_base_to_step8,8,2.0,6.934768895831141e-07,7.044815037341114e-07,0.0,0.0030708732494036895,3.1753706694172265e-13,3.073031524590728e-13,0.0,0.0,
val-gsm8k,53c5ed9ea123af8d,answer16,real_base_to_step8,32,1.001,1.4136866214413877e-07,1.43032539146719e-07,0.030998850314862447,0.0030708732494036895,0.002947226293532902,0.0019115141509048743,4.0151195428226795e-09,1.5157366946910007e-09,1.3623383964892875e-06
val-gsm8k,53c5ed9ea123af8d,answer16,real_base_to_step8,32,1.05,1.4136866214413877e-07,1.43032539146719e-07,0.02233726589854,0.0030708732494036895,0.00024135633538885427,0.00016987585511937258,9.719347629917759e-10,5.634720521419395e-10,4.026970170167157e-06
val-gsm8k,53c5ed9ea123af8d,answer16,real_base_to_step8,32,2.0,1.4136866214413877e-07,1.43032539146719e-07,0.0,0.0030708732494036895,3.1753706694172265e-13,3.073031524590728e-13,0.0,0.0,
val-gsm8k,53c5ed9ea123af8d,answer16,real_base_to_step8,128,1.001,1.2532023402179135e-08,1.2693839904103823e-08,0.030998850314862447,0.0030708732494036895,0.002947226293532902,0.0019115141509048743,2.2864749799852694e-10,6.114472832391976e-11,7.758057075571296e-08
val-gsm8k,53c5ed9ea123af8d,answer16,real_base_to_step8,128,1.05,1.2532023402179135e-08,1.2693839904103823e-08,0.02233726589854,0.0030708732494036895,0.00024135633538885427,0.00016987585511937258,1.1120196822594695e-11,5.538486141488866e-12,4.607377222843027e-08
val-gsm8k,53c5ed9ea123af8d,answer16,real_base_to_step8,128,2.0,1.2532023402179135e-08,1.2693839904103823e-08,0.0,0.0030708732494036895,3.1753706694172265e-13,3.073031524590728e-13,0.0,0.0,
val-gsm8k,53c5ed9ea123af8d,answer16,calibrated_0.016,8,1.001,6.934768895831141e-07,5.806271867811338e-07,0.9689999603466728,0.016000044369870455,0.0003046960210008265,0.0001907660639733959,1.3892011221858462e-09,8.765943117265575e-10,4.559301817013482e-06
val-gsm8k,53c5ed9ea123af8d,answer16,calibrated_0.016,8,1.05,6.934768895831141e-07,5.806271867811338e-07,9.161626099182735e-09,0.016000044369870455,1.775851608203075e-10,1.2310174143212283e-10,1.7791353362856648e-10,1.2332742918180472e-10,1.0018491004920802
val-gsm8k,53c5ed9ea123af8d,answer16,calibrated_0.016,8,2.0,6.934768895831141e-07,5.806271867811338e-07,0.0,0.016000044369870455,3.2837281463477863e-13,3.2068547008036793e-13,0.0,0.0,
val-gsm8k,53c5ed9ea123af8d,answer16,calibrated_0.016,32,1.001,1.4136866214413877e-07,1.1516619027987107e-07,0.9689999603466728,0.016000044369870455,0.0003046960210008265,0.0001907660639733959,2.052973524882179e-11,1.0826020395876414e-11,6.737775958277481e-08
val-gsm8k,53c5ed9ea123af8d,answer16,calibrated_0.016,32,1.05,1.4136866214413877e-07,1.1516619027987107e-07,9.161626099182735e-09,0.016000044369870455,1.775851608203075e-10,1.2310174143212283e-10,2.8464164498594216e-12,1.4976252722465503e-12,0.016028458890997178
val-gsm8k,53c5ed9ea123af8d,answer16,calibrated_0.016,32,2.0,1.4136866214413877e-07,1.1516619027987107e-07,0.0,0.016000044369870455,3.2837281463477863e-13,3.2068547008036793e-13,0.0,0.0,
val-gsm8k,53c5ed9ea123af8d,answer16,calibrated_0.016,128,1.001,1.2532023402179135e-08,9.926209097780166e-09,0.9689999603466728,0.016000044369870455,0.0003046960210008265,0.0001907660639733959,2.052973524882179e-11,1.0826020395876414e-11,6.737775958277481e-08
val-gsm8k,53c5ed9ea123af8d,answer16,calibrated_0.016,128,1.05,1.2532023402179135e-08,9.926209097780166e-09,9.161626099182735e-09,0.016000044369870455,1.775851608203075e-10,1.2310174143212283e-10,2.8464164498594216e-12,1.4976252722465503e-12,0.016028458890997178
val-gsm8k,53c5ed9ea123af8d,answer16,calibrated_0.016,128,2.0,1.2532023402179135e-08,9.926209097780166e-09,0.0,0.016000044369870455,3.2837281463477863e-13,3.2068547008036793e-13,0.0,0.0,
val-gsm8k,53c5ed9ea123af8d,answer16,calibrated_0.05,8,1.001,6.934768895831141e-07,3.8638863537852275e-07,0.968999960346115,0.04999986026953578,0.0004311458988397433,0.0002651644617175629,4.959532024994446e-09,3.1974129067588143e-09,1.150314090506495e-05
val-gsm8k,53c5ed9ea123af8d,answer16,calibrated_0.05,8,1.05,6.934768895831141e-07,3.8638863537852275e-07,9.293332599417854e-09,0.04999986026953578,3.1705411912364078e-09,2.2109518658204966e-09,3.170871405076565e-09,2.211183049590714e-09,1.0001041506229504
val-gsm8k,53c5ed9ea123af8d,answer16,calibrated_0.05,8,2.0,6.934768895831141e-07,3.8638863537852275e-07,1.5123555946534538e-13,0.04999986026953578,3.300937302886859e-13,2.9800937346862363e-13,5.763065995641553e-14,3.090473143984648e-14,
val-gsm8k,53c5ed9ea123af8d,answer16,calibrated_0.05,32,1.001,1.4136866214413877e-07,7.161538000937063e-08,0.968999960346115,0.04999986026953578,0.0004311458988397433,0.0002651644617175629,7.580103808269826e-11,4.0338572154706055e-11,1.758129632838592e-07
val-gsm8k,53c5ed9ea123af8d,answer16,calibrated_0.05,32,1.05,1.4136866214413877e-07,7.161538000937063e-08,9.293332599417854e-09,0.04999986026953578,3.1705411912364078e-09,2.2109518658204966e-09,5.013439996939138e-11,2.6948896422737735e-11,0.01581256856336271
val-gsm8k,53c5ed9ea123af8d,answer16,calibrated_0.05,32,2.0,1.4136866214413877e-07,7.161538000937063e-08,1.5123555946534538e-13,0.04999986026953578,3.300937302886859e-13,2.9800937346862363e-13,5.763065995641553e-14,3.090473143984648e-14,
val-gsm8k,53c5ed9ea123af8d,answer16,calibrated_0.05,128,1.001,1.2532023402179135e-08,5.802615377563936e-09,0.968999960346115,0.04999986026953578,0.0004311458988397433,0.0002651644617175629,7.580103808269826e-11,4.0338572154706055e-11,1.758129632838592e-07
val-gsm8k,53c5ed9ea123af8d,answer16,calibrated_0.05,128,1.05,1.2532023402179135e-08,5.802615377563936e-09,9.293332599417854e-09,0.04999986026953578,3.1705411912364078e-09,2.2109518658204966e-09,5.013439996939138e-11,2.6948896422737735e-11,0.01581256856336271
val-gsm8k,53c5ed9ea123af8d,answer16,calibrated_0.05,128,2.0,1.2532023402179135e-08,5.802615377563936e-09,1.5123555946534538e-13,0.04999986026953578,3.300937302886859e-13,2.9800937346862363e-13,5.763065995641553e-14,3.090473143984648e-14,
val-gsm8k,53c5ed9ea123af8d,answer32,real_base_to_step8,8,1.001,3.0597172148974776e-07,3.079178368102272e-07,0.08350445033776072,0.0036442288036043803,0.003196918130187087,0.0022590869373633224,3.923855262341413e-09,1.681803178990099e-09,1.227386846503881e-06
val-gsm8k,53c5ed9ea123af8d,answer32,real_base_to_step8,8,1.05,3.0597172148974776e-07,3.079178368102272e-07,5.78953344192175e-07,0.0036442288036043803,3.8626681113906615e-08,2.621592140695259e-08,2.5898276722592567e-11,1.3567834260643178e-11,0.0006704763644130044
val-gsm8k,53c5ed9ea123af8d,answer32,real_base_to_step8,8,2.0,3.0597172148974776e-07,3.079178368102272e-07,0.0,0.0036442288036043803,2.837819132052908e-13,2.6069348988060704e-13,0.0,0.0,
val-gsm8k,53c5ed9ea123af8d,answer32,real_base_to_step8,32,1.001,3.040951915984566e-09,3.1047047925629586e-09,0.08350445033776072,0.0036442288036043803,0.003196918130187087,0.0022590869373633224,6.420951166607462e-11,1.3433869251065176e-11,2.0084815766713744e-08
val-gsm8k,53c5ed9ea123af8d,answer32,real_base_to_step8,32,1.05,3.040951915984566e-09,3.1047047925629586e-09,5.78953344192175e-07,0.0036442288036043803,3.8626681113906615e-08,2.621592140695259e-08,1.5148587486152505e-11,7.8809171765752e-12,0.00039217937056203927
val-gsm8k,53c5ed9ea123af8d,answer32,real_base_to_step8,32,2.0,3.040951915984566e-09,3.1047047925629586e-09,0.0,0.0036442288036043803,2.837819132052908e-13,2.6069348988060704e-13,0.0,0.0,
val-gsm8k,53c5ed9ea123af8d,answer32,real_base_to_step8,128,1.001,4.535214437486556e-10,4.6095783076771427e-10,0.08350445033776072,0.0036442288036043803,0.003196918130187087,0.0022590869373633224,8.482919966031909e-12,1.6602544347370565e-12,2.6534680028028996e-09
val-gsm8k,53c5ed9ea123af8d,answer32,real_base_to_step8,128,1.05,4.535214437486556e-10,4.6095783076771427e-10,5.78953344192175e-07,0.0036442288036043803,3.8626681113906615e-08,2.621592140695259e-08,9.783003874934674e-13,4.719958121789173e-13,2.532706303729661e-05
val-gsm8k,53c5ed9ea123af8d,answer32,real_base_to_step8,128,2.0,4.535214437486556e-10,4.6095783076771427e-10,0.0,0.0036442288036043803,2.837819132052908e-13,2.6069348988060704e-13,0.0,0.0,
val-gsm8k,53c5ed9ea123af8d,answer32,calibrated_0.016,8,1.001,3.0597172148974776e-07,2.8054621600300246e-07,0.916569398539091,0.01600036582484742,0.0010441170515640135,0.0007338363865166943,3.4994496624626084e-10,1.845933332866629e-10,3.351587503738858e-07
val-gsm8k,53c5ed9ea123af8d,answer32,calibrated_0.016,8,1.05,3.0597172148974776e-07,2.8054621600300246e-07,7.409361281966726e-05,0.01600036582484742,5.9115382032035935e-06,4.026849754531676e-06,7.192435223946088e-11,4.3198012860804515e-11,1.2166774495423793e-05
val-gsm8k,53c5ed9ea123af8d,answer32,calibrated_0.016,8,2.0,3.0597172148974776e-07,2.8054621600300246e-07,0.0,0.01600036582484742,2.846703224720043e-13,2.640006499399826e-13,0.0,0.0,
val-gsm8k,53c5ed9ea123af8d,answer32,calibrated_0.016,32,1.001,3.040951915984566e-09,2.9369601882525933e-09,0.916569398539091,0.01600036582484742,0.0010441170515640135,0.0007338363865166943,7.510042436300906e-11,3.594044322096767e-11,7.192720801802243e-08
val-gsm8k,53c5ed9ea123af8d,answer32,calibrated_0.016,32,1.05,3.040951915984566e-09,2.9369601882525933e-09,7.409361281966726e-05,0.01600036582484742,5.9115382032035935e-06,4.026849754531676e-06,1.6188231730471154e-11,7.855083870892994e-12,2.7384127741403062e-06
val-gsm8k,53c5ed9ea123af8d,answer32,calibrated_0.016,32,2.0,3.040951915984566e-09,2.9369601882525933e-09,0.0,0.01600036582484742,2.846703224720043e-13,2.640006499399826e-13,0.0,0.0,
val-gsm8k,53c5ed9ea123af8d,answer32,calibrated_0.016,128,1.001,4.535214437486556e-10,4.33877223122154e-10,0.916569398539091,0.01600036582484742,0.0010441170515640135,0.0007338363865166943,1.1723486670834438e-11,5.5080388025552265e-12,1.1228134482885308e-08
val-gsm8k,53c5ed9ea123af8d,answer32,calibrated_0.016,128,1.05,4.535214437486556e-10,4.33877223122154e-10,7.409361281966726e-05,0.01600036582484742,5.9115382032035935e-06,4.026849754531676e-06,4.6206405642997595e-12,2.2017742126528376e-12,7.816308387884108e-07
val-gsm8k,53c5ed9ea123af8d,answer32,calibrated_0.016,128,2.0,4.535214437486556e-10,4.33877223122154e-10,0.0,0.01600036582484742,2.846703224720043e-13,2.640006499399826e-13,0.0,0.0,
val-gsm8k,53c5ed9ea123af8d,answer32,calibrated_0.05,8,1.001,3.0597172148974776e-07,2.3050702905934698e-07,0.916569398538819,0.05000004777319984,0.0026812841377269222,0.0018802219311521227,1.2348531210143197e-09,6.583684701453971e-10,4.605454168916149e-07
val-gsm8k,53c5ed9ea123af8d,answer32,calibrated_0.05,8,1.05,3.0597172148974776e-07,2.3050702905934698e-07,7.409660084746334e-05,0.05000004777319984,4.027327637450373e-05,2.7629210986184557e-05,8.634148090493836e-10,4.641687924866063e-10,2.1438901593712788e-05
val-gsm8k,53c5ed9ea123af8d,answer32,calibrated_0.05,8,2.0,3.0597172148974776e-07,2.3050702905934698e-07,7.492532872009452e-14,0.05000004777319984,2.8347518703069604e-13,2.570327359924672e-13,2.1405325870442514e-14,1.1307189951370558e-14,
val-gsm8k,53c5ed9ea123af8d,answer32,calibrated_0.05,32,1.001,3.040951915984566e-09,2.751419583794174e-09,0.916569398538819,0.05000004777319984,0.0026812841377269222,0.0018802219311521227,2.6259585224708553e-10,1.274340978880316e-10,9.79366000612315e-08
val-gsm8k,53c5ed9ea123af8d,answer32,calibrated_0.05,32,1.05,3.040951915984566e-09,2.751419583794174e-09,7.409660084746334e-05,0.05000004777319984,4.027327637450373e-05,2.7629210986184557e-05,1.7597258459246256e-10,8.572174498304119e-11,4.3694628407205414e-06
val-gsm8k,53c5ed9ea123af8d,answer32,calibrated_0.05,32,2.0,3.040951915984566e-09,2.751419583794174e-09,7.492532872009452e-14,0.05000004777319984,2.8347518703069604e-13,2.570327359924672e-13,2.1405325870442514e-14,1.1307189951370558e-14,
val-gsm8k,53c5ed9ea123af8d,answer32,calibrated_0.05,128,1.001,4.535214437486556e-10,3.9986990732773487e-10,0.916569398538819,0.05000004777319984,0.0026812841377269222,0.0018802219311521227,4.257872166167212e-11,2.0317052532207016e-11,1.5879973726980137e-08
val-gsm8k,53c5ed9ea123af8d,answer32,calibrated_0.05,128,1.05,4.535214437486556e-10,3.9986990732773487e-10,7.409660084746334e-05,0.05000004777319984,4.027327637450373e-05,2.7629210986184557e-05,3.2895778716943386e-11,1.575610250170004e-11,8.168140682432556e-07
val-gsm8k,53c5ed9ea123af8d,answer32,calibrated_0.05,128,2.0,4.535214437486556e-10,3.9986990732773487e-10,7.492532872009452e-14,0.05000004777319984,2.8347518703069604e-13,2.570327359924672e-13,2.1405325870442514e-14,1.1307189951370558e-14,
val-gsm8k,53c5ed9ea123af8d,answer64,real_base_to_step8,8,1.001,8.868279726173795e-07,9.201157780769252e-07,0.005339771481142344,0.0006548559980249168,0.000650349324263405,0.0004589258602233698,2.9487352379568657e-08,1.5706311738456494e-08,4.534079037133844e-05
val-gsm8k,53c5ed9ea123af8d,answer64,real_base_to_step8,8,1.05,8.868279726173795e-07,9.201157780769252e-07,0.005312534352748156,0.0006548559980249168,0.00013037364002108085,9.216035692888047e-05,1.9713606171082858e-08,1.3054288538557656e-08,0.00015120852779668692
val-gsm8k,53c5ed9ea123af8d,answer64,real_base_to_step8,8,2.0,8.868279726173795e-07,9.201157780769252e-07,0.0,0.0006548559980249168,1.7295485352355728e-13,1.7197631486345202e-13,0.0,0.0,
val-gsm8k,53c5ed9ea123af8d,answer64,real_base_to_step8,32,1.001,6.024349049781173e-08,6.322172421886111e-08,0.005339771481142344,0.0006548559980249168,0.000650349324263405,0.0004589258602233698,8.278876792394652e-10,1.1470980555806943e-10,1.2729892203349986e-06
val-gsm8k,53c5ed9ea123af8d,answer64,real_base_to_step8,32,1.05,6.024349049781173e-08,6.322172421886111e-08,0.005312534352748156,0.0006548559980249168,0.00013037364002108085,9.216035692888047e-05,8.34148375063863e-10,4.2094114589007553e-10,6.398136731696567e-06
val-gsm8k,53c5ed9ea123af8d,answer64,real_base_to_step8,32,2.0,6.024349049781173e-08,6.322172421886111e-08,0.0,0.0006548559980249168,1.7295485352355728e-13,1.7197631486345202e-13,0.0,0.0,
val-gsm8k,53c5ed9ea123af8d,answer64,real_base_to_step8,128,1.001,1.5589484791816964e-08,1.635546592368281e-08,0.005339771481142344,0.0006548559980249168,0.000650349324263405,0.0004589258602233698,2.0447963586474878e-10,1.1225470745791918e-11,3.1441508161224794e-07
val-gsm8k,53c5ed9ea123af8d,answer64,real_base_to_step8,128,1.05,1.5589484791816964e-08,1.635546592368281e-08,0.005312534352748156,0.0006548559980249168,0.00013037364002108085,9.216035692888047e-05,2.0160288658335613e-10,1.0061207566253263e-10,1.5463469958402468e-06
val-gsm8k,53c5ed9ea123af8d,answer64,real_base_to_step8,128,2.0,1.5589484791816964e-08,1.635546592368281e-08,0.0,0.0006548559980249168,1.7295485352355728e-13,1.7197631486345202e-13,0.0,0.0,
val-gsm8k,53c5ed9ea123af8d,answer64,calibrated_0.016,8,1.001,8.868279726173795e-07,0.014852592740360158,1.866147349200618e-06,0.016000091728791674,0.029460024426423155,0.019433851522111918,1.7411496692103897e-06,1.130686350993859e-06,5.9102112204928296e-05
val-gsm8k,53c5ed9ea123af8d,answer64,calibrated_0.016,8,1.05,8.868279726173795e-07,0.014852592740360158,1.8661187439626656e-06,0.016000091728791674,0.029459844281374534,0.019433784307485855,1.826362413344245e-06,1.1864792494848785e-06,6.199497851721268e-05
val-gsm8k,53c5ed9ea123af8d,answer64,calibrated_0.016,8,2.0,8.868279726173795e-07,0.014852592740360158,1.8653526248609074e-06,0.016000091728791674,0.0294563526704297,0.01943248162864266,3.478431373313566e-06,2.2685581303741625e-06,0.00011808764690699311
val-gsm8k,53c5ed9ea123af8d,answer64,calibrated_0.016,32,1.001,6.024349049781173e-08,0.014797270490097355,1.866147349200618e-06,0.016000091728791674,0.029460024426423155,0.019433851522111918,1.1770611970285017e-07,6.786335846572663e-08,3.995452210055798e-06
val-gsm8k,53c5ed9ea123af8d,answer64,calibrated_0.016,32,1.05,6.024349049781173e-08,0.014797270490097355,1.8661187439626656e-06,0.016000091728791674,0.029459844281374534,0.019433784307485855,1.234584369908403e-07,7.138462494061197e-08,4.190736237831872e-06
val-gsm8k,53c5ed9ea123af8d,answer64,calibrated_0.016,32,2.0,6.024349049781173e-08,0.014797270490097355,1.8653526248609074e-06,0.016000091728791674,0.0294563526704297,0.01943248162864266,2.3496812630897133e-07,1.4008269991126832e-07,7.976823503503486e-06
val-gsm8k,53c5ed9ea123af8d,answer64,calibrated_0.016,128,1.001,1.5589484791816964e-08,0.001897255783642035,1.866147349200618e-06,0.016000091728791674,0.029460024426423155,0.019433851522111918,3.073990205064929e-08,1.257618129730472e-08,1.0434445540743747e-06
val-gsm8k,53c5ed9ea123af8d,answer64,calibrated_0.016,128,1.05,1.5589484791816964e-08,0.001897255783642035,1.8661187439626656e-06,0.016000091728791674,0.029459844281374534,0.019433784307485855,3.224449032553587e-08,1.3228248568262222e-08,1.0945234474956774e-06
val-gsm8k,53c5ed9ea123af8d,answer64,calibrated_0.016,128,2.0,1.5589484791816964e-08,0.001897255783642035,1.8653526248609074e-06,0.016000091728791674,0.0294563526704297,0.01943248162864266,6.141410108084283e-08,2.6094273880579227e-08,2.0849187191628954e-06
val-gsm8k,53c5ed9ea123af8d,answer64,calibrated_0.05,8,1.001,8.868279726173795e-07,0.047641720015187766,1.8661391602005871e-06,0.04999986332530869,0.09099750715680341,0.05907128290840258,1.688269112768724e-06,1.0746906784173697e-06,1.8552916069003556e-05
val-gsm8k,53c5ed9ea123af8d,answer64,calibrated_0.05,8,1.05,8.868279726173795e-07,0.047641720015187766,1.8660841953219373e-06,0.04999986332530869,0.09099733303209641,0.05907121850154363,1.7708606786564714e-06,1.1276672109515738e-06,1.9460577795525685e-05
val-gsm8k,53c5ed9ea123af8d,answer64,calibrated_0.05,8,2.0,8.868279726173795e-07,0.047641720015187766,1.865364982224623e-06,0.04999986332530869,0.09099395785721236,0.05906997016831405,3.37207968133451e-06,2.1551121275791837e-06,3.70582812391343e-05
val-gsm8k,53c5ed9ea123af8d,answer64,calibrated_0.05,32,1.001,6.024349049781173e-08,0.047541617366113016,1.8661391602005871e-06,0.04999986332530869,0.09099750715680341,0.05907128290840258,1.14779507045081e-07,6.459492568130125e-08,1.2613478174440246e-06
val-gsm8k,53c5ed9ea123af8d,answer64,calibrated_0.05,32,1.05,6.024349049781173e-08,0.047541617366113016,1.8660841953219373e-06,0.04999986332530869,0.09099733303209641,0.05907121850154363,1.2036972527716225e-07,6.79343122903089e-08,1.322783001065599e-06
val-gsm8k,53c5ed9ea123af8d,answer64,calibrated_0.05,32,2.0,6.024349049781173e-08,0.047541617366113016,1.865364982224623e-06,0.04999986332530869,0.09099395785721236,0.05906997016831405,2.287054932365912e-07,1.3306899428285354e-07,2.5134140620136083e-06
val-gsm8k,53c5ed9ea123af8d,answer64,calibrated_0.05,128,1.001,1.5589484791816964e-08,0.007961326973352018,1.8661391602005871e-06,0.04999986332530869,0.09099750715680341,0.05907128290840258,3.075979570119794e-08,1.2588109632958965e-08,3.380289929062984e-07
val-gsm8k,53c5ed9ea123af8d,answer64,calibrated_0.05,128,1.05,1.5589484791816964e-08,0.007961326973352018,1.8660841953219373e-06,0.04999986332530869,0.09099733303209641,0.05907121850154363,3.2264876867088495e-08,1.3236502934137686e-08,3.5456947793962364e-07
val-gsm8k,53c5ed9ea123af8d,answer64,calibrated_0.05,128,2.0,1.5589484791816964e-08,0.007961326973352018,1.865364982224623e-06,0.04999986332530869,0.09099395785721236,0.05906997016831405,6.144131769116511e-08,2.5998503736588395e-08,6.752241482624459e-07
val-gsm8k,53c5ed9ea123af8d,answer128,real_base_to_step8,8,1.001,0.00029870226457741345,0.0003077120059138173,0.6337013870509421,0.004852528353771939,0.0013035116690495706,0.0008988979614668732,1.03080818901786e-05,2.274016893530306e-06,0.00790793219188788
val-gsm8k,53c5ed9ea123af8d,answer128,real_base_to_step8,8,1.05,0.00029870226457741345,0.0003077120059138173,0.0004959900541498084,0.004852528353771939,1.3694718647868085e-05,6.040979518491871e-06,5.638855394155816e-06,2.2850697721407095e-06,0.4117540154819932
val-gsm8k,53c5ed9ea123af8d,answer128,real_base_to_step8,8,2.0,0.00029870226457741345,0.0003077120059138173,0.0,0.004852528353771939,2.6224557011975395e-14,1.9196269328080197e-14,0.0,0.0,
val-gsm8k,53c5ed9ea123af8d,answer128,real_base_to_step8,32,1.001,5.600147618023795e-05,5.7991087172243796e-05,0.6337013870509421,0.004852528353771939,0.0013035116690495706,0.0008988979614668732,1.5687818879280162e-06,2.419125533477319e-07,0.0012035042916584415
val-gsm8k,53c5ed9ea123af8d,answer128,real_base_to_step8,32,1.05,5.600147618023795e-05,5.7991087172243796e-05,0.0004959900541498084,0.004852528353771939,1.3694718647868085e-05,6.040979518491871e-06,9.744829395014947e-07,3.8025867453273385e-07,0.07115757282484929
val-gsm8k,53c5ed9ea123af8d,answer128,real_base_to_step8,32,2.0,5.600147618023795e-05,5.7991087172243796e-05,0.0,0.004852528353771939,2.6224557011975395e-14,1.9196269328080197e-14,0.0,0.0,
val-gsm8k,53c5ed9ea123af8d,answer128,real_base_to_step8,128,1.001,1.1115667804497511e-05,1.149479153317978e-05,0.6337013870509421,0.004852528353771939,0.0013035116690495706,0.0008988979614668732,2.349108510079436e-07,1.809262823751966e-08,0.0001802138458639378
val-gsm8k,53c5ed9ea123af8d,answer128,real_base_to_step8,128,1.05,1.1115667804497511e-05,1.149479153317978e-05,0.0004959900541498084,0.004852528353771939,1.3694718647868085e-05,6.040979518491871e-06,1.0336141734967636e-07,3.8377806242590506e-08,0.0075475385809234624
val-gsm8k,53c5ed9ea123af8d,answer128,real_base_to_step8,128,2.0,1.1115667804497511e-05,1.149479153317978e-05,0.0,0.004852528353771939,2.6224557011975395e-14,1.9196269328080197e-14,0.0,0.0,
val-gsm8k,53c5ed9ea123af8d,answer128,calibrated_0.016,8,1.001,0.00029870226457741345,0.00029747614534925056,0.3665934703142118,0.015999665765276897,0.009569315926417793,0.0067525216795071685,2.170809755661402e-05,9.166676917159172e-06,0.0022685109075231773
val-gsm8k,53c5ed9ea123af8d,answer128,calibrated_0.016,8,1.05,0.00029870226457741345,0.00029747614534925056,8.50359075802294e-05,0.015999665765276897,1.1439455946333531e-05,5.214721393555248e-06,1.1439455960165051e-05,5.214721401611077e-06,1.0000000012091064
val-gsm8k,53c5ed9ea123af8d,answer128,calibrated_0.016,8,2.0,0.00029870226457741345,0.00029747614534925056,0.0,0.015999665765276897,1.3834137450569322e-14,1.0081810669711752e-14,0.0,0.0,
val-gsm8k,53c5ed9ea123af8d,answer128,calibrated_0.016,32,1.001,5.600147618023795e-05,5.5462258707148984e-05,0.3665934703142118,0.015999665765276897,0.009569315926417793,0.0067525216795071685,3.1789538739183906e-06,1.2736392869155168e-06,0.0003322028343888537
val-gsm8k,53c5ed9ea123af8d,answer128,calibrated_0.016,32,1.05,5.600147618023795e-05,5.5462258707148984e-05,8.50359075802294e-05,0.015999665765276897,1.1439455946333531e-05,5.214721393555248e-06,1.3479768118676422e-06,6.093020290828204e-07,0.11783574482837912
val-gsm8k,53c5ed9ea123af8d,answer128,calibrated_0.016,32,2.0,5.600147618023795e-05,5.5462258707148984e-05,0.0,0.015999665765276897,1.3834137450569322e-14,1.0081810669711752e-14,0.0,0.0,
val-gsm8k,53c5ed9ea123af8d,answer128,calibrated_0.016,128,1.001,1.1115667804497511e-05,1.0964961412449864e-05,0.3665934703142118,0.015999665765276897,0.009569315926417793,0.0067525216795071685,5.28202044083784e-07,1.9424518321263357e-07,5.519747160040862e-05
val-gsm8k,53c5ed9ea123af8d,answer128,calibrated_0.016,128,1.05,1.1115667804497511e-05,1.0964961412449864e-05,8.50359075802294e-05,0.015999665765276897,1.1439455946333531e-05,5.214721393555248e-06,2.0689032369059054e-07,7.690156303361021e-08,0.018085678607547864
val-gsm8k,53c5ed9ea123af8d,answer128,calibrated_0.016,128,2.0,1.1115667804497511e-05,1.0964961412449864e-05,0.0,0.015999665765276897,1.3834137450569322e-14,1.0081810669711752e-14,0.0,0.0,
val-gsm8k,53c5ed9ea123af8d,answer128,calibrated_0.05,8,1.001,0.00029870226457741345,0.0003034055238096101,0.36659350022206993,0.050000364610487236,0.0301553385855394,0.021276670415318583,7.248297468285246e-05,2.9746424508211816e-05,0.0024036531533958875
val-gsm8k,53c5ed9ea123af8d,answer128,calibrated_0.05,8,1.05,0.00029870226457741345,0.0003034055238096101,0.3665765834957418,0.050000364610487236,0.008303754198860846,0.00583904155559311,6.472376207078386e-05,2.8054575402156863e-05,0.007794518060236299
val-gsm8k,53c5ed9ea123af8d,answer128,calibrated_0.05,8,2.0,0.00029870226457741345,0.0003034055238096101,9.563090706864352e-09,0.050000364610487236,3.45509907504624e-09,1.968669437125594e-09,3.4551312441313668e-09,1.968684187103752e-09,1.000009310611484
val-gsm8k,53c5ed9ea123af8d,answer128,calibrated_0.05,32,1.001,5.600147618023795e-05,5.549621988323986e-05,0.36659350022206993,0.050000364610487236,0.0301553385855394,0.021276670415318583,1.113027481330367e-05,4.474182548602827e-06,0.00036909798846168645
val-gsm8k,53c5ed9ea123af8d,answer128,calibrated_0.05,32,1.05,5.600147618023795e-05,5.549621988323986e-05,0.3665765834957418,0.050000364610487236,0.008303754198860846,0.00583904155559311,8.91727043877392e-06,3.6815514999911823e-06,0.0010738842004737134
val-gsm8k,53c5ed9ea123af8d,answer128,calibrated_0.05,32,2.0,5.600147618023795e-05,5.549621988323986e-05,9.563090706864352e-09,0.050000364610487236,3.45509907504624e-09,1.968669437125594e-09,3.4551312441313668e-09,1.968684187103752e-09,1.000009310611484
val-gsm8k,53c5ed9ea123af8d,answer128,calibrated_0.05,128,1.001,1.1115667804497511e-05,1.084484355442252e-05,0.36659350022206993,0.050000364610487236,0.0301553385855394,0.021276670415318583,1.8271618992144423e-06,6.67283856637081e-07,6.0591655903032506e-05
val-gsm8k,53c5ed9ea123af8d,answer128,calibrated_0.05,128,1.05,1.1115667804497511e-05,1.084484355442252e-05,0.3665765834957418,0.050000364610487236,0.008303754198860846,0.00583904155559311,1.4349493668152912e-06,5.252619823237122e-07,0.00017280730287177158
val-gsm8k,53c5ed9ea123af8d,answer128,calibrated_0.05,128,2.0,1.1115667804497511e-05,1.084484355442252e-05,9.563090706864352e-09,0.050000364610487236,3.45509907504624e-09,1.968669437125594e-09,3.4551312441313668e-09,1.968684187103752e-09,1.000009310611484
val-gsm8k,53c5ed9ea123af8d,answer256,real_base_to_step8,8,1.001,0.013931707962334996,0.01183893806112233,0.9065620070537618,0.0334661608915219,0.002327441019930833,0.0009668791810869847,4.7000105898426174e-05,2.441307842554803e-05,0.020193897716825032
val-gsm8k,53c5ed9ea123af8d,answer256,real_base_to_step8,8,1.05,0.013931707962334996,0.01183893806112233,0.006868194167343497,0.0334661608915219,0.0004464422278933222,0.00029719122127419827,1.7915718498719353e-05,1.0296270016564862e-05,0.04012998184168262
val-gsm8k,53c5ed9ea123af8d,answer256,real_base_to_step8,8,2.0,0.013931707962334996,0.01183893806112233,0.0,0.0334661608915219,1.2408192555715203e-16,1.1115330735935176e-16,0.0,0.0,
val-gsm8k,53c5ed9ea123af8d,answer256,real_base_to_step8,32,1.001,0.0029966088743935194,0.002579379428889982,0.9065620070537618,0.0334661608915219,0.002327441019930833,0.0009668791810869847,2.9285373731969117e-05,1.6511318073567175e-05,0.0125826491331838
val-gsm8k,53c5ed9ea123af8d,answer256,real_base_to_step8,32,1.05,0.0029966088743935194,0.002579379428889982,0.006868194167343497,0.0334661608915219,0.0004464422278933222,0.00029719122127419827,1.7915718498719353e-05,1.0296270016564862e-05,0.04012998184168262
val-gsm8k,53c5ed9ea123af8d,answer256,real_base_to_step8,32,2.0,0.0029966088743935194,0.002579379428889982,0.0,0.0334661608915219,1.2408192555715203e-16,1.1115330735935176e-16,0.0,0.0,
val-gsm8k,53c5ed9ea123af8d,answer256,real_base_to_step8,128,1.001,0.0005861893939449145,0.0005034385313820544,0.9065620070537618,0.0334661608915219,0.002327441019930833,0.0009668791810869847,3.154063269696148e-07,1.511935719138152e-07,0.000135516356491383
val-gsm8k,53c5ed9ea123af8d,answer256,real_base_to_step8,128,1.05,0.0005861893939449145,0.0005034385313820544,0.006868194167343497,0.0334661608915219,0.0004464422278933222,0.00029719122127419827,9.8952706300455e-08,5.00895327812162e-08,0.00022164728181604687
val-gsm8k,53c5ed9ea123af8d,answer256,real_base_to_step8,128,2.0,0.0005861893939449145,0.0005034385313820544,0.0,0.0334661608915219,1.2408192555715203e-16,1.1115330735935176e-16,0.0,0.0,
val-gsm8k,53c5ed9ea123af8d,answer256,calibrated_0.016,8,1.001,0.013931707962334996,0.013966247923930432,0.03947358694846289,0.01600004358227181,0.01516724236131674,0.008700344138159514,0.0012321875118634854,0.0006097936545789839,0.08124004894957804
val-gsm8k,53c5ed9ea123af8d,answer256,calibrated_0.016,8,1.05,0.013931707962334996,0.013966247923930432,0.03398059812381677,0.01600004358227181,0.011782488841888279,0.006777956231606472,0.0007725755966022563,0.00040101594151906254,0.06556981355718748
val-gsm8k,53c5ed9ea123af8d,answer256,calibrated_0.016,8,2.0,0.013931707962334996,0.013966247923930432,0.0,0.01600004358227181,1.284758996541968e-14,1.1557638974101595e-14,0.0,0.0,
val-gsm8k,53c5ed9ea123af8d,answer256,calibrated_0.016,32,1.001,0.0029966088743935194,0.002824419364065593,0.03947358694846289,0.01600004358227181,0.01516724236131674,0.008700344138159514,0.00016424796354531826,7.529125318952678e-05,0.01082912500720791
val-gsm8k,53c5ed9ea123af8d,answer256,calibrated_0.016,32,1.05,0.0029966088743935194,0.002824419364065593,0.03398059812381677,0.01600004358227181,0.011782488841888279,0.006777956231606472,9.370540242939894e-05,4.320456215177936e-05,0.007952937930759083
val-gsm8k,53c5ed9ea123af8d,answer256,calibrated_0.016,32,2.0,0.0029966088743935194,0.002824419364065593,0.0,0.01600004358227181,1.284758996541968e-14,1.1557638974101595e-14,0.0,0.0,
val-gsm8k,53c5ed9ea123af8d,answer256,calibrated_0.016,128,1.001,0.0005861893939449145,0.0005682743120978102,0.03947358694846289,0.01600004358227181,0.01516724236131674,0.008700344138159514,4.918477511516735e-05,2.2273770330830894e-05,0.003242829114448026
val-gsm8k,53c5ed9ea123af8d,answer256,calibrated_0.016,128,1.05,0.0005861893939449145,0.0005682743120978102,0.03398059812381677,0.01600004358227181,0.011782488841888279,0.006777956231606472,3.053918553697854e-05,1.3864200261892774e-05,0.0025919129605629474
val-gsm8k,53c5ed9ea123af8d,answer256,calibrated_0.016,128,2.0,0.0005861893939449145,0.0005682743120978102,0.0,0.01600004358227181,1.284758996541968e-14,1.1557638974101595e-14,0.0,0.0,
val-gsm8k,53c5ed9ea123af8d,answer256,calibrated_0.05,8,1.001,0.013931707962334996,0.014345572582858691,0.039467151735318194,0.05000019974326613,0.047887839369065724,0.027701130019170354,0.0033346383059163253,0.0015346145757385626,0.06963434454030543
val-gsm8k,53c5ed9ea123af8d,answer256,calibrated_0.05,8,1.05,0.013931707962334996,0.014345572582858691,0.03877300777235096,0.05000019974326613,0.04437446555477806,0.02573452355649553,0.003215228916871579,0.0016333365673143955,0.07245673557245529
val-gsm8k,53c5ed9ea123af8d,answer256,calibrated_0.05,8,2.0,0.013931707962334996,0.014345572582858691,0.010028267318416172,0.05000019974326613,0.0017822870631735044,0.001204199683042386,4.501806191452823e-06,2.179639687128635e-06,0.002525859208918342
val-gsm8k,53c5ed9ea123af8d,answer256,calibrated_0.05,32,1.001,0.0029966088743935194,0.0026367159000903226,0.039467151735318194,0.05000019974326613,0.047887839369065724,0.027701130019170354,0.00048400328910966556,0.00022034219443865452,0.010107018723052242
val-gsm8k,53c5ed9ea123af8d,answer256,calibrated_0.05,32,1.05,0.0029966088743935194,0.0026367159000903226,0.03877300777235096,0.05000019974326613,0.04437446555477806,0.02573452355649553,0.0004017639335078627,0.00018327068553409138,0.009053944165522517
val-gsm8k,53c5ed9ea123af8d,answer256,calibrated_0.05,32,2.0,0.0029966088743935194,0.0026367159000903226,0.010028267318416172,0.05000019974326613,0.0017822870631735044,0.001204199683042386,4.501806191452823e-06,2.179639687128635e-06,0.002525859208918342
val-gsm8k,53c5ed9ea123af8d,answer256,calibrated_0.05,128,1.001,0.0005861893939449145,0.0005603616489366641,0.039467151735318194,0.05000019974326613,0.047887839369065724,0.027701130019170354,0.00014940346525867964,6.71709778759438e-05,0.0031198623121675086
val-gsm8k,53c5ed9ea123af8d,answer256,calibrated_0.05,128,1.05,0.0005861893939449145,0.0005603616489366641,0.03877300777235096,0.05000019974326613,0.04437446555477806,0.02573452355649553,0.00012893618499692927,5.801842010214568e-05,0.0029056391639864145
val-gsm8k,53c5ed9ea123af8d,answer256,calibrated_0.05,128,2.0,0.0005861893939449145,0.0005603616489366641,0.010028267318416172,0.05000019974326613,0.0017822870631735044,0.001204199683042386,4.501806191452823e-06,2.179639687128635e-06,0.002525859208918342
val-math500,2e483202419b799c,prompt,real_base_to_step8,8,1.001,0.0004700499027706542,0.00046431209000100885,0.000119264243670988,4.377532414881074e-05,1.7560272464601915e-06,8.947620049005536e-07,1.4834011460246613e-06,7.494667995809401e-07,0.8447483653883553
val-math500,2e483202419b799c,prompt,real_base_to_step8,8,1.05,0.0004700499027706542,0.00046431209000100885,3.065382128155542e-10,4.377532414881074e-05,2.0553479284438317e-12,1.3800355818941242e-12,2.0527912334608804e-12,1.3781352008573342e-12,0.9987560767947998
val-math500,2e483202419b799c,prompt,real_base_to_step8,8,2.0,0.0004700499027706542,0.00046431209000100885,0.0,4.377532414881074e-05,2.5566949846227293e-15,2.5535133196831735e-15,0.0,0.0,
val-math500,2e483202419b799c,prompt,real_base_to_step8,32,1.001,0.00031833925213331846,0.0003149081798433633,0.000119264243670988,4.377532414881074e-05,1.7560272464601915e-06,8.947620049005536e-07,1.1100590978116892e-06,5.56416679892244e-07,0.6321422973643216
val-math500,2e483202419b799c,prompt,real_base_to_step8,32,1.05,0.00031833925213331846,0.0003149081798433633,3.065382128155542e-10,4.377532414881074e-05,2.0553479284438317e-12,1.3800355818941242e-12,2.0527912334608804e-12,1.3781352008573342e-12,0.9987560767947998
val-math500,2e483202419b799c,prompt,real_base_to_step8,32,2.0,0.00031833925213331846,0.0003149081798433633,0.0,4.377532414881074e-05,2.5566949846227293e-15,2.5535133196831735e-15,0.0,0.0,
val-math500,2e483202419b799c,prompt,real_base_to_step8,128,1.001,0.00023804132309009112,0.00023570493600596714,0.000119264243670988,4.377532414881074e-05,1.7560272464601915e-06,8.947620049005536e-07,8.373136192573379e-07,4.190025201330424e-07,0.4768226808241153
val-math500,2e483202419b799c,prompt,real_base_to_step8,128,1.05,0.00023804132309009112,0.00023570493600596714,3.065382128155542e-10,4.377532414881074e-05,2.0553479284438317e-12,1.3800355818941242e-12,2.0527912334608804e-12,1.3781352008573342e-12,0.9987560767947998
val-math500,2e483202419b799c,prompt,real_base_to_step8,128,2.0,0.00023804132309009112,0.00023570493600596714,0.0,4.377532414881074e-05,2.5566949846227293e-15,2.5535133196831735e-15,0.0,0.0,
val-math500,2e483202419b799c,prompt,calibrated_0.016,8,1.001,0.0004700499027706542,0.010430415023612588,5.4519048358811534e-05,0.016000110203110207,0.020471789381844012,0.011449010764915453,0.0008854096821221661,0.0004446483846388282,0.04325023404683016
val-math500,2e483202419b799c,prompt,calibrated_0.016,8,1.05,0.0004700499027706542,0.010430415023612588,5.361101768012848e-05,0.016000110203110207,0.020466569142130422,0.01144666813575608,0.0009287187416572989,0.00046776796737671314,0.04537735343954311
val-math500,2e483202419b799c,prompt,calibrated_0.016,8,2.0,0.0004700499027706542,0.010430415023612588,4.1662053630966335e-05,0.016000110203110207,0.020379054182783674,0.011407391749113668,0.0017682432975880914,0.0009220750943775387,0.08676768223531749
val-math500,2e483202419b799c,prompt,calibrated_0.016,32,1.001,0.00031833925213331846,0.01042245266799585,5.4519048358811534e-05,0.016000110203110207,0.020471789381844012,0.011449010764915453,0.0005937613415063886,0.0002844192062277396,0.029003880922738624
val-math500,2e483202419b799c,prompt,calibrated_0.016,32,1.05,0.00031833925213331846,0.01042245266799585,5.361101768012848e-05,0.016000110203110207,0.020466569142130422,0.01144666813575608,0.0006228020269235698,0.00029934485876945783,0.030430211463314198
val-math500,2e483202419b799c,prompt,calibrated_0.016,32,2.0,0.00031833925213331846,0.01042245266799585,4.1662053630966335e-05,0.016000110203110207,0.020379054182783674,0.011407391749113668,0.001185696010107931,0.0005946687383625946,0.0581820922341731
val-math500,2e483202419b799c,prompt,calibrated_0.016,128,1.001,0.00023804132309009112,0.010013034760395497,5.4519048358811534e-05,0.016000110203110207,0.020471789381844012,0.011449010764915453,0.00044953132579498526,0.0002149683960843487,0.02195857515971051
val-math500,2e483202419b799c,prompt,calibrated_0.016,128,1.05,0.00023804132309009112,0.010013034760395497,5.361101768012848e-05,0.016000110203110207,0.020466569142130422,0.01144666813575608,0.00047151852395080026,0.0002262321957431873,0.023038474141725083
val-math500,2e483202419b799c,prompt,calibrated_0.016,128,2.0,0.00023804132309009112,0.010013034760395497,4.1662053630966335e-05,0.016000110203110207,0.020379054182783674,0.011407391749113668,0.0008976727231452937,0.00045014730298700443,0.0440487922105655
val-math500,2e483202419b799c,prompt,calibrated_0.05,8,1.001,0.0004700499027706542,0.04254564341138881,5.4019306528276624e-05,0.05000016689811815,0.08131899630878398,0.04695164502475651,0.0008813807368761295,0.00045581187162561546,0.010838558970026588
val-math500,2e483202419b799c,prompt,calibrated_0.05,8,1.05,0.0004700499027706542,0.04254564341138881,5.304423521900282e-05,0.05000016689811815,0.08131405031377789,0.04694949660336282,0.0009244146562437896,0.0004791405461547828,0.011368449273853923
val-math500,2e483202419b799c,prompt,calibrated_0.05,8,2.0,0.0004700499027706542,0.04254564341138881,4.1934716814945964e-05,0.05000016689811815,0.08122954873326538,0.04691276077631739,0.001758242301252853,0.0009362444688222709,0.021645353552639055
val-math500,2e483202419b799c,prompt,calibrated_0.05,32,1.001,0.00031833925213331846,0.04253971327293159,5.4019306528276624e-05,0.05000016689811815,0.08131899630878398,0.04695164502475651,0.0005951339196366761,0.0002934397023357812,0.00731851039303089
val-math500,2e483202419b799c,prompt,calibrated_0.05,32,1.05,0.00031833925213331846,0.04253971327293159,5.304423521900282e-05,0.05000016689811815,0.08131405031377789,0.04694949660336282,0.0006241802465455801,0.00030857426386703845,0.007676167207720788
val-math500,2e483202419b799c,prompt,calibrated_0.05,32,2.0,0.00031833925213331846,0.04253971327293159,4.1934716814945964e-05,0.05000016689811815,0.08122954873326538,0.04691276077631739,0.0011868209488203989,0.000606696798508755,0.014610704692175253
val-math500,2e483202419b799c,prompt,calibrated_0.05,128,1.001,0.00023804132309009112,0.04175026418864972,5.4019306528276624e-05,0.05000016689811815,0.08131899630878398,0.04695164502475651,0.00044727687610579667,0.00022061524308737013,0.005500275414214407
val-math500,2e483202419b799c,prompt,calibrated_0.05,128,1.05,0.00023804132309009112,0.04175026418864972,5.304423521900282e-05,0.05000016689811815,0.08131405031377789,0.04694949660336282,0.00046910733701272444,0.00023199256353293628,0.005769080930079296
val-math500,2e483202419b799c,prompt,calibrated_0.05,128,2.0,0.00023804132309009112,0.04175026418864972,4.1934716814945964e-05,0.05000016689811815,0.08122954873326538,0.04691276077631739,0.0008918801136826734,0.00045698521519861303,0.010979749704277598
val-math500,2e483202419b799c,answer16,real_base_to_step8,8,1.001,1.0231343218406534e-09,1.0360469778315007e-09,2.1720015236477115e-09,2.0324371018607324e-10,4.112862585700605e-11,2.192363225582723e-11,7.846975546884188e-12,2.1011538579718275e-12,0.19079109460564425
val-math500,2e483202419b799c,answer16,real_base_to_step8,8,1.05,1.0231343218406534e-09,1.0360469778315007e-09,1.1086000924541776e-18,2.0324371018607324e-10,4.5963236114266633e-14,4.5963233219481506e-14,2.3288683455595015e-21,1.5014070721094847e-21,
val-math500,2e483202419b799c,answer16,real_base_to_step8,8,2.0,1.0231343218406534e-09,1.0360469778315007e-09,0.0,2.0324371018607324e-10,4.5963233785398285e-14,4.596323321948148e-14,0.0,0.0,
val-math500,2e483202419b799c,answer16,real_base_to_step8,32,1.001,8.062752895080845e-11,8.151757527691157e-11,2.1720015236477115e-09,2.0324371018607324e-10,4.112862585700605e-11,2.192363225582723e-11,7.799981690156441e-13,1.9095097105862447e-13,0.01896484875831988
val-math500,2e483202419b799c,answer16,real_base_to_step8,32,1.05,8.062752895080845e-11,8.151757527691157e-11,1.1086000924541776e-18,2.0324371018607324e-10,4.5963236114266633e-14,4.5963233219481506e-14,2.3288683455595015e-21,1.5014070721094847e-21,
val-math500,2e483202419b799c,answer16,real_base_to_step8,32,2.0,8.062752895080845e-11,8.151757527691157e-11,0.0,2.0324371018607324e-10,4.5963233785398285e-14,4.596323321948148e-14,0.0,0.0,
val-math500,2e483202419b799c,answer16,real_base_to_step8,128,1.001,1.7673879792974503e-12,1.792093756045404e-12,2.1720015236477115e-09,2.0324371018607324e-10,4.112862585700605e-11,2.192363225582723e-11,1.2444648928740662e-14,1.3956892077796367e-15,0.00030257876769351825
val-math500,2e483202419b799c,answer16,real_base_to_step8,128,1.05,1.7673879792974503e-12,1.792093756045404e-12,1.1086000924541776e-18,2.0324371018607324e-10,4.5963236114266633e-14,4.5963233219481506e-14,2.3288683455595015e-21,1.5014070721094847e-21,
val-math500,2e483202419b799c,answer16,real_base_to_step8,128,2.0,1.7673879792974503e-12,1.792093756045404e-12,0.0,2.0324371018607324e-10,4.5963233785398285e-14,4.596323321948148e-14,0.0,0.0,
val-math500,2e483202419b799c,answer16,calibrated_0.016,8,1.001,1.0231343218406534e-09,0.01575697867664476,1.0077435254684812e-08,0.01599947895022995,0.031240436075732295,0.018743780881183825,2.006343130354596e-09,9.8040208134344e-10,6.422263522477306e-08
val-math500,2e483202419b799c,answer16,calibrated_0.016,8,1.05,1.0231343218406534e-09,0.01575697867664476,1.007743325137067e-08,0.01599947895022995,0.03124043510381913,0.018743780478991855,2.1045313084180884e-09,1.028932645464536e-09,6.736562091482555e-08
val-math500,2e483202419b799c,answer16,calibrated_0.016,8,2.0,1.0231343218406534e-09,0.01575697867664476,9.620091262443501e-10,0.01599947895022995,0.031240431819517862,0.018743778980603604,4.008137911643104e-09,1.9707207970515902e-09,1.282996962013492e-07
val-math500,2e483202419b799c,answer16,calibrated_0.016,32,1.001,8.062752895080845e-11,0.015716091120845002,1.0077435254684812e-08,0.01599947895022995,0.031240436075732295,0.018743780881183825,1.4589919593252546e-10,6.610234273604557e-11,4.670203564983543e-09
val-math500,2e483202419b799c,answer16,calibrated_0.016,32,1.05,8.062752895080845e-11,0.015716091120845002,1.007743325137067e-08,0.01599947895022995,0.03124043510381913,0.018743780478991855,1.5303387052310836e-10,6.946889532186711e-11,4.898583198810827e-09
val-math500,2e483202419b799c,answer16,calibrated_0.016,32,2.0,8.062752895080845e-11,0.015716091120845002,9.620091262443501e-10,0.01599947895022995,0.031240431819517862,0.018743778980603604,2.913208079056435e-10,1.355319019045144e-10,9.325121035095202e-09
val-math500,2e483202419b799c,answer16,calibrated_0.016,128,1.001,1.7673879792974503e-12,0.01219040042844815,1.0077435254684812e-08,0.01599947895022995,0.031240436075732295,0.018743780881183825,3.489592195384298e-12,1.7523023060065759e-12,1.1170113589083439e-10
val-math500,2e483202419b799c,answer16,calibrated_0.016,128,1.05,1.7673879792974503e-12,0.01219040042844815,1.007743325137067e-08,0.01599947895022995,0.03124043510381913,0.018743780478991855,3.660456779336824e-12,1.8402401487973092e-12,1.1717048009005912e-10
val-math500,2e483202419b799c,answer16,calibrated_0.016,128,2.0,1.7673879792974503e-12,0.01219040042844815,9.620091262443501e-10,0.01599947895022995,0.031240431819517862,0.018743778980603604,6.9698372456834235e-12,3.5543580344229046e-12,2.2310310196573301e-10
val-math500,2e483202419b799c,answer16,calibrated_0.05,8,1.001,1.0231343218406534e-09,0.04859410891504419,1.0077434822136355e-08,0.05000542645232027,0.09279328548213894,0.057579731156536626,1.9622997088731983e-09,1.0037057054957552e-09,2.114700108609589e-08
val-math500,2e483202419b799c,answer16,calibrated_0.05,8,1.05,1.0231343218406534e-09,0.04859410891504419,1.0077432175545792e-08,0.05000542645232027,0.09279328454272084,0.05757973078848564,2.0582883455512186e-09,1.053264271272696e-09,2.2181436465950388e-08
val-math500,2e483202419b799c,answer16,calibrated_0.05,8,2.0,1.0231343218406534e-09,0.04859410891504419,9.620090213320965e-10,0.05000542645232027,0.09279328260036834,0.05757972963677415,3.919174802777444e-09,2.014916256972448e-09,4.223554435137406e-08
val-math500,2e483202419b799c,answer16,calibrated_0.05,32,1.001,8.062752895080845e-11,0.04852921261997237,1.0077434822136355e-08,0.05000542645232027,0.09279328548213894,0.057579731156536626,1.4417321305228308e-10,6.978422646202953e-11,1.5537030756393884e-09
val-math500,2e483202419b799c,answer16,calibrated_0.05,32,1.05,8.062752895080845e-11,0.04852921261997237,1.0077432175545792e-08,0.05000542645232027,0.09279328454272084,0.05757973078848564,1.5121027130366738e-10,7.330313712452363e-11,1.629538948306675e-09
val-math500,2e483202419b799c,answer16,calibrated_0.05,32,2.0,8.062752895080845e-11,0.04852921261997237,9.620090213320965e-10,0.05000542645232027,0.09279328260036834,0.05757972963677415,2.875210698273352e-10,1.4223055444682475e-10,3.0985116785403376e-09
val-math500,2e483202419b799c,answer16,calibrated_0.05,128,1.001,1.7673879792974503e-12,0.041542544105244376,1.0077434822136355e-08,0.05000542645232027,0.09279328548213894,0.057579731156536626,3.4308437600448145e-12,1.755685218935983e-12,3.697297430755581e-11
val-math500,2e483202419b799c,answer16,calibrated_0.05,128,1.05,1.7673879792974503e-12,0.041542544105244376,1.0077432175545792e-08,0.05000542645232027,0.09279328454272084,0.05757973078848564,3.5985091122229968e-12,1.8434229693482238e-12,3.877984414450045e-11
val-math500,2e483202419b799c,answer16,calibrated_0.05,128,2.0,1.7673879792974503e-12,0.041542544105244376,9.620090213320965e-10,0.05000542645232027,0.09279328260036834,0.05757972963677415,6.84705910640773e-12,3.5535881414966e-12,7.378830573217108e-11
val-math500,2e483202419b799c,answer32,real_base_to_step8,8,1.001,4.300187880354085e-06,4.308494713253912e-06,0.12604324384412835,0.004278373635085696,0.003523667540526861,0.002491014888323849,3.3028985256290725e-08,1.3280614179447263e-08,9.373468091530624e-06
val-math500,2e483202419b799c,answer32,real_base_to_step8,8,1.05,4.300187880354085e-06,4.308494713253912e-06,4.829835992253551e-10,0.004278373635085696,1.8339729666899027e-12,1.1025442873256623e-12,2.081803896572406e-12,1.2523539085125783e-12,1.135133360405965
val-math500,2e483202419b799c,answer32,real_base_to_step8,8,2.0,4.300187880354085e-06,4.308494713253912e-06,0.0,0.004278373635085696,2.478309301343802e-13,2.1834614842198715e-13,0.0,0.0,
val-math500,2e483202419b799c,answer32,real_base_to_step8,32,1.001,8.199466294211874e-07,8.250404371251854e-07,0.12604324384412835,0.004278373635085696,0.003523667540526861,0.002491014888323849,5.769231654454819e-09,1.15758015758908e-09,1.6372803586323015e-06
val-math500,2e483202419b799c,answer32,real_base_to_step8,32,1.05,8.199466294211874e-07,8.250404371251854e-07,4.829835992253551e-10,0.004278373635085696,1.8339729666899027e-12,1.1025442873256623e-12,2.081803896572406e-12,1.2523539085125783e-12,1.135133360405965
val-math500,2e483202419b799c,answer32,real_base_to_step8,32,2.0,8.199466294211874e-07,8.250404371251854e-07,0.0,0.004278373635085696,2.478309301343802e-13,2.1834614842198715e-13,0.0,0.0,
val-math500,2e483202419b799c,answer32,real_base_to_step8,128,1.001,1.8581365250200263e-07,1.8727467126501566e-07,0.12604324384412835,0.004278373635085696,0.003523667540526861,0.002491014888323849,1.4174565113412055e-09,2.3838922140598415e-10,4.0226738051719444e-07
val-math500,2e483202419b799c,answer32,real_base_to_step8,128,1.05,1.8581365250200263e-07,1.8727467126501566e-07,4.829835992253551e-10,0.004278373635085696,1.8339729666899027e-12,1.1025442873256623e-12,2.081803896572406e-12,1.2523539085125783e-12,1.135133360405965
val-math500,2e483202419b799c,answer32,real_base_to_step8,128,2.0,1.8581365250200263e-07,1.8727467126501566e-07,0.0,0.004278373635085696,2.478309301343802e-13,2.1834614842198715e-13,0.0,0.0,
val-math500,2e483202419b799c,answer32,calibrated_0.016,8,1.001,4.300187880354085e-06,0.00042306902807521206,0.0007871616506782933,0.015999808837884853,0.027071995099748385,0.015175124434186874,5.569516685015594e-06,1.0863767544257302e-06,0.00020572982022545354
val-math500,2e483202419b799c,answer32,calibrated_0.016,8,1.05,4.300187880354085e-06,0.00042306902807521206,0.0007871615313976747,0.015999808837884853,0.026995973665226672,0.015137892731697307,5.842146125487981e-06,1.1399958159513856e-06,0.00021640805395410534
val-math500,2e483202419b799c,answer32,calibrated_0.016,8,2.0,4.300187880354085e-06,0.00042306902807521206,0.0007849554711242329,0.015999808837884853,0.02552597618825663,0.014430699319443505,1.112777970710798e-05,2.190120613739844e-06,0.0004359394377335264
val-math500,2e483202419b799c,answer32,calibrated_0.016,32,1.001,8.199466294211874e-07,0.00030848988740661424,0.0007871616506782933,0.015999808837884853,0.027071995099748385,0.015175124434186874,1.2098919220924543e-06,2.426004120549659e-07,4.469164232759851e-05
val-math500,2e483202419b799c,answer32,calibrated_0.016,32,1.05,8.199466294211874e-07,0.00030848988740661424,0.0007871615313976747,0.015999808837884853,0.026995973665226672,0.015137892731697307,1.269115569051956e-06,2.5532529950477795e-07,4.7011290823960726e-05
val-math500,2e483202419b799c,answer32,calibrated_0.016,32,2.0,8.199466294211874e-07,0.00030848988740661424,0.0007849554711242329,0.015999808837884853,0.02552597618825663,0.014430699319443505,2.4173122250891433e-06,5.16458689274631e-07,9.470008932317509e-05
val-math500,2e483202419b799c,answer32,calibrated_0.016,128,1.001,1.8581365250200263e-07,0.00010437624522452636,0.0007871616506782933,0.015999808837884853,0.027071995099748385,0.015175124434186874,2.981822100260927e-07,4.551185093006578e-08,1.1014415780123428e-05
val-math500,2e483202419b799c,answer32,calibrated_0.016,128,1.05,1.8581365250200263e-07,0.00010437624522452636,0.0007871615313976747,0.015999808837884853,0.026995973665226672,0.015137892731697307,3.1277843739581873e-07,4.789166675100305e-08,1.1586114332253423e-05
val-math500,2e483202419b799c,answer32,calibrated_0.016,128,2.0,1.8581365250200263e-07,0.00010437624522452636,0.0007849554711242329,0.015999808837884853,0.02552597618825663,0.014430699319443505,5.957653479513108e-07,9.680009739466355e-08,2.333957156261064e-05
val-math500,2e483202419b799c,answer32,calibrated_0.05,8,1.001,4.300187880354085e-06,0.00166147578295557,0.0007871615485610763,0.04999908241523453,0.08809660330210692,0.053055533511131694,6.812251342535803e-06,1.3523014820331146e-06,7.732706014980808e-05
val-math500,2e483202419b799c,answer32,calibrated_0.05,8,1.05,4.300187880354085e-06,0.00166147578295557,0.0007871589890977381,0.04999908241523453,0.08802319890036676,0.05302779082836596,7.145700403804061e-06,1.4188458439829741e-06,8.117974003526345e-05
val-math500,2e483202419b799c,answer32,calibrated_0.05,8,2.0,4.300187880354085e-06,0.00166147578295557,0.0007849575639300978,0.04999908241523453,0.08660174892850522,0.05249680324211318,1.3610383213288002e-05,2.7155985621938075e-06,0.00015716060451070294
val-math500,2e483202419b799c,answer32,calibrated_0.05,32,1.001,8.199466294211874e-07,0.0014236969803818641,0.0007871615485610763,0.04999908241523453,0.08809660330210692,0.053055533511131694,1.3078693016868765e-06,2.560312905620221e-07,1.4845853899745049e-05
val-math500,2e483202419b799c,answer32,calibrated_0.05,32,1.05,8.199466294211874e-07,0.0014236969803818641,0.0007871589890977381,0.04999908241523453,0.08802319890036676,0.05302779082836596,1.3718834132521933e-06,2.6930153362879084e-07,1.558547553815926e-05
val-math500,2e483202419b799c,answer32,calibrated_0.05,32,2.0,8.199466294211874e-07,0.0014236969803818641,0.0007849575639300978,0.04999908241523453,0.08660174892850522,0.05249680324211318,2.6129029656936146e-06,5.381410457675634e-07,3.0171480345630408e-05
val-math500,2e483202419b799c,answer32,calibrated_0.05,128,1.001,1.8581365250200263e-07,0.0005915729194431743,0.0007871615485610763,0.04999908241523453,0.08809660330210692,0.053055533511131694,3.2049165409822257e-07,5.520395081197949e-08,3.637956993633121e-06
val-math500,2e483202419b799c,answer32,calibrated_0.05,128,1.05,1.8581365250200263e-07,0.0005915729194431743,0.0007871589890977381,0.04999908241523453,0.08802319890036676,0.05302779082836596,3.361795197120707e-07,5.801904905698804e-08,3.8192149786852375e-06
val-math500,2e483202419b799c,answer32,calibrated_0.05,128,2.0,1.8581365250200263e-07,0.0005915729194431743,0.0007849575639300978,0.04999908241523453,0.08660174892850522,0.05249680324211318,6.403264689865765e-07,1.1438098882265748e-07,7.393920756902995e-06
val-math500,2e483202419b799c,answer64,real_base_to_step8,8,1.001,3.6012745432921316e-05,3.5929920444251404e-05,0.00020493955548792745,6.426088987792542e-06,2.2742494940549127e-06,1.553491455937189e-06,9.841497429229499e-08,5.604892649839097e-08,0.043273605006645205
val-math500,2e483202419b799c,answer64,real_base_to_step8,8,1.05,3.6012745432921316e-05,3.5929920444251404e-05,0.0,6.426088987792542e-06,1.440821433986742e-13,1.4399593422716372e-13,0.0,0.0,
val-math500,2e483202419b799c,answer64,real_base_to_step8,8,2.0,3.6012745432921316e-05,3.5929920444251404e-05,0.0,6.426088987792542e-06,1.440821433986742e-13,1.4399593422716372e-13,0.0,0.0,
val-math500,2e483202419b799c,answer64,real_base_to_step8,32,1.001,6.83932536654114e-06,6.8022158783970036e-06,0.00020493955548792745,6.426088987792542e-06,2.2742494940549127e-06,1.553491455937189e-06,7.313467122921157e-09,3.7773777717933745e-09,0.003215771682939449
val-math500,2e483202419b799c,answer64,real_base_to_step8,32,1.05,6.83932536654114e-06,6.8022158783970036e-06,0.0,6.426088987792542e-06,1.440821433986742e-13,1.4399593422716372e-13,0.0,0.0,
val-math500,2e483202419b799c,answer64,real_base_to_step8,32,2.0,6.83932536654114e-06,6.8022158783970036e-06,0.0,6.426088987792542e-06,1.440821433986742e-13,1.4399593422716372e-13,0.0,0.0,
val-math500,2e483202419b799c,answer64,real_base_to_step8,128,1.001,1.99205923975849e-06,1.9785576911758325e-06,0.00020493955548792745,6.426088987792542e-06,2.2742494940549127e-06,1.553491455937189e-06,2.0071100822875875e-09,1.0158886644474992e-09,0.0008825373326604443
val-math500,2e483202419b799c,answer64,real_base_to_step8,128,1.05,1.99205923975849e-06,1.9785576911758325e-06,0.0,6.426088987792542e-06,1.440821433986742e-13,1.4399593422716372e-13,0.0,0.0,
val-math500,2e483202419b799c,answer64,real_base_to_step8,128,2.0,1.99205923975849e-06,1.9785576911758325e-06,0.0,6.426088987792542e-06,1.440821433986742e-13,1.4399593422716372e-13,0.0,0.0,
val-math500,2e483202419b799c,answer64,calibrated_0.016,8,1.001,3.6012745432921316e-05,0.0024024670432337657,0.00035079278935857405,0.01599977570733936,0.027995445026294266,0.017407701533797365,6.414031637148968e-05,2.8017725948876194e-05,0.0022910982951421894
val-math500,2e483202419b799c,answer64,calibrated_0.016,8,1.05,3.6012745432921316e-05,0.0024024670432337657,0.00035066713102082395,0.01599977570733936,0.027961576521559246,0.017392699276935035,6.72790110068927e-05,2.9529362727184716e-05,0.0024061236659892364
val-math500,2e483202419b799c,answer64,calibrated_0.016,8,2.0,3.6012745432921316e-05,0.0024024670432337657,0.00029989409225916487,0.01599977570733936,0.02735347802589118,0.017122972719751633,0.0001281277114753825,5.949193500723937e-05,0.004684146979557935
val-math500,2e483202419b799c,answer64,calibrated_0.016,32,1.001,6.83932536654114e-06,0.002078758656063499,0.00035079278935857405,0.01599977570733936,0.027995445026294266,0.017407701533797365,1.2669622171430517e-05,6.114927129319295e-06,0.00045256012753256043
val-math500,2e483202419b799c,answer64,calibrated_0.016,32,1.05,6.83932536654114e-06,0.002078758656063499,0.00035066713102082395,0.01599977570733936,0.027961576521559246,0.017392699276935035,1.3289701755530308e-05,6.432696388309751e-06,0.00047528442272500384
val-math500,2e483202419b799c,answer64,calibrated_0.016,32,2.0,6.83932536654114e-06,0.002078758656063499,0.00029989409225916487,0.01599977570733936,0.02735347802589118,0.017122972719751633,2.5310501005633152e-05,1.2797064982126987e-05,0.0009253119834222081
val-math500,2e483202419b799c,answer64,calibrated_0.016,128,1.001,1.99205923975849e-06,0.00036499193680939525,0.00035079278935857405,0.01599977570733936,0.027995445026294266,0.017407701533797365,3.741378174007014e-06,1.6208869386956064e-06,0.00013364238969921661
val-math500,2e483202419b799c,answer64,calibrated_0.016,128,1.05,1.99205923975849e-06,0.00036499193680939525,0.00035066713102082395,0.01599977570733936,0.027961576521559246,0.017392699276935035,3.924515554382814e-06,1.7077285931585828e-06,0.0001403538727995859
val-math500,2e483202419b799c,answer64,calibrated_0.016,128,2.0,1.99205923975849e-06,0.00036499193680939525,0.00029989409225916487,0.01599977570733936,0.02735347802589118,0.017122972719751633,7.4750897131568045e-06,3.447088383559012e-06,0.00027327748617858865
val-math500,2e483202419b799c,answer64,calibrated_0.05,8,1.001,3.6012745432921316e-05,0.013426516876681808,0.00035078131409129864,0.04999963000174046,0.08927687342257445,0.054307786245643655,6.721584683888068e-05,2.908878220845565e-05,0.0007528920342083188
val-math500,2e483202419b799c,answer64,calibrated_0.05,8,1.05,3.6012745432921316e-05,0.013426516876681808,0.00035064741761597597,0.04999963000174046,0.08924413643109505,0.05429379556423044,7.050094804469125e-05,3.0624527899777376e-05,0.0007899784889411158
val-math500,2e483202419b799c,answer64,calibrated_0.05,8,2.0,3.6012745432921316e-05,0.013426516876681808,0.0002999049569163996,0.04999963000174046,0.08865507912629847,0.0540387441152268,0.00013417330658664376,6.092052642178334e-05,0.0015134305660649155
val-math500,2e483202419b799c,answer64,calibrated_0.05,32,1.001,6.83932536654114e-06,0.012762916708976406,0.00035078131409129864,0.04999963000174046,0.08927687342257445,0.054307786245643655,1.291444697072653e-05,5.968023648949821e-06,0.00014465612958462987
val-math500,2e483202419b799c,answer64,calibrated_0.05,32,1.05,6.83932536654114e-06,0.012762916708976406,0.00035064741761597597,0.04999963000174046,0.08924413643109505,0.05429379556423044,1.3545961308544182e-05,6.277097582699783e-06,0.00015178544888495786
val-math500,2e483202419b799c,answer64,calibrated_0.05,32,2.0,6.83932536654114e-06,0.012762916708976406,0.0002999049569163996,0.04999963000174046,0.08865507912629847,0.0540387441152268,2.578465747032401e-05,1.2406497447187555e-05,0.000290842416750777
val-math500,2e483202419b799c,answer64,calibrated_0.05,128,1.001,1.99205923975849e-06,0.003667200585205592,0.00035078131409129864,0.04999963000174046,0.08927687342257445,0.054307786245643655,3.862859524752711e-06,1.773783048608143e-06,4.326831100444824e-05
val-math500,2e483202419b799c,answer64,calibrated_0.05,128,1.05,1.99205923975849e-06,0.003667200585205592,0.00035064741761597597,0.04999963000174046,0.08924413643109505,0.05429379556423044,4.051888961614454e-06,1.866304625403052e-06,4.5402298948154395e-05
val-math500,2e483202419b799c,answer64,calibrated_0.05,128,2.0,1.99205923975849e-06,0.003667200585205592,0.0002999049569163996,0.04999963000174046,0.08865507912629847,0.0540387441152268,7.716324937230814e-06,3.7020850630538673e-06,8.703759573930445e-05
val-math500,2e483202419b799c,answer128,real_base_to_step8,8,1.001,6.325777907441541e-05,6.382856104682837e-05,0.00011087898585906827,0.0005025834800672238,2.3512505438489202e-06,1.1984965596218418e-06,3.483689519481389e-07,8.321452085160469e-08,0.14816326267717533
val-math500,2e483202419b799c,answer128,real_base_to_step8,8,1.05,6.325777907441541e-05,6.382856104682837e-05,0.0,0.0005025834800672238,3.197595377531895e-14,3.077036593324329e-14,0.0,0.0,
val-math500,2e483202419b799c,answer128,real_base_to_step8,8,2.0,6.325777907441541e-05,6.382856104682837e-05,0.0,0.0005025834800672238,3.197595377531895e-14,3.077036593324329e-14,0.0,0.0,
val-math500,2e483202419b799c,answer128,real_base_to_step8,32,1.001,1.3702350295284831e-05,1.381442647498776e-05,0.00011087898585906827,0.0005025834800672238,2.3512505438489202e-06,1.1984965596218418e-06,7.799135506726052e-08,1.0818346194041855e-08,0.03317015928876351
val-math500,2e483202419b799c,answer128,real_base_to_step8,32,1.05,1.3702350295284831e-05,1.381442647498776e-05,0.0,0.0005025834800672238,3.197595377531895e-14,3.077036593324329e-14,0.0,0.0,
val-math500,2e483202419b799c,answer128,real_base_to_step8,32,2.0,1.3702350295284831e-05,1.381442647498776e-05,0.0,0.0005025834800672238,3.197595377531895e-14,3.077036593324329e-14,0.0,0.0,
val-math500,2e483202419b799c,answer128,real_base_to_step8,128,1.001,2.9138112849090186e-06,2.945991097564131e-06,0.00011087898585906827,0.0005025834800672238,2.3512505438489202e-06,1.1984965596218418e-06,1.5740127800460397e-08,1.0878682834446883e-09,0.006694364342259469
val-math500,2e483202419b799c,answer128,real_base_to_step8,128,1.05,2.9138112849090186e-06,2.945991097564131e-06,0.0,0.0005025834800672238,3.197595377531895e-14,3.077036593324329e-14,0.0,0.0,
val-math500,2e483202419b799c,answer128,real_base_to_step8,128,2.0,2.9138112849090186e-06,2.945991097564131e-06,0.0,0.0005025834800672238,3.197595377531895e-14,3.077036593324329e-14,0.0,0.0,
val-math500,2e483202419b799c,answer128,calibrated_0.016,8,1.001,6.325777907441541e-05,6.780386936602172e-05,0.9615691810860578,0.01599985639166831,0.0004084054424389198,0.0002555425877615716,8.683269791273096e-06,2.9661066593228364e-06,0.021261395880079994
val-math500,2e483202419b799c,answer128,calibrated_0.016,8,1.05,6.325777907441541e-05,6.780386936602172e-05,7.604108669130715e-05,0.01599985639166831,2.2533494824556478e-05,1.205646270217013e-05,9.108227199166713e-06,4.138085128661127e-06,0.4042083693666896
val-math500,2e483202419b799c,answer128,calibrated_0.016,8,2.0,6.325777907441541e-05,6.780386936602172e-05,0.0,0.01599985639166831,2.3717021663124727e-14,2.2989831266124824e-14,0.0,0.0,
val-math500,2e483202419b799c,answer128,calibrated_0.016,32,1.001,1.3702350295284831e-05,1.5146513358038815e-05,0.9615691810860578,0.01599985639166831,0.0004084054424389198,0.0002555425877615716,1.3254008160718718e-06,2.363862966754808e-07,0.0032453064487995794
val-math500,2e483202419b799c,answer128,calibrated_0.016,32,1.05,1.3702350295284831e-05,1.5146513358038815e-05,7.604108669130715e-05,0.01599985639166831,2.2533494824556478e-05,1.205646270217013e-05,1.390277363634775e-06,4.04647541749002e-07,0.06169825739235456
val-math500,2e483202419b799c,answer128,calibrated_0.016,32,2.0,1.3702350295284831e-05,1.5146513358038815e-05,0.0,0.01599985639166831,2.3717021663124727e-14,2.2989831266124824e-14,0.0,0.0,
val-math500,2e483202419b799c,answer128,calibrated_0.016,128,1.001,2.9138112849090186e-06,3.2202353078773774e-06,0.9615691810860578,0.01599985639166831,0.0004084054424389198,0.0002555425877615716,2.8276657545734517e-07,4.229299517868998e-08,0.000692367304825119
val-math500,2e483202419b799c,answer128,calibrated_0.016,128,1.05,2.9138112849090186e-06,3.2202353078773774e-06,7.604108669130715e-05,0.01599985639166831,2.2533494824556478e-05,1.205646270217013e-05,2.9660816242544894e-07,8.172184914198454e-08,0.013162989795183136
val-math500,2e483202419b799c,answer128,calibrated_0.016,128,2.0,2.9138112849090186e-06,3.2202353078773774e-06,0.0,0.01599985639166831,2.3717021663124727e-14,2.2989831266124824e-14,0.0,0.0,
val-math500,2e483202419b799c,answer128,calibrated_0.05,8,1.001,6.325777907441541e-05,8.961971359311022e-05,0.961569180094837,0.04999994502026025,0.0007003002132270908,0.0004054161729669354,2.8180948749458327e-05,9.129282265025706e-06,0.040241239710032635
val-math500,2e483202419b799c,answer128,calibrated_0.05,8,1.05,6.325777907441541e-05,8.961971359311022e-05,8.90071432311155e-05,0.04999994502026025,0.00013167544576826476,7.065183608556405e-05,2.9560336592048665e-05,1.0230614980523398e-05,0.22449391699096136
val-math500,2e483202419b799c,answer128,calibrated_0.05,8,2.0,6.325777907441541e-05,8.961971359311022e-05,4.0686323822025296e-05,0.04999994502026025,2.2359148875862444e-05,1.1969445855241683e-05,1.6912086648266297e-05,9.178783566430672e-06,0.756383292680856
val-math500,2e483202419b799c,answer128,calibrated_0.05,32,1.001,1.3702350295284831e-05,2.0439197616072237e-05,0.961569180094837,0.04999994502026025,0.0007003002132270908,0.0004054161729669354,4.519727521492499e-06,7.937849655682571e-07,0.006453985642336023
val-math500,2e483202419b799c,answer128,calibrated_0.05,32,1.05,1.3702350295284831e-05,2.0439197616072237e-05,8.90071432311155e-05,0.04999994502026025,0.00013167544576826476,7.065183608556405e-05,4.740969609985601e-06,9.21001390599245e-07,0.036004963433571506
val-math500,2e483202419b799c,answer128,calibrated_0.05,32,2.0,1.3702350295284831e-05,2.0439197616072237e-05,4.0686323822025296e-05,0.04999994502026025,2.2359148875862444e-05,1.1969445855241683e-05,2.2766391118932043e-06,1.1751572060693423e-06,0.10182136737552311
val-math500,2e483202419b799c,answer128,calibrated_0.05,128,1.001,2.9138112849090186e-06,4.376306523394174e-06,0.961569180094837,0.04999994502026025,0.0007003002132270908,0.0004054161729669354,9.900598453275718e-07,1.3757189125512668e-07,0.001413764877730401
val-math500,2e483202419b799c,answer128,calibrated_0.05,128,1.05,2.9138112849090186e-06,4.376306523394174e-06,8.90071432311155e-05,0.04999994502026025,0.00013167544576826476,7.065183608556405e-05,1.0385241725043333e-06,1.699530561269918e-07,0.007886999481528462
val-math500,2e483202419b799c,answer128,calibrated_0.05,128,2.0,2.9138112849090186e-06,4.376306523394174e-06,4.0686323822025296e-05,0.04999994502026025,2.2359148875862444e-05,1.1969445855241683e-05,6.750815571269241e-07,3.358781908575462e-07,0.030192632146910585
val-math500,2e483202419b799c,answer256,real_base_to_step8,8,1.001,2.4172937639353754e-08,2.4398811953862815e-08,2.8527164084517837e-06,5.7701700834088616e-08,5.212033675992568e-08,3.346909055752695e-08,6.770188751987076e-11,2.4264317840906592e-11,0.0012989533784425857
val-math500,2e483202419b799c,answer256,real_base_to_step8,8,1.05,2.4172937639353754e-08,2.4398811953862815e-08,5.049307600176923e-17,5.7701700834088616e-08,1.8829451035079507e-13,1.8829382497685725e-13,1.3208149973157302e-19,9.396372374520187e-20,
val-math500,2e483202419b799c,answer256,real_base_to_step8,8,2.0,2.4172937639353754e-08,2.4398811953862815e-08,0.0,5.7701700834088616e-08,1.8829437826929533e-13,1.882938249768338e-13,0.0,0.0,
val-math500,2e483202419b799c,answer256,real_base_to_step8,32,1.001,1.935528321041393e-10,1.9558174869407256e-10,2.8527164084517837e-06,5.7701700834088616e-08,5.212033675992568e-08,3.346909055752695e-08,6.045065226061337e-13,1.4469209638819246e-13,1.1598285049280937e-05
val-math500,2e483202419b799c,answer256,real_base_to_step8,32,1.05,1.935528321041393e-10,1.9558174869407256e-10,5.049307600176923e-17,5.7701700834088616e-08,1.8829451035079507e-13,1.8829382497685725e-13,1.3208149973157302e-19,9.396372374520187e-20,
val-math500,2e483202419b799c,answer256,real_base_to_step8,32,2.0,1.935528321041393e-10,1.9558174869407256e-10,0.0,5.7701700834088616e-08,1.8829437826929533e-13,1.882938249768338e-13,0.0,0.0,
val-math500,2e483202419b799c,answer256,real_base_to_step8,128,1.001,2.0041127303694567e-11,2.031768680409835e-11,2.8527164084517837e-06,5.7701700834088616e-08,5.212033675992568e-08,3.346909055752695e-08,9.784233783419023e-14,4.624130497148983e-15,1.8772391722038779e-06
val-math500,2e483202419b799c,answer256,real_base_to_step8,128,1.05,2.0041127303694567e-11,2.031768680409835e-11,5.049307600176923e-17,5.7701700834088616e-08,1.8829451035079507e-13,1.8829382497685725e-13,1.3208149973157302e-19,9.396372374520187e-20,
val-math500,2e483202419b799c,answer256,real_base_to_step8,128,2.0,2.0041127303694567e-11,2.031768680409835e-11,0.0,5.7701700834088616e-08,1.8829437826929533e-13,1.882938249768338e-13,0.0,0.0,
val-math500,2e483202419b799c,answer256,calibrated_0.016,8,1.001,2.4172937639353754e-08,0.015777753212284758,5.528575076056666e-07,0.01600063311610518,0.0310582026410281,0.017720637453963045,4.7630749043595007e-08,2.7171151226036437e-08,1.5335964413045093e-06
val-math500,2e483202419b799c,answer256,calibrated_0.016,8,1.05,2.4172937639353754e-08,0.015777753212284758,5.528575058649352e-07,0.01600063311610518,0.031058149315878275,0.017720614201549023,4.996231833722317e-08,2.8501363612777844e-08,1.608670169915123e-06
val-math500,2e483202419b799c,answer256,calibrated_0.016,8,2.0,2.4172937639353754e-08,0.015777753212284758,2.269152001082714e-12,0.01600063311610518,0.031057631415335282,0.017720376577295617,9.516621335571413e-08,5.4291231781817e-08,3.0641812984078383e-06
val-math500,2e483202419b799c,answer256,calibrated_0.016,32,1.001,1.935528321041393e-10,0.015777753209232772,5.528575076056666e-07,0.01600063311610518,0.0310582026410281,0.017720637453963045,3.8143965901842304e-10,2.1501911360743636e-10,1.2281446657654897e-08
val-math500,2e483202419b799c,answer256,calibrated_0.016,32,1.05,1.935528321041393e-10,0.015777753209232772,5.528575058649352e-07,0.01600063311610518,0.031058149315878275,0.017720614201549023,4.0011050657291666e-10,2.255722984271836e-10,1.2882625506870198e-08
val-math500,2e483202419b799c,answer256,calibrated_0.016,32,2.0,1.935528321041393e-10,0.015777753209232772,2.269152001082714e-12,0.01600063311610518,0.031057631415335282,0.017720376577295617,7.620950138330251e-10,4.302094331846327e-10,2.4538091898943928e-08
val-math500,2e483202419b799c,answer256,calibrated_0.016,128,1.001,2.0041127303694567e-11,0.01577775310284274,5.528575076056666e-07,0.01600063311610518,0.0310582026410281,0.017720637453963045,3.9504123197239945e-11,2.185386613290927e-11,1.271938484458683e-09
val-math500,2e483202419b799c,answer256,calibrated_0.016,128,1.05,2.0041127303694567e-11,0.01577775310284274,5.528575058649352e-07,0.01600063311610518,0.031058149315878275,0.017720614201549023,4.143764004261632e-11,2.2928485599338605e-11,1.3341954029898234e-09
val-math500,2e483202419b799c,answer256,calibrated_0.016,128,2.0,2.0041127303694567e-11,0.01577775310284274,2.269152001082714e-12,0.01600063311610518,0.031057631415335282,0.017720376577295617,7.892404166813628e-11,4.379809887672974e-11,2.5412125159411246e-09
val-math500,2e483202419b799c,answer256,calibrated_0.05,8,1.001,2.4172937639353754e-08,0.04867664826339639,5.528575061239648e-07,0.05000192723759132,0.09261493234269971,0.052921564488367254,4.603895366732651e-08,2.6302882729705132e-08,4.971007644530821e-07
val-math500,2e483202419b799c,answer256,calibrated_0.05,8,1.05,2.4172937639353754e-08,0.04867664826339639,5.528575040631827e-07,0.05000192723759132,0.0926148808000125,0.05292154229093791,4.82925952129035e-08,2.759055027665205e-08,5.214345124212153e-07
val-math500,2e483202419b799c,answer256,calibrated_0.05,8,2.0,2.4172937639353754e-08,0.04867664826339639,2.2691513304472217e-12,0.05000192723759132,0.09261446434049289,0.0529213276165212,9.198564199168268e-08,5.255556761635784e-08,9.932103224556978e-07
val-math500,2e483202419b799c,answer256,calibrated_0.05,32,1.001,1.935528321041393e-10,0.048676648261172,5.528575061239648e-07,0.05000192723759132,0.09261493234269971,0.052921564488367254,3.6889523635823657e-10,2.0821861767084852e-10,3.98310755109367e-09
val-math500,2e483202419b799c,answer256,calibrated_0.05,32,1.05,1.935528321041393e-10,0.048676648261172,5.528575040631827e-07,0.05000192723759132,0.0926148808000125,0.05292154229093791,3.869500958862411e-10,2.1843563288212889e-10,4.178055324843531e-09
val-math500,2e483202419b799c,answer256,calibrated_0.05,32,2.0,1.935528321041393e-10,0.048676648261172,2.2691513304472217e-12,0.05000192723759132,0.09261446434049289,0.0529213276165212,7.369898497889419e-10,4.1655502952981285e-10,7.957610671691973e-09
val-math500,2e483202419b799c,answer256,calibrated_0.05,128,1.001,2.0041127303694567e-11,0.048676648139448234,5.528575061239648e-07,0.05000192723759132,0.09261493234269971,0.052921564488367254,3.8237117799783265e-11,2.1170662033233807e-11,4.128612614896249e-10
val-math500,2e483202419b799c,answer256,calibrated_0.05,128,1.05,2.0041127303694567e-11,0.048676648139448234,5.528575040631827e-07,0.05000192723759132,0.0926148808000125,0.05292154229093791,4.01081238740346e-11,2.2211223341952027e-11,4.33063493982591e-10
val-math500,2e483202419b799c,answer256,calibrated_0.05,128,2.0,2.0041127303694567e-11,0.048676648139448234,2.2691513304472217e-12,0.05000192723759132,0.09261446434049289,0.0529213276165212,7.638319118009405e-11,4.242274764894355e-11,8.247436480253743e-10
val-math500,b1fef3f21d36ff6d,prompt,real_base_to_step8,8,1.001,0.00047494403156764025,0.0004682643171359544,6.927204506756662e-05,4.1251984895851786e-05,1.4688314228463524e-06,7.403153015776093e-07,1.468831419400976e-06,7.403152981672139e-07,0.9999999976543419
val-math500,b1fef3f21d36ff6d,prompt,real_base_to_step8,8,1.05,0.00047494403156764025,0.0004682643171359544,4.541302481148433e-09,4.1251984895851786e-05,2.8505244555735874e-11,1.747551728664948e-11,2.8501798695822395e-11,1.7472713459030185e-11,0.999879114879834
val-math500,b1fef3f21d36ff6d,prompt,real_base_to_step8,8,2.0,0.00047494403156764025,0.0004682643171359544,0.0,4.1251984895851786e-05,3.4458599469121148e-15,3.4416918427407124e-15,0.0,0.0,
val-math500,b1fef3f21d36ff6d,prompt,real_base_to_step8,32,1.001,0.0003364538798454076,0.0003325548500008698,6.927204506756662e-05,4.1251984895851786e-05,1.4688314228463524e-06,7.403153015776093e-07,1.3233162443255395e-06,6.643968658146117e-07,0.9009313279540081
val-math500,b1fef3f21d36ff6d,prompt,real_base_to_step8,32,1.05,0.0003364538798454076,0.0003325548500008698,4.541302481148433e-09,4.1251984895851786e-05,2.8505244555735874e-11,1.747551728664948e-11,2.8501798695822395e-11,1.7472713459030185e-11,0.999879114879834
val-math500,b1fef3f21d36ff6d,prompt,real_base_to_step8,32,2.0,0.0003364538798454076,0.0003325548500008698,0.0,4.1251984895851786e-05,3.4458599469121148e-15,3.4416918427407124e-15,0.0,0.0,
val-math500,b1fef3f21d36ff6d,prompt,real_base_to_step8,128,1.001,0.0002476635496243785,0.00024509261685352776,6.927204506756662e-05,4.1251984895851786e-05,1.4688314228463524e-06,7.403153015776093e-07,9.277636096570088e-07,4.6422624937514853e-07,0.6316338248395832
val-math500,b1fef3f21d36ff6d,prompt,real_base_to_step8,128,1.05,0.0002476635496243785,0.00024509261685352776,4.541302481148433e-09,4.1251984895851786e-05,2.8505244555735874e-11,1.747551728664948e-11,2.8501798695822395e-11,1.7472713459030185e-11,0.999879114879834
val-math500,b1fef3f21d36ff6d,prompt,real_base_to_step8,128,2.0,0.0002476635496243785,0.00024509261685352776,0.0,4.1251984895851786e-05,3.4458599469121148e-15,3.4416918427407124e-15,0.0,0.0,
val-math500,b1fef3f21d36ff6d,prompt,calibrated_0.016,8,1.001,0.00047494403156764025,0.006816671495320561,0.0007320530415600153,0.016000026494207436,0.028254912193558156,0.016138374477491446,0.0007750010034483731,0.00033056889081927484,0.027428894421588957
val-math500,b1fef3f21d36ff6d,prompt,calibrated_0.016,8,1.05,0.00047494403156764025,0.006816671495320561,0.0007277928386090535,0.016000026494207436,0.02818456750143257,0.01610606973394429,0.0008128995315835811,0.0003488798636819307,0.02884200836299024
val-math500,b1fef3f21d36ff6d,prompt,calibrated_0.016,8,2.0,0.00047494403156764025,0.006816671495320561,0.0006933296149170804,0.016000026494207436,0.026858643999570296,0.015506836160069431,0.0015474236455510198,0.0007196028585988543,0.05761361763370394
val-math500,b1fef3f21d36ff6d,prompt,calibrated_0.016,32,1.001,0.0003364538798454076,0.002905647425652934,0.0007320530415600153,0.016000026494207436,0.028254912193558156,0.016138374477491446,0.0005231084023026261,0.0001724746518678086,0.018513892335573767
val-math500,b1fef3f21d36ff6d,prompt,calibrated_0.016,32,1.05,0.0003364538798454076,0.002905647425652934,0.0007277928386090535,0.016000026494207436,0.02818456750143257,0.01610606973394429,0.0005487025429344286,0.00018321409387884685,0.01946819098453574
val-math500,b1fef3f21d36ff6d,prompt,calibrated_0.016,32,2.0,0.0003364538798454076,0.002905647425652934,0.0006933296149170804,0.016000026494207436,0.026858643999570296,0.015506836160069431,0.001044835368094011,0.00040636543652675225,0.03890127022461473
val-math500,b1fef3f21d36ff6d,prompt,calibrated_0.016,128,1.001,0.0002476635496243785,0.002393308828980892,0.0007320530415600153,0.016000026494207436,0.028254912193558156,0.016138374477491446,0.00039804059575587075,0.00013118826695400547,0.014087483019912556
val-math500,b1fef3f21d36ff6d,prompt,calibrated_0.016,128,1.05,0.0002476635496243785,0.002393308828980892,0.0007277928386090535,0.016000026494207436,0.02818456750143257,0.01610606973394429,0.00041751735308017844,0.0001393027815555626,0.014813686712026247
val-math500,b1fef3f21d36ff6d,prompt,calibrated_0.016,128,2.0,0.0002476635496243785,0.002393308828980892,0.0006933296149170804,0.016000026494207436,0.026858643999570296,0.015506836160069431,0.0007950760256654561,0.0003082379086912955,0.02960223999685823
val-math500,b1fef3f21d36ff6d,prompt,calibrated_0.05,8,1.001,0.00047494403156764025,0.02347818104176635,0.0007299255412699876,0.04999941423207534,0.08940798675666142,0.051252548512545036,0.000825913471045328,0.00034715905463925925,0.009237580455683313
val-math500,b1fef3f21d36ff6d,prompt,calibrated_0.05,8,1.05,0.00047494403156764025,0.02347818104176635,0.0007276142432136748,0.04999941423207534,0.08934018083812671,0.051222329367174635,0.0008662273018034315,0.00036579719709550437,0.009695831077093157
val-math500,b1fef3f21d36ff6d,prompt,calibrated_0.05,8,2.0,0.00047494403156764025,0.02347818104176635,0.0006974492472461997,0.04999941423207534,0.08805599245553386,0.05065226526661759,0.0016471417126370557,0.0007383276382974019,0.018705617490698573
val-math500,b1fef3f21d36ff6d,prompt,calibrated_0.05,32,1.001,0.0003364538798454076,0.009779359064768348,0.0007299255412699876,0.04999941423207534,0.08940798675666142,0.051252548512545036,0.0005722696075859662,0.00018580534235161848,0.00640065421832495
val-math500,b1fef3f21d36ff6d,prompt,calibrated_0.05,32,1.05,0.0003364538798454076,0.009779359064768348,0.0007276142432136748,0.04999941423207534,0.08934018083812671,0.051222329367174635,0.0006002450962608423,0.00019668968117990672,0.006718646533169792
val-math500,b1fef3f21d36ff6d,prompt,calibrated_0.05,32,2.0,0.0003364538798454076,0.009779359064768348,0.0006974492472461997,0.04999941423207534,0.08805599245553386,0.05065226526661759,0.0011424152837550404,0.0004182286183098701,0.01297373695869628
val-math500,b1fef3f21d36ff6d,prompt,calibrated_0.05,128,1.001,0.0002476635496243785,0.008744703633420121,0.0007299255412699876,0.04999941423207534,0.08940798675666142,0.051252548512545036,0.000433795872152597,0.0001419793739635602,0.004851869367478814
val-math500,b1fef3f21d36ff6d,prompt,calibrated_0.05,128,1.05,0.0002476635496243785,0.008744703633420121,0.0007276142432136748,0.04999941423207534,0.08934018083812671,0.051222329367174635,0.0004550062348045608,0.00015020147308091386,0.005092962993090147
val-math500,b1fef3f21d36ff6d,prompt,calibrated_0.05,128,2.0,0.0002476635496243785,0.008744703633420121,0.0006974492472461997,0.04999941423207534,0.08805599245553386,0.05065226526661759,0.0008660625880091222,0.0003185993994684741,0.00983536229458163
val-math500,b1fef3f21d36ff6d,answer16,real_base_to_step8,8,1.001,0.004260772076177612,0.004312653247015297,0.11189676299445564,0.0069105374360954,0.0059568148004476035,0.003827925769450776,0.00013703658013516063,6.215039439656033e-05,0.023005009342386053
val-math500,b1fef3f21d36ff6d,answer16,real_base_to_step8,8,1.05,0.004260772076177612,0.004312653247015297,0.004960584725822537,0.0069105374360954,2.7623195261354794e-05,1.6941737067415934e-05,2.8088176692732085e-06,1.7501394374641268e-06,0.10168330067169241
val-math500,b1fef3f21d36ff6d,answer16,real_base_to_step8,8,2.0,0.004260772076177612,0.004312653247015297,0.0,0.0069105374360954,4.221058258482036e-14,3.480833091467604e-14,0.0,0.0,
val-math500,b1fef3f21d36ff6d,answer16,real_base_to_step8,32,1.001,0.00014674163043204,0.00014867431863239343,0.11189676299445564,0.0069105374360954,0.0059568148004476035,0.003827925769450776,1.7770937860095548e-06,3.546256994713009e-07,0.00029832953441426806
val-math500,b1fef3f21d36ff6d,answer16,real_base_to_step8,32,1.05,0.00014674163043204,0.00014867431863239343,0.004960584725822537,0.0069105374360954,2.7623195261354794e-05,1.6941737067415934e-05,5.855382318918775e-10,3.624518292913707e-10,2.119733891578622e-05
val-math500,b1fef3f21d36ff6d,answer16,real_base_to_step8,32,2.0,0.00014674163043204,0.00014867431863239343,0.0,0.0069105374360954,4.221058258482036e-14,3.480833091467604e-14,0.0,0.0,
val-math500,b1fef3f21d36ff6d,answer16,real_base_to_step8,128,1.001,1.595373569171625e-05,1.621975381240289e-05,0.11189676299445564,0.0069105374360954,0.0059568148004476035,0.003827925769450776,1.5173976515732073e-07,1.8119640985180226e-08,2.5473305825441944e-05
val-math500,b1fef3f21d36ff6d,answer16,real_base_to_step8,128,1.05,1.595373569171625e-05,1.621975381240289e-05,0.004960584725822537,0.0069105374360954,2.7623195261354794e-05,1.6941737067415934e-05,5.855382318918775e-10,3.624518292913707e-10,2.119733891578622e-05
val-math500,b1fef3f21d36ff6d,answer16,real_base_to_step8,128,2.0,1.595373569171625e-05,1.621975381240289e-05,0.0,0.0069105374360954,4.221058258482036e-14,3.480833091467604e-14,0.0,0.0,
val-math500,b1fef3f21d36ff6d,answer16,calibrated_0.016,8,1.001,0.004260772076177612,0.004300146475872732,0.10649008643121687,0.016000541860195203,0.014223074422914666,0.009572028740562694,0.00010044499827215522,3.658865514058808e-05,0.00706211577648284
val-math500,b1fef3f21d36ff6d,answer16,calibrated_0.016,8,1.05,0.004260772076177612,0.004300146475872732,0.10249794185311267,0.016000541860195203,0.00524716644995506,0.0035519660861949875,1.3282831930603499e-05,6.976846878910025e-06,0.0025314294976705493
val-math500,b1fef3f21d36ff6d,answer16,calibrated_0.016,8,2.0,0.004260772076177612,0.004300146475872732,0.0,0.016000541860195203,4.215916341879432e-14,3.461450065187334e-14,0.0,0.0,
val-math500,b1fef3f21d36ff6d,answer16,calibrated_0.016,32,1.001,0.00014674163043204,0.00015024696822756777,0.10649008643121687,0.016000541860195203,0.014223074422914666,0.009572028740562694,3.899434535196604e-06,7.148037370388794e-07,0.000274162562836222
val-math500,b1fef3f21d36ff6d,answer16,calibrated_0.016,32,1.05,0.00014674163043204,0.00015024696822756777,0.10249794185311267,0.016000541860195203,0.00524716644995506,0.0035519660861949875,1.2836453709540385e-06,5.660239598972092e-07,0.0002446359160123522
val-math500,b1fef3f21d36ff6d,answer16,calibrated_0.016,32,2.0,0.00014674163043204,0.00015024696822756777,0.0,0.016000541860195203,4.215916341879432e-14,3.461450065187334e-14,0.0,0.0,
val-math500,b1fef3f21d36ff6d,answer16,calibrated_0.016,128,1.001,1.595373569171625e-05,1.625640265920381e-05,0.10649008643121687,0.016000541860195203,0.014223074422914666,0.009572028740562694,4.906672520709669e-07,1.108150499427073e-07,3.4497974030175735e-05
val-math500,b1fef3f21d36ff6d,answer16,calibrated_0.016,128,1.05,1.595373569171625e-05,1.625640265920381e-05,0.10249794185311267,0.016000541860195203,0.00524716644995506,0.0035519660861949875,1.6105254749045945e-07,6.732475923471417e-08,3.069324158600663e-05
val-math500,b1fef3f21d36ff6d,answer16,calibrated_0.016,128,2.0,1.595373569171625e-05,1.625640265920381e-05,0.0,0.016000541860195203,4.215916341879432e-14,3.461450065187334e-14,0.0,0.0,
val-math500,b1fef3f21d36ff6d,answer16,calibrated_0.05,8,1.001,0.004260772076177612,0.004385497015224015,0.10649004491782416,0.050000507921918,0.04530703057024911,0.030507576679148087,0.00029650631788299465,0.00010512026122943568,0.006544377641859754
val-math500,b1fef3f21d36ff6d,answer16,calibrated_0.05,8,1.05,0.004260772076177612,0.004385497015224015,0.10348986943240922,0.050000507921918,0.036476093866245986,0.024580615259352134,0.00021884097637125548,0.00010121676252591982,0.00599957268378907
val-math500,b1fef3f21d36ff6d,answer16,calibrated_0.05,8,2.0,0.004260772076177612,0.004385497015224015,0.0,0.050000507921918,2.7779658762869296e-14,2.244262976469791e-14,0.0,0.0,
val-math500,b1fef3f21d36ff6d,answer16,calibrated_0.05,32,1.001,0.00014674163043204,0.0001577315360079192,0.10649004491782416,0.050000507921918,0.04530703057024911,0.030507576679148087,1.1782299782529358e-05,2.122675329742616e-06,0.0002600545574104831
val-math500,b1fef3f21d36ff6d,answer16,calibrated_0.05,32,1.05,0.00014674163043204,0.0001577315360079192,0.10348986943240922,0.050000507921918,0.036476093866245986,0.024580615259352134,1.2358651406475922e-05,3.854137558828553e-06,0.0003388151004269756
val-math500,b1fef3f21d36ff6d,answer16,calibrated_0.05,32,2.0,0.00014674163043204,0.0001577315360079192,0.0,0.050000507921918,2.7779658762869296e-14,2.244262976469791e-14,0.0,0.0,
val-math500,b1fef3f21d36ff6d,answer16,calibrated_0.05,128,1.001,1.595373569171625e-05,1.692185439378867e-05,0.10649004491782416,0.050000507921918,0.04530703057024911,0.030507576679148087,1.4761915332307975e-06,3.1866824401695836e-07,3.258195283714178e-05
val-math500,b1fef3f21d36ff6d,answer16,calibrated_0.05,128,1.05,1.595373569171625e-05,1.692185439378867e-05,0.10348986943240922,0.050000507921918,0.036476093866245986,0.024580615259352134,1.5484470751790029e-06,5.704790494659291e-07,4.2451011362592606e-05
val-math500,b1fef3f21d36ff6d,answer16,calibrated_0.05,128,2.0,1.595373569171625e-05,1.692185439378867e-05,0.0,0.050000507921918,2.7779658762869296e-14,2.244262976469791e-14,0.0,0.0,
val-math500,b1fef3f21d36ff6d,answer32,real_base_to_step8,8,1.001,1.6060400736590066e-09,1.609830967975351e-09,1.3126826578832845e-08,1.4470534663039052e-10,1.1843834706770304e-10,6.75126002176051e-11,1.0797344443097478e-11,6.12652858803358e-12,0.09116426149484659
val-math500,b1fef3f21d36ff6d,answer32,real_base_to_step8,8,1.05,1.6060400736590066e-09,1.609830967975351e-09,0.0,1.4470534663039052e-10,1.7141852144641507e-13,1.7141843500214452e-13,0.0,0.0,
val-math500,b1fef3f21d36ff6d,answer32,real_base_to_step8,8,2.0,1.6060400736590066e-09,1.609830967975351e-09,0.0,1.4470534663039052e-10,1.7141852144641507e-13,1.7141843500214452e-13,0.0,0.0,
val-math500,b1fef3f21d36ff6d,answer32,real_base_to_step8,32,1.001,8.827468052636996e-11,8.849972947706613e-11,1.3126826578832845e-08,1.4470534663039052e-10,1.1843834706770304e-10,6.75126002176051e-11,4.133972571091402e-13,1.5933830644370522e-13,0.003490400426416197
val-math500,b1fef3f21d36ff6d,answer32,real_base_to_step8,32,1.05,8.827468052636996e-11,8.849972947706613e-11,0.0,1.4470534663039052e-10,1.7141852144641507e-13,1.7141843500214452e-13,0.0,0.0,
val-math500,b1fef3f21d36ff6d,answer32,real_base_to_step8,32,2.0,8.827468052636996e-11,8.849972947706613e-11,0.0,1.4470534663039052e-10,1.7141852144641507e-13,1.7141843500214452e-13,0.0,0.0,
val-math500,b1fef3f21d36ff6d,answer32,real_base_to_step8,128,1.001,1.551930941072237e-11,1.550603763546141e-11,1.3126826578832845e-08,1.4470534663039052e-10,1.1843834706770304e-10,6.75126002176051e-11,5.809925508085788e-14,2.9110576803105006e-14,0.0004905442917710304
val-math500,b1fef3f21d36ff6d,answer32,real_base_to_step8,128,1.05,1.551930941072237e-11,1.550603763546141e-11,0.0,1.4470534663039052e-10,1.7141852144641507e-13,1.7141843500214452e-13,0.0,0.0,
val-math500,b1fef3f21d36ff6d,answer32,real_base_to_step8,128,2.0,1.551930941072237e-11,1.550603763546141e-11,0.0,1.4470534663039052e-10,1.7141852144641507e-13,1.7141843500214452e-13,0.0,0.0,
val-math500,b1fef3f21d36ff6d,answer32,calibrated_0.016,8,1.001,1.6060400736590066e-09,0.014906375755862546,4.986760707718613e-07,0.016000561764350506,0.031235707374647436,0.019872746188492475,3.0256550631998795e-09,1.4549952192740378e-09,9.686526470841708e-08
val-math500,b1fef3f21d36ff6d,answer32,calibrated_0.016,8,1.05,1.6060400736590066e-09,0.014906375755862546,4.986741843404153e-07,0.016000561764350506,0.031235659280140583,0.019872726749622267,3.1737268898484166e-09,1.5262522469305444e-09,1.0160588772545135e-07
val-math500,b1fef3f21d36ff6d,answer32,calibrated_0.016,8,2.0,1.6060400736590066e-09,0.014906375755862546,4.986645920304044e-07,0.016000561764350506,0.03123472684923279,0.01987234988682455,6.044292415734823e-09,2.9082229268318703e-09,1.935119344859354e-07
val-math500,b1fef3f21d36ff6d,answer32,calibrated_0.016,32,1.001,8.827468052636996e-11,0.012366680004097784,4.986760707718613e-07,0.016000561764350506,0.031235707374647436,0.019872746188492475,1.757784316471495e-10,9.056667073949988e-11,5.627483621191196e-09
val-math500,b1fef3f21d36ff6d,answer32,calibrated_0.016,32,1.05,8.827468052636996e-11,0.012366680004097784,4.986741843404153e-07,0.016000561764350506,0.031235659280140583,0.019872726749622267,1.8438011404899384e-10,9.502487796290424e-11,5.902872495674246e-09
val-math500,b1fef3f21d36ff6d,answer32,calibrated_0.016,32,2.0,8.827468052636996e-11,0.012366680004097784,4.986645920304044e-07,0.016000561764350506,0.03123472684923279,0.01987234988682455,3.509687670303423e-10,1.8324524540448724e-10,1.1236492277471705e-08
val-math500,b1fef3f21d36ff6d,answer32,calibrated_0.016,128,1.001,1.551930941072237e-11,0.012362152988594739,4.986760707718613e-07,0.016000561764350506,0.031235707374647436,0.019872746188492475,3.089103070659638e-11,1.5502540961995576e-11,9.889652997475955e-10
val-math500,b1fef3f21d36ff6d,answer32,calibrated_0.016,128,1.05,1.551930941072237e-11,0.012362152988594739,4.986741843404153e-07,0.016000561764350506,0.031235659280140583,0.019872726749622267,3.24021629569642e-11,1.6265107957080667e-11,1.0373452555094705e-09
val-math500,b1fef3f21d36ff6d,answer32,calibrated_0.016,128,2.0,1.551930941072237e-11,0.012362152988594739,4.986645920304044e-07,0.016000561764350506,0.03123472684923279,0.01987234988682455,6.169741512790244e-11,3.1092661586207595e-11,1.975282685381252e-09
val-math500,b1fef3f21d36ff6d,answer32,calibrated_0.05,8,1.001,1.6060400736590066e-09,0.04739964076744855,4.986741877141504e-07,0.05000291835399698,0.0927825975134751,0.06145374574597627,3.041996257798138e-09,1.5443046431605913e-09,3.2786280394406284e-08
val-math500,b1fef3f21d36ff6d,answer32,calibrated_0.05,8,1.05,1.6060400736590066e-09,0.04739964076744855,4.986741629879722e-07,0.05000291835399698,0.09278255102681676,0.06145372858122209,3.1907879648994697e-09,1.6198936737842275e-09,3.4389957266611933e-08
val-math500,b1fef3f21d36ff6d,answer32,calibrated_0.05,8,2.0,1.6060400736590066e-09,0.04739964076744855,4.986645918665948e-07,0.05000291835399698,0.09278164976902385,0.06145339580250471,6.074882697067499e-09,3.085581032649043e-09,6.547504503520548e-08
val-math500,b1fef3f21d36ff6d,answer32,calibrated_0.05,32,1.001,8.827468052636996e-11,0.042393761916913845,4.986741877141504e-07,0.05000291835399698,0.0927825975134751,0.06145374574597627,1.7448711144737624e-10,9.000085141751273e-11,1.8806017089792615e-09
val-math500,b1fef3f21d36ff6d,answer32,calibrated_0.05,32,1.05,8.827468052636996e-11,0.042393761916913845,4.986741629879722e-07,0.05000291835399698,0.09278255102681676,0.06145372858122209,1.8301624402789264e-10,9.443244712331499e-11,1.972528692113626e-09
val-math500,b1fef3f21d36ff6d,answer32,calibrated_0.05,32,2.0,8.827468052636996e-11,0.042393761916913845,4.986645918665948e-07,0.05000291835399698,0.09278164976902385,0.06145339580250471,3.4779571493761643e-10,1.817422374748117e-10,3.748539886965146e-09
val-math500,b1fef3f21d36ff6d,answer32,calibrated_0.05,128,1.001,1.551930941072237e-11,0.04238603819206799,4.986741877141504e-07,0.05000291835399698,0.0927825975134751,0.06145374574597627,3.0797417679592645e-11,1.5478933698704984e-11,3.319309709465705e-10
val-math500,b1fef3f21d36ff6d,answer32,calibrated_0.05,128,1.05,1.551930941072237e-11,0.04238603819206799,4.986741629879722e-07,0.05000291835399698,0.09278255102681676,0.06145372858122209,3.2302269802528813e-11,1.623921657902797e-11,3.4815026581013653e-10
val-math500,b1fef3f21d36ff6d,answer32,calibrated_0.05,128,2.0,1.551930941072237e-11,0.04238603819206799,4.986645918665948e-07,0.05000291835399698,0.09278164976902385,0.06145339580250471,6.145852661518803e-11,3.100932737357503e-11,6.623995883688912e-10
val-math500,b1fef3f21d36ff6d,answer64,real_base_to_step8,8,1.001,6.165762495900951e-07,6.21830633860839e-07,5.964145912546361e-05,2.1526518251786517e-06,2.0430734467627066e-06,1.3622635173117898e-06,3.1827826192241994e-09,1.1226640226449522e-09,0.001557840529065358
val-math500,b1fef3f21d36ff6d,answer64,real_base_to_step8,8,1.05,6.165762495900951e-07,6.21830633860839e-07,0.0,2.1526518251786517e-06,2.837905038132195e-13,2.8377300548402427e-13,0.0,0.0,
val-math500,b1fef3f21d36ff6d,answer64,real_base_to_step8,8,2.0,6.165762495900951e-07,6.21830633860839e-07,0.0,2.1526518251786517e-06,2.837905038132195e-13,2.8377300548402427e-13,0.0,0.0,
val-math500,b1fef3f21d36ff6d,answer64,real_base_to_step8,32,1.001,7.542881926296765e-08,7.59432728570245e-08,5.964145912546361e-05,2.1526518251786517e-06,2.0430734467627066e-06,1.3622635173117898e-06,3.227902879507539e-10,6.478188138215041e-11,0.00015799250313894587
val-math500,b1fef3f21d36ff6d,answer64,real_base_to_step8,32,1.05,7.542881926296765e-08,7.59432728570245e-08,0.0,2.1526518251786517e-06,2.837905038132195e-13,2.8377300548402427e-13,0.0,0.0,
val-math500,b1fef3f21d36ff6d,answer64,real_base_to_step8,32,2.0,7.542881926296765e-08,7.59432728570245e-08,0.0,2.1526518251786517e-06,2.837905038132195e-13,2.8377300548402427e-13,0.0,0.0,
val-math500,b1fef3f21d36ff6d,answer64,real_base_to_step8,128,1.001,3.443554399191939e-09,3.482095534604169e-09,5.964145912546361e-05,2.1526518251786517e-06,2.0430734467627066e-06,1.3622635173117898e-06,1.6852303835733476e-11,1.4601052244746238e-12,8.24850612318236e-06
val-math500,b1fef3f21d36ff6d,answer64,real_base_to_step8,128,1.05,3.443554399191939e-09,3.482095534604169e-09,0.0,2.1526518251786517e-06,2.837905038132195e-13,2.8377300548402427e-13,0.0,0.0,
val-math500,b1fef3f21d36ff6d,answer64,real_base_to_step8,128,2.0,3.443554399191939e-09,3.482095534604169e-09,0.0,2.1526518251786517e-06,2.837905038132195e-13,2.8377300548402427e-13,0.0,0.0,
val-math500,b1fef3f21d36ff6d,answer64,calibrated_0.016,8,1.001,6.165762495900951e-07,0.00011998690898472904,6.058842003371873e-05,0.01599989768032592,0.030755344983681408,0.019915657905567624,8.534558223654939e-07,2.530956476414884e-07,2.7749837396339795e-05
val-math500,b1fef3f21d36ff6d,answer64,calibrated_0.016,8,1.05,6.165762495900951e-07,0.00011998690898472904,6.058841560393e-05,0.01599989768032592,0.030749500441298504,0.01991295830772068,8.952333736707215e-07,2.654850341655283e-07,2.911375342112443e-05
val-math500,b1fef3f21d36ff6d,answer64,calibrated_0.016,8,2.0,6.165762495900951e-07,0.00011998690898472904,6.0578104264617924e-05,0.01599989768032592,0.03063619502223129,0.01986069688013991,1.7052056785500616e-06,5.056648304815801e-07,5.56598388707433e-05
val-math500,b1fef3f21d36ff6d,answer64,calibrated_0.016,32,1.001,7.542881926296765e-08,3.5702761332905666e-05,6.058842003371873e-05,0.01599989768032592,0.030755344983681408,0.019915657905567624,1.1080685613369198e-07,4.549165206642306e-08,3.6028487468596237e-06
val-math500,b1fef3f21d36ff6d,answer64,calibrated_0.016,32,1.05,7.542881926296765e-08,3.5702761332905666e-05,6.058841560393e-05,0.01599989768032592,0.030749500441298504,0.01991295830772068,1.1623096672336295e-07,4.771901720199952e-08,3.779930244566103e-06
val-math500,b1fef3f21d36ff6d,answer64,calibrated_0.016,32,2.0,7.542881926296765e-08,3.5702761332905666e-05,6.0578104264617924e-05,0.01599989768032592,0.03063619502223129,0.01986069688013991,2.2139217599061385e-07,9.093486988108071e-08,7.226490620978213e-06
val-math500,b1fef3f21d36ff6d,answer64,calibrated_0.016,128,1.001,3.443554399191939e-09,1.2457590549742833e-06,6.058842003371873e-05,0.01599989768032592,0.030755344983681408,0.019915657905567624,4.798196401537795e-09,5.373638177351512e-10,1.5601178930308497e-07
val-math500,b1fef3f21d36ff6d,answer64,calibrated_0.016,128,1.05,3.443554399191939e-09,1.2457590549742833e-06,6.058841560393e-05,0.01599989768032592,0.030749500441298504,0.01991295830772068,5.033073500858892e-09,5.637703899732082e-10,1.6367984613171663e-07
val-math500,b1fef3f21d36ff6d,answer64,calibrated_0.016,128,2.0,3.443554399191939e-09,1.2457590549742833e-06,6.0578104264617924e-05,0.01599989768032592,0.03063619502223129,0.01986069688013991,9.58680560474467e-09,1.0820200270157736e-09,3.129241603857124e-07
val-math500,b1fef3f21d36ff6d,answer64,calibrated_0.05,8,1.001,6.165762495900951e-07,0.0003909113613894435,6.058841586457463e-05,0.04999920049200587,0.09227232215824731,0.0612906477704275,9.630228970147186e-07,2.9115446389317194e-07,1.0436747168486032e-05
val-math500,b1fef3f21d36ff6d,answer64,calibrated_0.05,8,1.05,6.165762495900951e-07,0.0003909113613894435,6.058841544777322e-05,0.04999920049200587,0.09226667277354257,0.06128823847819696,1.0101638574675378e-06,3.0540685262701455e-07,1.0948306979128458e-05
val-math500,b1fef3f21d36ff6d,answer64,calibrated_0.05,8,2.0,6.165762495900951e-07,0.0003909113613894435,6.0578108103646486e-05,0.04999920049200587,0.09215715018235734,0.06124155648687496,1.9241196441491337e-06,5.817203118841183e-07,2.0878679954205973e-05
val-math500,b1fef3f21d36ff6d,answer64,calibrated_0.05,32,1.001,7.542881926296765e-08,0.00013301126410371347,6.058841586457463e-05,0.04999920049200587,0.09227232215824731,0.0612906477704275,1.2183685321415868e-07,5.147551976680953e-08,1.3204051915503774e-06
val-math500,b1fef3f21d36ff6d,answer64,calibrated_0.05,32,1.05,7.542881926296765e-08,0.00013301126410371347,6.058841544777322e-05,0.04999920049200587,0.09226667277354257,0.06128823847819696,1.278008868402391e-07,5.399573058099914e-08,1.3851251269666024e-06
val-math500,b1fef3f21d36ff6d,answer64,calibrated_0.05,32,2.0,7.542881926296765e-08,0.00013301126410371347,6.0578108103646486e-05,0.04999920049200587,0.09215715018235734,0.06124155648687496,2.4342973176646834e-07,1.0288061138861711e-07,2.6414633187417156e-06
val-math500,b1fef3f21d36ff6d,answer64,calibrated_0.05,128,1.001,3.443554399191939e-09,4.6218579268270885e-06,6.058841586457463e-05,0.04999920049200587,0.09227232215824731,0.0612906477704275,5.294889402550328e-09,6.652812751627569e-10,5.7383289795932265e-08
val-math500,b1fef3f21d36ff6d,answer64,calibrated_0.05,128,1.05,3.443554399191939e-09,4.6218579268270885e-06,6.058841544777322e-05,0.04999920049200587,0.09226667277354257,0.06128823847819696,5.554080179336237e-09,6.979288392213277e-10,6.019595171669469e-08
val-math500,b1fef3f21d36ff6d,answer64,calibrated_0.05,128,2.0,3.443554399191939e-09,4.6218579268270885e-06,6.0578108103646486e-05,0.04999920049200587,0.09215715018235734,0.06124155648687496,1.0579199978486577e-08,1.3350735740963225e-09,1.147952161883568e-07
val-math500,b1fef3f21d36ff6d,answer128,real_base_to_step8,8,1.001,0.0005153731587359498,0.0005165997184688756,0.0009249344665504746,0.000138616433150511,1.8473870692847104e-05,1.0607526753612195e-05,2.962199305257652e-06,1.2134268055190061e-06,0.16034535233618288
val-math500,b1fef3f21d36ff6d,answer128,real_base_to_step8,8,1.05,0.0005153731587359498,0.0005165997184688756,0.0,0.000138616433150511,1.4441602328790496e-14,1.3995425960825726e-14,0.0,0.0,
val-math500,b1fef3f21d36ff6d,answer128,real_base_to_step8,8,2.0,0.0005153731587359498,0.0005165997184688756,0.0,0.000138616433150511,1.4441602328790496e-14,1.3995425960825726e-14,0.0,0.0,
val-math500,b1fef3f21d36ff6d,answer128,real_base_to_step8,32,1.001,9.517542789986579e-05,9.536691264057476e-05,0.0009249344665504746,0.000138616433150511,1.8473870692847104e-05,1.0607526753612195e-05,4.4900223943295727e-07,1.8056772669825303e-07,0.0243047191840964
val-math500,b1fef3f21d36ff6d,answer128,real_base_to_step8,32,1.05,9.517542789986579e-05,9.536691264057476e-05,0.0,0.000138616433150511,1.4441602328790496e-14,1.3995425960825726e-14,0.0,0.0,
val-math500,b1fef3f21d36ff6d,answer128,real_base_to_step8,32,2.0,9.517542789986579e-05,9.536691264057476e-05,0.0,0.000138616433150511,1.4441602328790496e-14,1.3995425960825726e-14,0.0,0.0,
val-math500,b1fef3f21d36ff6d,answer128,real_base_to_step8,128,1.001,2.6091399989543896e-05,2.6171196375788193e-05,0.0009249344665504746,0.000138616433150511,1.8473870692847104e-05,1.0607526753612195e-05,1.1946185824191568e-07,3.592401011492577e-08,0.00646653103879146
val-math500,b1fef3f21d36ff6d,answer128,real_base_to_step8,128,1.05,2.6091399989543896e-05,2.6171196375788193e-05,0.0,0.000138616433150511,1.4441602328790496e-14,1.3995425960825726e-14,0.0,0.0,
val-math500,b1fef3f21d36ff6d,answer128,real_base_to_step8,128,2.0,2.6091399989543896e-05,2.6171196375788193e-05,0.0,0.000138616433150511,1.4441602328790496e-14,1.3995425960825726e-14,0.0,0.0,
val-math500,b1fef3f21d36ff6d,answer128,calibrated_0.016,8,1.001,0.0005153731587359498,0.0005151142132032592,0.9693337926516445,0.016000093300838944,0.00030144740406464463,0.0001737481285571434,5.225112566662496e-05,2.7690600923744783e-05,0.1733341371067831
val-math500,b1fef3f21d36ff6d,answer128,calibrated_0.016,8,1.05,0.0005153731587359498,0.0005151142132032592,0.0006316667640768798,0.016000093300838944,6.310324778614384e-05,3.461289149351733e-05,3.15122330349078e-05,1.7362192595138433e-05,0.4993757713026497
val-math500,b1fef3f21d36ff6d,answer128,calibrated_0.016,8,2.0,0.0005153731587359498,0.0005151142132032592,0.0,0.016000093300838944,2.9802507150094084e-14,2.90955534596147e-14,0.0,0.0,
val-math500,b1fef3f21d36ff6d,answer128,calibrated_0.016,32,1.001,9.517542789986579e-05,9.310403232805811e-05,0.9693337926516445,0.016000093300838944,0.00030144740406464463,0.0001737481285571434,9.73609025141861e-06,4.8850935268483345e-06,0.032297807578169524
val-math500,b1fef3f21d36ff6d,answer128,calibrated_0.016,32,1.05,9.517542789986579e-05,9.310403232805811e-05,0.0006316667640768798,0.016000093300838944,6.310324778614384e-05,3.461289149351733e-05,6.428004611174138e-06,3.259730545979287e-06,0.10186487758852872
val-math500,b1fef3f21d36ff6d,answer128,calibrated_0.016,32,2.0,9.517542789986579e-05,9.310403232805811e-05,0.0,0.016000093300838944,2.9802507150094084e-14,2.90955534596147e-14,0.0,0.0,
val-math500,b1fef3f21d36ff6d,answer128,calibrated_0.016,128,1.001,2.6091399989543896e-05,2.4949066290228343e-05,0.9693337926516445,0.016000093300838944,0.00030144740406464463,0.0001737481285571434,1.8713435878217526e-06,9.193794287348868e-07,0.006207861015185414
val-math500,b1fef3f21d36ff6d,answer128,calibrated_0.016,128,1.05,2.6091399989543896e-05,2.4949066290228343e-05,0.0006316667640768798,0.016000093300838944,6.310324778614384e-05,3.461289149351733e-05,1.179297672708876e-06,5.808746654305799e-07,0.018688383151141474
val-math500,b1fef3f21d36ff6d,answer128,calibrated_0.016,128,2.0,2.6091399989543896e-05,2.4949066290228343e-05,0.0,0.016000093300838944,2.9802507150094084e-14,2.90955534596147e-14,0.0,0.0,
val-math500,b1fef3f21d36ff6d,answer128,calibrated_0.05,8,1.001,0.0005153731587359498,0.0005525241039088662,0.9693336215774788,0.050000030451302926,0.0005198942224888663,0.00024326882104574147,0.00018250352761334243,8.897596512475441e-05,0.3510397302352226
val-math500,b1fef3f21d36ff6d,answer128,calibrated_0.05,8,1.05,0.0005153731587359498,0.0005525241039088662,0.000794721509552617,0.050000030451302926,0.00048064787645307364,0.00026588543254661814,0.00019143068643587144,0.00010139139389913177,0.39827635950153023
val-math500,b1fef3f21d36ff6d,answer128,calibrated_0.05,8,2.0,0.0005153731587359498,0.0005525241039088662,4.114214384499478e-05,0.050000030451302926,2.7553277143128446e-05,1.7834019354004997e-05,2.755327715661663e-05,1.7834019364170964e-05,1.000000000489531
val-math500,b1fef3f21d36ff6d,answer128,calibrated_0.05,32,1.001,9.517542789986579e-05,9.683558752809955e-05,0.9693336215774788,0.050000030451302926,0.0005198942224888663,0.00024326882104574147,4.165850049389298e-05,2.0708090377779698e-05,0.08012880061344614
val-math500,b1fef3f21d36ff6d,answer128,calibrated_0.05,32,1.05,9.517542789986579e-05,9.683558752809955e-05,0.000794721509552617,0.050000030451302926,0.00048064787645307364,0.00026588543254661814,3.978327617184646e-05,2.0320260284442222e-05,0.08277010701769023
val-math500,b1fef3f21d36ff6d,answer128,calibrated_0.05,32,2.0,9.517542789986579e-05,9.683558752809955e-05,4.114214384499478e-05,0.050000030451302926,2.7553277143128446e-05,1.7834019354004997e-05,4.675553009077337e-06,2.709574875230828e-06,0.16969135775717992
val-math500,b1fef3f21d36ff6d,answer128,calibrated_0.05,128,1.001,2.6091399989543896e-05,2.4155408627793954e-05,0.9693336215774788,0.050000030451302926,0.0005198942224888663,0.00024326882104574147,8.27769919965914e-06,4.117875205529937e-06,0.01592189111091037
val-math500,b1fef3f21d36ff6d,answer128,calibrated_0.05,128,1.05,2.6091399989543896e-05,2.4155408627793954e-05,0.000794721509552617,0.050000030451302926,0.00048064787645307364,0.00026588543254661814,7.497787480388107e-06,3.7323935593928904e-06,0.01559933549632592
val-math500,b1fef3f21d36ff6d,answer128,calibrated_0.05,128,2.0,2.6091399989543896e-05,2.4155408627793954e-05,4.114214384499478e-05,0.050000030451302926,2.7553277143128446e-05,1.7834019354004997e-05,7.996884071188241e-07,4.232409710359959e-07,0.02902335003436278
val-math500,b1fef3f21d36ff6d,answer256,real_base_to_step8,8,1.001,0.060290571094973884,0.060662668599456536,0.6622079419596065,0.010015997262389179,0.004504331494690164,0.0018031421584385082,0.0004793905126501187,0.00012414994053315314,0.10642878154399561
val-math500,b1fef3f21d36ff6d,answer256,real_base_to_step8,8,1.05,0.060290571094973884,0.060662668599456536,3.970318795109993e-11,0.010015997262389179,3.8284368521214083e-13,2.110647209698716e-13,3.84398207740374e-13,2.1137003838445674e-13,
val-math500,b1fef3f21d36ff6d,answer256,real_base_to_step8,8,2.0,0.060290571094973884,0.060662668599456536,0.0,0.010015997262389179,1.5545225283637459e-15,7.245893943847609e-16,0.0,0.0,
val-math500,b1fef3f21d36ff6d,answer256,real_base_to_step8,32,1.001,0.005361833746790777,0.0054025607905034915,0.6622079419596065,0.010015997262389179,0.004504331494690164,0.0018031421584385082,5.467063867991159e-05,9.556061216185117e-06,0.012137347960370793
val-math500,b1fef3f21d36ff6d,answer256,real_base_to_step8,32,1.05,0.005361833746790777,0.0054025607905034915,3.970318795109993e-11,0.010015997262389179,3.8284368521214083e-13,2.110647209698716e-13,3.84398207740374e-13,2.1137003838445674e-13,
val-math500,b1fef3f21d36ff6d,answer256,real_base_to_step8,32,2.0,0.005361833746790777,0.0054025607905034915,0.0,0.010015997262389179,1.5545225283637459e-15,7.245893943847609e-16,0.0,0.0,
val-math500,b1fef3f21d36ff6d,answer256,real_base_to_step8,128,1.001,0.0004126629691381634,0.00041659090537813205,0.6622079419596065,0.010015997262389179,0.004504331494690164,0.0018031421584385082,3.3832342076261866e-06,3.7351044084567285e-07,0.0007511068427389149
val-math500,b1fef3f21d36ff6d,answer256,real_base_to_step8,128,1.05,0.0004126629691381634,0.00041659090537813205,3.970318795109993e-11,0.010015997262389179,3.8284368521214083e-13,2.110647209698716e-13,3.84398207740374e-13,2.1137003838445674e-13,
val-math500,b1fef3f21d36ff6d,answer256,real_base_to_step8,128,2.0,0.0004126629691381634,0.00041659090537813205,0.0,0.010015997262389179,1.5545225283637459e-15,7.245893943847609e-16,0.0,0.0,
val-math500,b1fef3f21d36ff6d,answer256,calibrated_0.016,8,1.001,0.060290571094973884,0.06299191361168095,0.4624678146782623,0.01600078659244134,0.008103947047021018,0.0032836053611039278,0.002266569522670614,0.0007383346404768477,0.27968710919746165
val-math500,b1fef3f21d36ff6d,answer256,calibrated_0.016,8,1.05,0.060290571094973884,0.06299191361168095,0.028067914158448174,0.01600078659244134,0.002016725463466421,0.0006842027401048156,0.002016725463466278,0.0006842027401047698,0.9999999999999291
val-math500,b1fef3f21d36ff6d,answer256,calibrated_0.016,8,2.0,0.060290571094973884,0.06299191361168095,0.0,0.01600078659244134,1.5222438580061132e-16,6.743145011013225e-17,0.0,0.0,
val-math500,b1fef3f21d36ff6d,answer256,calibrated_0.016,32,1.001,0.005361833746790777,0.005443110742073583,0.4624678146782623,0.01600078659244134,0.008103947047021018,0.0032836053611039278,0.0001621326236895094,2.984244172546523e-05,0.02000662427194768
val-math500,b1fef3f21d36ff6d,answer256,calibrated_0.016,32,1.05,0.005361833746790777,0.005443110742073583,0.028067914158448174,0.01600078659244134,0.002016725463466421,0.0006842027401048156,4.119422643309616e-05,1.1979372994937735e-05,0.020426293602843704
val-math500,b1fef3f21d36ff6d,answer256,calibrated_0.016,32,2.0,0.005361833746790777,0.005443110742073583,0.0,0.01600078659244134,1.5222438580061132e-16,6.743145011013225e-17,0.0,0.0,
val-math500,b1fef3f21d36ff6d,answer256,calibrated_0.016,128,1.001,0.0004126629691381634,0.00042238119308776116,0.4624678146782623,0.01600078659244134,0.008103947047021018,0.0032836053611039278,1.2106640326197773e-05,1.479835980464295e-06,0.0014939189824356184
val-math500,b1fef3f21d36ff6d,answer256,calibrated_0.016,128,1.05,0.0004126629691381634,0.00042238119308776116,0.028067914158448174,0.01600078659244134,0.002016725463466421,0.0006842027401048156,4.7530915852505715e-06,1.1996241600443327e-06,0.002356836203714503
val-math500,b1fef3f21d36ff6d,answer256,calibrated_0.016,128,2.0,0.0004126629691381634,0.00042238119308776116,0.0,0.01600078659244134,1.5222438580061132e-16,6.743145011013225e-17,0.0,0.0,
val-math500,b1fef3f21d36ff6d,answer256,calibrated_0.05,8,1.001,0.060290571094973884,0.06945389440130215,0.4624817112348894,0.050000134921531936,0.025959669529976685,0.010487856591434926,0.007033976699762294,0.0022936233464729123,0.2709578676122928
val-math500,b1fef3f21d36ff6d,answer256,calibrated_0.05,8,1.05,0.060290571094973884,0.06945389440130215,0.14574119068209798,0.050000134921531936,0.015059207755990707,0.004994286040167129,0.007308881811287986,0.0021721648494957245,0.48534304923049076
val-math500,b1fef3f21d36ff6d,answer256,calibrated_0.05,8,2.0,0.060290571094973884,0.06945389440130215,0.0,0.050000134921531936,5.328572364256034e-15,2.4293496388915092e-15,0.0,0.0,
val-math500,b1fef3f21d36ff6d,answer256,calibrated_0.05,32,1.001,0.005361833746790777,0.005637161174250605,0.4624817112348894,0.050000134921531936,0.025959669529976685,0.010487856591434926,0.0005017820452930507,9.051367373107954e-05,0.019329292490169125
val-math500,b1fef3f21d36ff6d,answer256,calibrated_0.05,32,1.05,0.005361833746790777,0.005637161174250605,0.14574119068209798,0.050000134921531936,0.015059207755990707,0.004994286040167129,0.0005256812075034432,0.00013136167365447498,0.03490762701605746
val-math500,b1fef3f21d36ff6d,answer256,calibrated_0.05,32,2.0,0.005361833746790777,0.005637161174250605,0.0,0.050000134921531936,5.328572364256034e-15,2.4293496388915092e-15,0.0,0.0,
val-math500,b1fef3f21d36ff6d,answer256,calibrated_0.05,128,1.001,0.0004126629691381634,0.00044505040988178303,0.4624817112348894,0.050000134921531936,0.025959669529976685,0.010487856591434926,3.7722146212753895e-05,4.5018634115377494e-06,0.0014531057943243306
val-math500,b1fef3f21d36ff6d,answer256,calibrated_0.05,128,1.05,0.0004126629691381634,0.00044505040988178303,0.14574119068209798,0.050000134921531936,0.015059207755990707,0.004994286040167129,3.956532223700876e-05,7.275314286463802e-06,0.0026273176436701507
val-math500,b1fef3f21d36ff6d,answer256,calibrated_0.05,128,2.0,0.0004126629691381634,0.00044505040988178303,0.0,0.050000134921531936,5.328572364256034e-15,2.4293496388915092e-15,0.0,0.0,
val-math500,4d583c75654016e6,prompt,real_base_to_step8,8,1.001,0.0003423175601836496,0.0003391110735839207,9.056988209827929e-05,2.425516023887841e-05,1.320491544474427e-06,6.802736468903487e-07,1.3204915388080649e-06,6.802736413995037e-07,0.9999999957088993
val-math500,4d583c75654016e6,prompt,real_base_to_step8,8,1.05,0.0003423175601836496,0.0003391110735839207,2.2358013849151546e-10,2.425516023887841e-05,2.181072259233017e-12,1.4778823469196199e-12,2.1754048601229097e-12,1.4737022206464084e-12,0.9974015537146393
val-math500,4d583c75654016e6,prompt,real_base_to_step8,8,2.0,0.0003423175601836496,0.0003391110735839207,0.0,2.425516023887841e-05,5.667399112756297e-15,5.662137911438607e-15,0.0,0.0,
val-math500,4d583c75654016e6,prompt,real_base_to_step8,32,1.001,0.00023753612623200786,0.00023536689560121307,9.056988209827929e-05,2.425516023887841e-05,1.320491544474427e-06,6.802736468903487e-07,7.868309663352419e-07,3.951790743386896e-07,0.5958621769504862
val-math500,4d583c75654016e6,prompt,real_base_to_step8,32,1.05,0.00023753612623200786,0.00023536689560121307,2.2358013849151546e-10,2.425516023887841e-05,2.181072259233017e-12,1.4778823469196199e-12,2.1754048601229097e-12,1.4737022206464084e-12,0.9974015537146393
val-math500,4d583c75654016e6,prompt,real_base_to_step8,32,2.0,0.00023753612623200786,0.00023536689560121307,0.0,2.425516023887841e-05,5.667399112756297e-15,5.662137911438607e-15,0.0,0.0,
val-math500,4d583c75654016e6,prompt,real_base_to_step8,128,1.001,0.0001737504204343166,0.00017230807124894699,9.056988209827929e-05,2.425516023887841e-05,1.320491544474427e-06,6.802736468903487e-07,5.708162921340587e-07,2.855959835457185e-07,0.4322756132158733
val-math500,4d583c75654016e6,prompt,real_base_to_step8,128,1.05,0.0001737504204343166,0.00017230807124894699,2.2358013849151546e-10,2.425516023887841e-05,2.181072259233017e-12,1.4778823469196199e-12,2.1754048601229097e-12,1.4737022206464084e-12,0.9974015537146393
val-math500,4d583c75654016e6,prompt,real_base_to_step8,128,2.0,0.0001737504204343166,0.00017230807124894699,0.0,2.425516023887841e-05,5.667399112756297e-15,5.662137911438607e-15,0.0,0.0,
val-math500,4d583c75654016e6,prompt,calibrated_0.016,8,1.001,0.0003423175601836496,0.009402446261613077,0.0007099095360909482,0.016000012422580378,0.028107598667349014,0.014546695946771968,0.0005090410641487739,0.00011499637122203579,0.01811044302194686
val-math500,4d583c75654016e6,prompt,calibrated_0.016,8,1.05,0.0003423175601836496,0.009402446261613077,0.0007083347592124543,0.016000012422580378,0.028039184513376426,0.014510871885549996,0.0005339225886188629,0.00012264348874203312,0.01904201558943873
val-math500,4d583c75654016e6,prompt,calibrated_0.016,8,2.0,0.0003423175601836496,0.009402446261613077,0.0006813151948028779,0.016000012422580378,0.0267491411067974,0.013838114236349166,0.0010160130181113016,0.00028845473176060903,0.03798301463418262
val-math500,4d583c75654016e6,prompt,calibrated_0.016,32,1.001,0.00023753612623200786,0.008288483970180997,0.0007099095360909482,0.016000012422580378,0.028107598667349014,0.014546695946771968,0.0003686989008202348,8.090839700626043e-05,0.013117410177360017
val-math500,4d583c75654016e6,prompt,calibrated_0.016,32,1.05,0.00023753612623200786,0.008288483970180997,0.0007083347592124543,0.016000012422580378,0.028039184513376426,0.014510871885549996,0.0003867233285597583,8.634336255257509e-05,0.01379224593266139
val-math500,4d583c75654016e6,prompt,calibrated_0.016,32,2.0,0.00023753612623200786,0.008288483970180997,0.0006813151948028779,0.016000012422580378,0.0267491411067974,0.013838114236349166,0.0007360210664877672,0.00020190445178773373,0.027515689701929608
val-math500,4d583c75654016e6,prompt,calibrated_0.016,128,1.001,0.0001737504204343166,0.006742912455973608,0.0007099095360909482,0.016000012422580378,0.028107598667349014,0.014546695946771968,0.0002729704720340713,5.8121653361430105e-05,0.009711625502578612
val-math500,4d583c75654016e6,prompt,calibrated_0.016,128,1.05,0.0001737504204343166,0.006742912455973608,0.0007083347592124543,0.016000012422580378,0.028039184513376426,0.014510871885549996,0.0002863191366328005,6.199561223115093e-05,0.010211393148620587
val-math500,4d583c75654016e6,prompt,calibrated_0.016,128,2.0,0.0001737504204343166,0.006742912455973608,0.0006813151948028779,0.016000012422580378,0.0267491411067974,0.013838114236349166,0.0005450151688088586,0.00014545708801598378,0.020375053039380066
val-math500,4d583c75654016e6,prompt,calibrated_0.05,8,1.001,0.0003423175601836496,0.0364328261268681,0.0007095148269456362,0.04999994630933726,0.0893281933790054,0.04583969980431879,0.0005618640645100256,0.0001290361964380047,0.006289885010056402
val-math500,4d583c75654016e6,prompt,calibrated_0.05,8,1.05,0.0003423175601836496,0.0364328261268681,0.0007078904555362529,0.04999994630933726,0.08926215408991081,0.04580621046015591,0.0005892416797812599,0.0001368872956623891,0.006601248712726967
val-math500,4d583c75654016e6,prompt,calibrated_0.05,8,2.0,0.0003423175601836496,0.0364328261268681,0.0006833312397533269,0.04999994630933726,0.08801491261831909,0.04517393841613356,0.0011189235654082818,0.00030349808938962366,0.012712886170330564
val-math500,4d583c75654016e6,prompt,calibrated_0.05,32,1.001,0.00023753612623200786,0.034184796515114524,0.0007095148269456362,0.04999994630933726,0.0893281933790054,0.04583969980431879,0.00039943142831157176,9.136043906109406e-05,0.0044715046079220186
val-math500,4d583c75654016e6,prompt,calibrated_0.05,32,1.05,0.00023753612623200786,0.034184796515114524,0.0007078904555362529,0.04999994630933726,0.08926215408991081,0.04580621046015591,0.00041889650178739965,9.695239559243487e-05,0.004692879149717349
val-math500,4d583c75654016e6,prompt,calibrated_0.05,32,2.0,0.00023753612623200786,0.034184796515114524,0.0006833312397533269,0.04999994630933726,0.08801491261831909,0.04517393841613356,0.0007957310383199966,0.00021313762414226968,0.009040866083350245
val-math500,4d583c75654016e6,prompt,calibrated_0.05,128,1.001,0.0001737504204343166,0.02940861118965453,0.0007095148269456362,0.04999994630933726,0.0893281933790054,0.04583969980431879,0.00029644081407622454,6.74291060865059e-05,0.0033185582609789616
val-math500,4d583c75654016e6,prompt,calibrated_0.05,128,1.05,0.0001737504204343166,0.02940861118965453,0.0007078904555362529,0.04999994630933726,0.08926215408991081,0.04580621046015591,0.00031089949713864856,7.148279692505286e-05,0.0034829934400360738
val-math500,4d583c75654016e6,prompt,calibrated_0.05,128,2.0,0.0001737504204343166,0.02940861118965453,0.0006833312397533269,0.04999994630933726,0.08801491261831909,0.04517393841613356,0.0005908233336825864,0.00015639158200134523,0.006712763963587855
val-math500,4d583c75654016e6,answer16,real_base_to_step8,8,1.001,1.4935113706045674e-08,1.5295738978399214e-08,0.0001241972244346472,9.899838100485037e-06,9.7481622501143e-06,6.889222524792235e-06,1.2841572407425142e-10,3.072639540799918e-11,1.317332649779662e-05
val-math500,4d583c75654016e6,answer16,real_base_to_step8,8,1.05,1.4935113706045674e-08,1.5295738978399214e-08,1.0424187659277766e-14,9.899838100485037e-06,2.927296359536291e-13,2.926547932732824e-13,3.704877867605272e-17,3.008552065540768e-17,
val-math500,4d583c75654016e6,answer16,real_base_to_step8,8,2.0,1.4935113706045674e-08,1.5295738978399214e-08,0.0,9.899838100485037e-06,2.9269258717495307e-13,2.926547917268554e-13,0.0,0.0,
val-math500,4d583c75654016e6,answer16,real_base_to_step8,32,1.001,3.575050514489515e-09,3.63747230719943e-09,0.0001241972244346472,9.899838100485037e-06,9.7481622501143e-06,6.889222524792235e-06,2.7757542200869166e-11,3.938743425632555e-12,2.8474641156638216e-06
val-math500,4d583c75654016e6,answer16,real_base_to_step8,32,1.05,3.575050514489515e-09,3.63747230719943e-09,1.0424187659277766e-14,9.899838100485037e-06,2.927296359536291e-13,2.926547932732824e-13,3.704877867605272e-17,3.008552065540768e-17,
val-math500,4d583c75654016e6,answer16,real_base_to_step8,32,2.0,3.575050514489515e-09,3.63747230719943e-09,0.0,9.899838100485037e-06,2.9269258717495307e-13,2.926547917268554e-13,0.0,0.0,
val-math500,4d583c75654016e6,answer16,real_base_to_step8,128,1.001,8.040960602585431e-10,8.167291282555203e-10,0.0001241972244346472,9.899838100485037e-06,9.7481622501143e-06,6.889222524792235e-06,5.445054529294588e-12,3.353731845599022e-13,5.58572414942185e-07
val-math500,4d583c75654016e6,answer16,real_base_to_step8,128,1.05,8.040960602585431e-10,8.167291282555203e-10,1.0424187659277766e-14,9.899838100485037e-06,2.927296359536291e-13,2.926547932732824e-13,3.704877867605272e-17,3.008552065540768e-17,
val-math500,4d583c75654016e6,answer16,real_base_to_step8,128,2.0,8.040960602585431e-10,8.167291282555203e-10,0.0,9.899838100485037e-06,2.9269258717495307e-13,2.926547917268554e-13,0.0,0.0,
val-math500,4d583c75654016e6,answer16,calibrated_0.016,8,1.001,1.4935113706045674e-08,0.01358846317708841,9.937941771308916e-08,0.01600010082917247,0.03085159847189086,0.019573281762334683,2.8435423509876795e-08,1.530554240305397e-08,9.216839618791402e-07
val-math500,4d583c75654016e6,answer16,calibrated_0.016,8,1.05,1.4935113706045674e-08,0.01358846317708841,9.937747602683076e-08,0.01600010082917247,0.030851588885473305,0.019573278002701817,2.9826689345642054e-08,1.606636532427598e-08,9.667796837421934e-07
val-math500,4d583c75654016e6,answer16,calibrated_0.016,8,2.0,1.4935113706045674e-08,0.01358846317708841,1.0080609814527757e-08,0.01600010082917247,0.030851449625500113,0.019573221370956108,5.679401633415121e-08,3.092934044598069e-08,1.8408864744951368e-06
val-math500,4d583c75654016e6,answer16,calibrated_0.016,32,1.001,3.575050514489515e-09,0.012622263836328999,9.937941771308916e-08,0.01600010082917247,0.03085159847189086,0.019573281762334683,7.077412309057278e-09,3.740155274284176e-09,2.2940180281114332e-07
val-math500,4d583c75654016e6,answer16,calibrated_0.016,32,1.05,3.575050514489515e-09,0.012622263836328999,9.937747602683076e-08,0.01600010082917247,0.030851588885473305,0.019573278002701817,7.4235589379777066e-09,3.927898409125386e-09,2.406216083565519e-07
val-math500,4d583c75654016e6,answer16,calibrated_0.016,32,2.0,3.575050514489515e-09,0.012622263836328999,1.0080609814527757e-08,0.01600010082917247,0.030851449625500113,0.019573221370956108,1.4133988025843148e-08,7.580819779777455e-09,4.5813043462828957e-07
val-math500,4d583c75654016e6,answer16,calibrated_0.016,128,1.001,8.040960602585431e-10,0.012575968025752933,9.937941771308916e-08,0.01600010082917247,0.03085159847189086,0.019573281762334683,1.5905099537610402e-09,8.503965844626231e-10,5.1553567158284085e-08
val-math500,4d583c75654016e6,answer16,calibrated_0.016,128,1.05,8.040960602585431e-10,0.012575968025752933,9.937747602683076e-08,0.01600010082917247,0.030851588885473305,0.019573278002701817,1.6683168746665005e-09,8.928725580182187e-10,5.4075557692007225e-08
val-math500,4d583c75654016e6,answer16,calibrated_0.016,128,2.0,8.040960602585431e-10,0.012575968025752933,1.0080609814527757e-08,0.01600010082917247,0.030851449625500113,0.019573221370956108,3.1764089707553664e-09,1.7239315327285368e-09,1.0295817568746985e-07
val-math500,4d583c75654016e6,answer16,calibrated_0.05,8,1.001,1.4935113706045674e-08,0.04431055338138818,9.93782386292986e-08,0.04999941373081244,0.09240304939153461,0.060281591950375475,2.8112226511560562e-08,1.5369689817188735e-08,3.0423483528603147e-07
val-math500,4d583c75654016e6,answer16,calibrated_0.05,8,1.05,1.4935113706045674e-08,0.04431055338138818,9.937714805638392e-08,0.04999941373081244,0.09240304012929268,0.06028158851473947,2.948632524105214e-08,1.6131371182958183e-08,3.191055748792911e-07
val-math500,4d583c75654016e6,answer16,calibrated_0.05,8,2.0,1.4935113706045674e-08,0.04431055338138818,1.0081058124839458e-08,0.04999941373081244,0.09240291641381083,0.06028153693087238,5.610613646066218e-08,3.10000528112561e-08,6.071901043620781e-07
val-math500,4d583c75654016e6,answer16,calibrated_0.05,32,1.001,3.575050514489515e-09,0.04224011420388895,9.93782386292986e-08,0.04999941373081244,0.09240304939153461,0.060281591950375475,6.994363043897279e-09,3.697443063164962e-09,7.569407167787754e-08
val-math500,4d583c75654016e6,answer16,calibrated_0.05,32,1.05,3.575050514489515e-09,0.04224011420388895,9.937714805638392e-08,0.04999941373081244,0.09240304012929268,0.06028158851473947,7.335806750895576e-09,3.88228494067591e-09,7.938923590209942e-08
val-math500,4d583c75654016e6,answer16,calibrated_0.05,32,2.0,3.575050514489515e-09,0.04224011420388895,1.0081058124839458e-08,0.04999941373081244,0.09240291641381083,0.06028153693087238,1.3953786425999824e-08,7.477177996492435e-09,1.5101023828631285e-07
val-math500,4d583c75654016e6,answer16,calibrated_0.05,128,1.001,8.040960602585431e-10,0.04214277121345337,9.93782386292986e-08,0.04999941373081244,0.09240304939153461,0.060281591950375475,1.5682574102216252e-09,8.38508261115385e-10,1.6971922685976845e-08
val-math500,4d583c75654016e6,answer16,calibrated_0.05,128,1.05,8.040960602585431e-10,0.04214277121345337,9.937714805638392e-08,0.04999941373081244,0.09240304012929268,0.06028158851473947,1.6448663872605443e-09,8.802680414769199e-10,1.7800998592243343e-08
val-math500,4d583c75654016e6,answer16,calibrated_0.05,128,2.0,8.040960602585431e-10,0.04214277121345337,1.0081058124839458e-08,0.04999941373081244,0.09240291641381083,0.06028153693087238,3.1288427450604498e-09,1.6963576279534492e-09,3.386086572255422e-08
val-math500,4d583c75654016e6,answer32,real_base_to_step8,8,1.001,7.596538964124248e-08,7.599667414941861e-08,9.752845841202848e-07,2.326414478456786e-06,1.728218174715021e-09,1.0835616584292354e-09,2.873420892555925e-10,1.5156648734860632e-10,0.16626493891778132
val-math500,4d583c75654016e6,answer32,real_base_to_step8,8,1.05,7.596538964124248e-08,7.599667414941861e-08,0.0,2.326414478456786e-06,2.875708644909932e-13,2.875477642406305e-13,0.0,0.0,
val-math500,4d583c75654016e6,answer32,real_base_to_step8,8,2.0,7.596538964124248e-08,7.599667414941861e-08,0.0,2.326414478456786e-06,2.875708644909932e-13,2.875477642406305e-13,0.0,0.0,
val-math500,4d583c75654016e6,answer32,real_base_to_step8,32,1.001,6.589583092090115e-09,6.602155063470375e-09,9.752845841202848e-07,2.326414478456786e-06,1.728218174715021e-09,1.0835616584292354e-09,4.8548176291794724e-11,2.2164922663701947e-11,0.028091462641746723
val-math500,4d583c75654016e6,answer32,real_base_to_step8,32,1.05,6.589583092090115e-09,6.602155063470375e-09,0.0,2.326414478456786e-06,2.875708644909932e-13,2.875477642406305e-13,0.0,0.0,
val-math500,4d583c75654016e6,answer32,real_base_to_step8,32,2.0,6.589583092090115e-09,6.602155063470375e-09,0.0,2.326414478456786e-06,2.875708644909932e-13,2.875477642406305e-13,0.0,0.0,
val-math500,4d583c75654016e6,answer32,real_base_to_step8,128,1.001,1.1244292366850101e-09,1.1257655699970935e-09,9.752845841202848e-07,2.326414478456786e-06,1.728218174715021e-09,1.0835616584292354e-09,8.613126856093701e-12,4.230087787950513e-12,0.004983819162481603
val-math500,4d583c75654016e6,answer32,real_base_to_step8,128,1.05,1.1244292366850101e-09,1.1257655699970935e-09,0.0,2.326414478456786e-06,2.875708644909932e-13,2.875477642406305e-13,0.0,0.0,
val-math500,4d583c75654016e6,answer32,real_base_to_step8,128,2.0,1.1244292366850101e-09,1.1257655699970935e-09,0.0,2.326414478456786e-06,2.875708644909932e-13,2.875477642406305e-13,0.0,0.0,
val-math500,4d583c75654016e6,answer32,calibrated_0.016,8,1.001,7.596538964124248e-08,0.014489006521114341,5.795604207676986e-09,0.0160006676461576,0.02855813834797377,0.017473882333407433,1.4926725491078907e-07,8.694817560587306e-08,5.226785201892536e-06
val-math500,4d583c75654016e6,answer32,calibrated_0.016,8,1.05,7.596538964124248e-08,0.014489006521114341,5.795503001248078e-09,0.0160006676461576,0.028558137788242142,0.01747388210586218,1.5657357875494314e-07,9.121684673658972e-08,5.4826256500312525e-06
val-math500,4d583c75654016e6,answer32,calibrated_0.016,8,2.0,7.596538964124248e-08,0.014489006521114341,5.77035834584223e-09,0.0160006676461576,0.028558126975766922,0.017473877709931793,2.9822622736821726e-07,1.7399221164023069e-07,1.0442779655027024e-05
val-math500,4d583c75654016e6,answer32,calibrated_0.016,32,1.001,6.589583092090115e-09,0.014420255940778679,5.795604207676986e-09,0.0160006676461576,0.02855813834797377,0.017473882333407433,1.299386945477481e-08,7.563641072395873e-09,4.549970763656847e-07
val-math500,4d583c75654016e6,answer32,calibrated_0.016,32,1.05,6.589583092090115e-09,0.014420255940778679,5.795503001248078e-09,0.0160006676461576,0.028558137788242142,0.01747388210586218,1.3629882134383793e-08,7.935254691307384e-09,4.77267888944616e-07
val-math500,4d583c75654016e6,answer32,calibrated_0.016,32,2.0,6.589583092090115e-09,0.014420255940778679,5.77035834584223e-09,0.0160006676461576,0.028558126975766922,0.017473877709931793,2.5960177133887112e-08,1.5155190407304465e-08,9.090294036410614e-07
val-math500,4d583c75654016e6,answer32,calibrated_0.016,128,1.001,1.1244292366850101e-09,0.014410346528394218,5.795604207676986e-09,0.0160006676461576,0.02855813834797377,0.017473882333407433,2.2181237641372617e-09,1.2969047524484836e-09,7.767046076708427e-08
val-math500,4d583c75654016e6,answer32,calibrated_0.016,128,1.05,1.1244292366850101e-09,0.014410346528394218,5.795503001248078e-09,0.0160006676461576,0.028558137788242142,0.01747388210586218,2.3266765548288647e-09,1.3611106492886855e-09,8.147157815685013e-08
val-math500,4d583c75654016e6,answer32,calibrated_0.016,128,2.0,1.1244292366850101e-09,0.014410346528394218,5.77035834584223e-09,0.0160006676461576,0.028558126975766922,0.017473877709931793,4.431173562031015e-09,2.6085261881493832e-09,1.5516331185834072e-07
val-math500,4d583c75654016e6,answer32,calibrated_0.05,8,1.001,7.596538964124248e-08,0.04737815013593254,5.795529623674986e-09,0.05000341980093169,0.09026691048380156,0.05553598359003605,1.4508099648034173e-07,8.469727495099492e-08,1.6072445118898422e-06
val-math500,4d583c75654016e6,answer32,calibrated_0.05,8,1.05,7.596538964124248e-08,0.04737815013593254,5.795476698689704e-09,0.05000341980093169,0.09026690994276888,0.05553598337557637,1.5218154849841542e-07,8.885341240593994e-08,1.6859062595019784e-06
val-math500,4d583c75654016e6,answer32,calibrated_0.05,8,2.0,7.596538964124248e-08,0.04737815013593254,5.770351336733851e-09,0.05000341980093169,0.09026689949454907,0.05553597923301196,2.898433898609216e-07,1.694465776860553e-07,3.2109598477836757e-06
val-math500,4d583c75654016e6,answer32,calibrated_0.05,32,1.001,6.589583092090115e-09,0.04727920858914202,5.795529623674986e-09,0.05000341980093169,0.09026691048380156,0.05553598359003605,1.260526578163445e-08,7.359410661060597e-09,1.3964436928298848e-07
val-math500,4d583c75654016e6,answer32,calibrated_0.05,32,1.05,6.589583092090115e-09,0.04727920858914202,5.795476698689704e-09,0.05000341980093169,0.09026690994276888,0.05553598337557637,1.322215678001533e-08,7.720819861330204e-09,1.464784469569021e-07
val-math500,4d583c75654016e6,answer32,calibrated_0.05,32,2.0,6.589583092090115e-09,0.04727920858914202,5.770351336733851e-09,0.05000341980093169,0.09026689949454907,0.05553597923301196,2.518036474768449e-08,1.4742548724747161e-08,2.7895457680148917e-07
val-math500,4d583c75654016e6,answer32,calibrated_0.05,128,1.001,1.1244292366850101e-09,0.04726314491854424,5.795529623674986e-09,0.05000341980093169,0.09026691048380156,0.05553598359003605,2.1505728235730063e-09,1.2619519196796646e-09,2.382459765208124e-08
val-math500,4d583c75654016e6,answer32,calibrated_0.05,128,1.05,1.1244292366850101e-09,0.04726314491854424,5.795476698689704e-09,0.05000341980093169,0.09026690994276888,0.05553598337557637,2.255763248958601e-09,1.3243633056072985e-09,2.4989924329843596e-08
val-math500,4d583c75654016e6,answer32,calibrated_0.05,128,2.0,1.1244292366850101e-09,0.04726314491854424,5.770351336733851e-09,0.05000341980093169,0.09026689949454907,0.05553597923301196,4.294842374513538e-09,2.5369181091351752e-09,4.757937182469516e-08
val-math500,4d583c75654016e6,answer64,real_base_to_step8,8,1.001,4.181990688483667e-07,4.247993260090153e-07,1.0983439118326068e-05,8.012649896108126e-06,1.0189590050285314e-06,6.2522882955601e-07,7.52446397357002e-09,2.2772680234274508e-09,0.007384461922841862
val-math500,4d583c75654016e6,answer64,real_base_to_step8,8,1.05,4.181990688483667e-07,4.247993260090153e-07,3.283889485545259e-06,8.012649896108126e-06,5.271880878516749e-08,3.7116824439863115e-08,4.4066648654814844e-10,3.000917101484337e-10,0.008358809629858908
val-math500,4d583c75654016e6,answer64,real_base_to_step8,8,2.0,4.181990688483667e-07,4.247993260090153e-07,0.0,8.012649896108126e-06,2.766475280930024e-13,2.765565682943315e-13,0.0,0.0,
val-math500,4d583c75654016e6,answer64,real_base_to_step8,32,1.001,1.3356943615832495e-07,1.3556169412859427e-07,1.0983439118326068e-05,8.012649896108126e-06,1.0189590050285314e-06,6.2522882955601e-07,1.9598323135387833e-09,3.5180379706453653e-10,0.0019233671853990896
val-math500,4d583c75654016e6,answer64,real_base_to_step8,32,1.05,1.3356943615832495e-07,1.3556169412859427e-07,3.283889485545259e-06,8.012649896108126e-06,5.271880878516749e-08,3.7116824439863115e-08,3.37830695286871e-11,2.0900834032933272e-11,0.0006408162533860593
val-math500,4d583c75654016e6,answer64,real_base_to_step8,32,2.0,1.3356943615832495e-07,1.3556169412859427e-07,0.0,8.012649896108126e-06,2.766475280930024e-13,2.765565682943315e-13,0.0,0.0,
val-math500,4d583c75654016e6,answer64,real_base_to_step8,128,1.001,4.96000828346821e-08,5.018787081015397e-08,1.0983439118326068e-05,8.012649896108126e-06,1.0189590050285314e-06,6.2522882955601e-07,6.591969550263086e-10,1.2667274532347067e-10,0.000646931772302116
val-math500,4d583c75654016e6,answer64,real_base_to_step8,128,1.05,4.96000828346821e-08,5.018787081015397e-08,3.283889485545259e-06,8.012649896108126e-06,5.271880878516749e-08,3.7116824439863115e-08,5.651908134920404e-12,3.0377215287590623e-12,0.00010720857062518787
val-math500,4d583c75654016e6,answer64,real_base_to_step8,128,2.0,4.96000828346821e-08,5.018787081015397e-08,0.0,8.012649896108126e-06,2.766475280930024e-13,2.765565682943315e-13,0.0,0.0,
val-math500,4d583c75654016e6,answer64,calibrated_0.016,8,1.001,4.181990688483667e-07,0.002350868499407518,2.3377600891421415e-05,0.016000155106502077,0.03046767381500649,0.019695028332847406,8.049052722668137e-07,3.962124653211129e-07,2.6418336928314072e-05
val-math500,4d583c75654016e6,answer64,calibrated_0.016,8,1.05,4.181990688483667e-07,0.002350868499407518,2.3372848218298387e-05,0.016000155106502077,0.030465418679623088,0.019693777008037285,8.44299209061303e-07,4.1648465369293047e-07,2.7713363073720557e-05
val-math500,4d583c75654016e6,answer64,calibrated_0.016,8,2.0,4.181990688483667e-07,0.002350868499407518,2.331638196552952e-05,0.016000155106502077,0.030421743421829864,0.019669536480375397,1.6079498529591376e-06,8.22735152975604e-07,5.285528283712083e-05
val-math500,4d583c75654016e6,answer64,calibrated_0.016,32,1.001,1.3356943615832495e-07,0.0023083478905913013,2.3377600891421415e-05,0.016000155106502077,0.03046767381500649,0.019695028332847406,2.548170498202178e-07,1.1680312607581858e-07,8.363521657984624e-06
val-math500,4d583c75654016e6,answer64,calibrated_0.016,32,1.05,1.3356943615832495e-07,0.0023083478905913013,2.3372848218298387e-05,0.016000155106502077,0.030465418679623088,0.019693777008037285,2.672874835147168e-07,1.2284785071287301e-07,8.773471532609957e-06
val-math500,4d583c75654016e6,answer64,calibrated_0.016,32,2.0,1.3356943615832495e-07,0.0023083478905913013,2.331638196552952e-05,0.016000155106502077,0.030421743421829864,0.019669536480375397,5.090357428771774e-07,2.4325806960124125e-07,1.6732628890424026e-05
val-math500,4d583c75654016e6,answer64,calibrated_0.016,128,1.001,4.96000828346821e-08,0.00014235204262974812,2.3377600891421415e-05,0.016000155106502077,0.03046767381500649,0.019695028332847406,9.303863285618054e-08,2.5349171359357317e-08,3.0536835014413036e-06
val-math500,4d583c75654016e6,answer64,calibrated_0.016,128,1.05,4.96000828346821e-08,0.00014235204262974812,2.3372848218298387e-05,0.016000155106502077,0.030465418679623088,0.019693777008037285,9.759290749597223e-08,2.6788859206698274e-08,3.2033995174091474e-06
val-math500,4d583c75654016e6,answer64,calibrated_0.016,128,2.0,4.96000828346821e-08,0.00014235204262974812,2.331638196552952e-05,0.016000155106502077,0.030421743421829864,0.019669536480375397,1.858896346449207e-07,5.6117023369848846e-08,6.110420171104693e-06
val-math500,4d583c75654016e6,answer64,calibrated_0.05,8,1.001,4.181990688483667e-07,0.015281100346085631,2.3373043151223383e-05,0.05000020362938983,0.09194808096047886,0.05616019434909305,8.094830910704597e-07,3.8977867111456744e-07,8.80369750640464e-06
val-math500,4d583c75654016e6,answer64,calibrated_0.05,8,1.05,4.181990688483667e-07,0.015281100346085631,2.3372769991708722e-05,0.05000020362938983,0.09194590115149029,0.0561589911215289,8.490637909651419e-07,4.096605587771909e-07,9.234384353536569e-06
val-math500,4d583c75654016e6,answer64,calibrated_0.05,8,2.0,4.181990688483667e-07,0.015281100346085631,2.331654103014548e-05,0.05000020362938983,0.09190368257556086,0.05613567765594896,1.6158995616847224e-06,8.045142052369784e-07,1.758253332619366e-05
val-math500,4d583c75654016e6,answer64,calibrated_0.05,32,1.001,1.3356943615832495e-07,0.015147534979910206,2.3373043151223383e-05,0.05000020362938983,0.09194808096047886,0.05616019434909305,2.5563643123535245e-07,1.1457930884102424e-07,2.78022584664089e-06
val-math500,4d583c75654016e6,answer64,calibrated_0.05,32,1.05,1.3356943615832495e-07,0.015147534979910206,2.3372769991708722e-05,0.05000020362938983,0.09194590115149029,0.0561589911215289,2.6813198290104463e-07,1.2046816459586328e-07,2.9161928867200915e-06
val-math500,4d583c75654016e6,answer64,calibrated_0.05,32,2.0,1.3356943615832495e-07,0.015147534979910206,2.331654103014548e-05,0.05000020362938983,0.09190368257556086,0.05613567765594896,5.102389602031468e-07,2.3744975569658437e-07,5.5518880843935854e-06
val-math500,4d583c75654016e6,answer64,calibrated_0.05,128,1.001,4.96000828346821e-08,0.0012545208353783128,2.3373043151223383e-05,0.05000020362938983,0.09194808096047886,0.05616019434909305,9.545633292954882e-08,2.8412389320895873e-08,1.0381547057037317e-06
val-math500,4d583c75654016e6,answer64,calibrated_0.05,128,1.05,4.96000828346821e-08,0.0012545208353783128,2.3372769991708722e-05,0.05000020362938983,0.09194590115149029,0.0561589911215289,1.0012850716960892e-07,2.995715505347585e-08,1.0889937008136659e-06
val-math500,4d583c75654016e6,answer64,calibrated_0.05,128,2.0,4.96000828346821e-08,0.0012545208353783128,2.331654103014548e-05,0.05000020362938983,0.09190368257556086,0.05613567765594896,1.9070819258420572e-07,6.09767904786535e-08,2.0750876051937343e-06
val-math500,4d583c75654016e6,answer128,real_base_to_step8,8,1.001,0.006534847090850581,0.0065107413554952275,0.7894792229206495,0.005256200789895959,0.0007615328137565183,0.00039868166695758157,2.07178598696659e-05,9.710515776408889e-06,0.027205472299306505
val-math500,4d583c75654016e6,answer128,real_base_to_step8,8,1.05,0.006534847090850581,0.0065107413554952275,0.0,0.005256200789895959,1.7351506758279434e-14,1.3753029964588228e-14,0.0,0.0,
val-math500,4d583c75654016e6,answer128,real_base_to_step8,8,2.0,0.006534847090850581,0.0065107413554952275,0.0,0.005256200789895959,1.7351506758279434e-14,1.3753029964588228e-14,0.0,0.0,
val-math500,4d583c75654016e6,answer128,real_base_to_step8,32,1.001,0.00032886532364024234,0.00032909192463318187,0.7894792229206495,0.005256200789895959,0.0007615328137565183,0.00039868166695758157,2.8292125536904835e-06,1.2203002557771453e-06,0.0037151551483834756
val-math500,4d583c75654016e6,answer128,real_base_to_step8,32,1.05,0.00032886532364024234,0.00032909192463318187,0.0,0.005256200789895959,1.7351506758279434e-14,1.3753029964588228e-14,0.0,0.0,
val-math500,4d583c75654016e6,answer128,real_base_to_step8,32,2.0,0.00032886532364024234,0.00032909192463318187,0.0,0.005256200789895959,1.7351506758279434e-14,1.3753029964588228e-14,0.0,0.0,
val-math500,4d583c75654016e6,answer128,real_base_to_step8,128,1.001,3.239466281343939e-05,3.2419847059486906e-05,0.7894792229206495,0.005256200789895959,0.0007615328137565183,0.00039868166695758157,2.81773099167436e-07,1.1261973040846975e-07,0.0003700078237961866
val-math500,4d583c75654016e6,answer128,real_base_to_step8,128,1.05,3.239466281343939e-05,3.2419847059486906e-05,0.0,0.005256200789895959,1.7351506758279434e-14,1.3753029964588228e-14,0.0,0.0,
val-math500,4d583c75654016e6,answer128,real_base_to_step8,128,2.0,3.239466281343939e-05,3.2419847059486906e-05,0.0,0.005256200789895959,1.7351506758279434e-14,1.3753029964588228e-14,0.0,0.0,
val-math500,4d583c75654016e6,answer128,calibrated_0.016,8,1.001,0.006534847090850581,0.008108787001270322,0.1529480532042394,0.016000096393263233,0.013620964737392318,0.006863617950409361,0.001546027152910001,0.0006110251870333018,0.11350349866671647
val-math500,4d583c75654016e6,answer128,calibrated_0.016,8,1.05,0.006534847090850581,0.008108787001270322,0.027577357691017094,0.016000096393263233,0.008999085444396307,0.004145740782332408,0.0016211988407407124,0.0006564606610818936,0.18015151103496035
val-math500,4d583c75654016e6,answer128,calibrated_0.016,8,2.0,0.006534847090850581,0.008108787001270322,1.4653715060751869e-05,0.016000096393263233,1.2060360387589071e-05,5.6333253125163736e-06,1.206036038414691e-05,5.633325310231499e-06,0.9999999997145889
val-math500,4d583c75654016e6,answer128,calibrated_0.016,32,1.001,0.00032886532364024234,0.0004367741503881973,0.1529480532042394,0.016000096393263233,0.013620964737392318,0.006863617950409361,8.518111173289636e-05,1.9099165464791203e-05,0.006253676841190028
val-math500,4d583c75654016e6,answer128,calibrated_0.016,32,1.05,0.00032886532364024234,0.0004367741503881973,0.027577357691017094,0.016000096393263233,0.008999085444396307,0.004145740782332408,8.934888965755108e-05,2.1775856231669734e-05,0.00992866333024855
val-math500,4d583c75654016e6,answer128,calibrated_0.016,32,2.0,0.00032886532364024234,0.0004367741503881973,1.4653715060751869e-05,0.016000096393263233,1.2060360387589071e-05,5.6333253125163736e-06,1.206036038414691e-05,5.633325310231499e-06,0.9999999997145889
val-math500,4d583c75654016e6,answer128,calibrated_0.016,128,1.001,3.239466281343939e-05,4.1700860882217256e-05,0.1529480532042394,0.016000096393263233,0.013620964737392318,0.006863617950409361,7.508729314281772e-06,1.0683807141981673e-06,0.0005512626645063388
val-math500,4d583c75654016e6,answer128,calibrated_0.016,128,1.05,3.239466281343939e-05,4.1700860882217256e-05,0.027577357691017094,0.016000096393263233,0.008999085444396307,0.004145740782332408,7.876274173822963e-06,1.350782972954058e-06,0.000875230513421504
val-math500,4d583c75654016e6,answer128,calibrated_0.016,128,2.0,3.239466281343939e-05,4.1700860882217256e-05,1.4653715060751869e-05,0.016000096393263233,1.2060360387589071e-05,5.6333253125163736e-06,9.050686278716465e-07,3.798355014901627e-07,0.0750449073481273
val-math500,4d583c75654016e6,answer128,calibrated_0.05,8,1.001,0.006534847090850581,0.014316702961116064,0.15294789666808442,0.04999998859488671,0.04576413334776886,0.023320922436116387,0.004275040564395371,0.001736405147485061,0.09341465142382713
val-math500,4d583c75654016e6,answer128,calibrated_0.05,8,1.05,0.006534847090850581,0.014316702961116064,0.02762382391751562,0.04999998859488671,0.040689378547875465,0.01879458762116459,0.004483368139568669,0.001829769621927753,0.1101852203098531
val-math500,4d583c75654016e6,answer128,calibrated_0.05,8,2.0,0.006534847090850581,0.014316702961116064,0.004398246834108228,0.04999998859488671,0.015991925902476754,0.00785076703923141,0.008496884653958904,0.004282161774309573,0.5313234131883356
val-math500,4d583c75654016e6,answer128,calibrated_0.05,32,1.001,0.00032886532364024234,0.0009245013138086309,0.15294789666808442,0.04999998859488671,0.04576413334776886,0.023320922436116387,0.00023090614301372593,4.949869216368278e-05,0.005045570103098725
val-math500,4d583c75654016e6,answer128,calibrated_0.05,32,1.05,0.00032886532364024234,0.0009245013138086309,0.02762382391751562,0.04999998859488671,0.040689378547875465,0.01879458762116459,0.00024220620776989685,5.291373170373667e-05,0.005952565913114524
val-math500,4d583c75654016e6,answer128,calibrated_0.05,32,2.0,0.00032886532364024234,0.0009245013138086309,0.004398246834108228,0.04999998859488671,0.015991925902476754,0.00785076703923141,0.0004612514723280829,0.00014400904168374333,0.028842771980118195
val-math500,4d583c75654016e6,answer128,calibrated_0.05,128,1.001,3.239466281343939e-05,8.047076079358208e-05,0.15294789666808442,0.04999998859488671,0.04576413334776886,0.023320922436116387,2.0546966358561385e-05,2.6445365450482107e-06,0.0004489753187812331
val-math500,4d583c75654016e6,answer128,calibrated_0.05,128,1.05,3.239466281343939e-05,8.047076079358208e-05,0.02762382391751562,0.04999998859488671,0.040689378547875465,0.01879458762116459,2.1552736840873147e-05,2.9135496437150655e-06,0.0005296895064522555
val-math500,4d583c75654016e6,answer128,calibrated_0.05,128,2.0,3.239466281343939e-05,8.047076079358208e-05,0.004398246834108228,0.04999998859488671,0.015991925902476754,0.00785076703923141,4.105177290453918e-05,1.2674503536292851e-05,0.002567031210304775
val-math500,4d583c75654016e6,answer256,real_base_to_step8,8,1.001,4.503406855445997e-05,4.623100576630299e-05,0.012167026688713816,0.001408654514768853,0.00138711797252729,0.0009618691037782122,9.688071237483687e-07,3.3886817176400334e-07,0.000698431671232137
val-math500,4d583c75654016e6,answer256,real_base_to_step8,8,1.05,4.503406855445997e-05,4.623100576630299e-05,0.010909204361507224,0.001408654514768853,0.00028206744471046756,0.00019891678425419155,2.8146004102091147e-07,1.8313244281703873e-07,0.0009978466012262436
val-math500,4d583c75654016e6,answer256,real_base_to_step8,8,2.0,4.503406855445997e-05,4.623100576630299e-05,0.0,0.001408654514768853,9.860508080691249e-14,9.704073746588329e-14,0.0,0.0,
val-math500,4d583c75654016e6,answer256,real_base_to_step8,32,1.001,4.541331117507898e-06,4.651801090456499e-06,0.012167026688713816,0.001408654514768853,0.00138711797252729,0.0009618691037782122,5.250320595798958e-08,6.161640975091856e-09,3.785057002926017e-05
val-math500,4d583c75654016e6,answer256,real_base_to_step8,32,1.05,4.541331117507898e-06,4.651801090456499e-06,0.010909204361507224,0.001408654514768853,0.00028206744471046756,0.00019891678425419155,1.7970142117323459e-09,9.228782439648859e-10,6.370867129231871e-06
val-math500,4d583c75654016e6,answer256,real_base_to_step8,32,2.0,4.541331117507898e-06,4.651801090456499e-06,0.0,0.001408654514768853,9.860508080691249e-14,9.704073746588329e-14,0.0,0.0,
val-math500,4d583c75654016e6,answer256,real_base_to_step8,128,1.001,1.1902330361825748e-06,1.2238858908590349e-06,0.012167026688713816,0.001408654514768853,0.00138711797252729,0.0009618691037782122,1.3448804946200111e-08,8.961652495092767e-10,9.695501905794477e-06
val-math500,4d583c75654016e6,answer256,real_base_to_step8,128,1.05,1.1902330361825748e-06,1.2238858908590349e-06,0.010909204361507224,0.001408654514768853,0.00028206744471046756,0.00019891678425419155,8.770037182725091e-10,4.475616561035158e-10,3.1091986498928404e-06
val-math500,4d583c75654016e6,answer256,real_base_to_step8,128,2.0,1.1902330361825748e-06,1.2238858908590349e-06,0.0,0.001408654514768853,9.860508080691249e-14,9.704073746588329e-14,0.0,0.0,
val-math500,4d583c75654016e6,answer256,calibrated_0.016,8,1.001,4.503406855445997e-05,2.1474027790463396e-05,0.9848995740491995,0.016000008646040606,9.672578211026759e-05,4.9410419301416934e-05,5.4440139084048424e-08,3.105324323394202e-08,0.0005628296602656214
val-math500,4d583c75654016e6,answer256,calibrated_0.016,8,1.05,4.503406855445997e-05,2.1474027790463396e-05,0.00012007628597855314,0.016000008646040606,2.9126169980010643e-05,2.0495847835120896e-05,4.154750745387036e-08,2.3724418069689148e-08,0.0014264665585068173
val-math500,4d583c75654016e6,answer256,calibrated_0.016,8,2.0,4.503406855445997e-05,2.1474027790463396e-05,2.2906365647803336e-10,0.016000008646040606,1.0509850248967821e-10,6.428057071595222e-11,1.052084502601831e-10,6.43688911353408e-11,1.0010461402198922
val-math500,4d583c75654016e6,answer256,calibrated_0.016,32,1.001,4.541331117507898e-06,2.2959671100512332e-06,0.9848995740491995,0.016000008646040606,9.672578211026759e-05,4.9410419301416934e-05,5.4440139084048424e-08,3.105324323394202e-08,0.0005628296602656214
val-math500,4d583c75654016e6,answer256,calibrated_0.016,32,1.05,4.541331117507898e-06,2.2959671100512332e-06,0.00012007628597855314,0.016000008646040606,2.9126169980010643e-05,2.0495847835120896e-05,4.154750745387036e-08,2.3724418069689148e-08,0.0014264665585068173
val-math500,4d583c75654016e6,answer256,calibrated_0.016,32,2.0,4.541331117507898e-06,2.2959671100512332e-06,2.2906365647803336e-10,0.016000008646040606,1.0509850248967821e-10,6.428057071595222e-11,1.052084502601831e-10,6.43688911353408e-11,1.0010461402198922
val-math500,4d583c75654016e6,answer256,calibrated_0.016,128,1.001,1.1902330361825748e-06,5.938421052050037e-07,0.9848995740491995,0.016000008646040606,9.672578211026759e-05,4.9410419301416934e-05,2.3213971478579855e-08,1.2654443405237581e-08,0.00023999776452689604
val-math500,4d583c75654016e6,answer256,calibrated_0.016,128,1.05,1.1902330361825748e-06,5.938421052050037e-07,0.00012007628597855314,0.016000008646040606,2.9126169980010643e-05,2.0495847835120896e-05,1.942031531557044e-08,1.0766499099819632e-08,0.000666765157550706
val-math500,4d583c75654016e6,answer256,calibrated_0.016,128,2.0,1.1902330361825748e-06,5.938421052050037e-07,2.2906365647803336e-10,0.016000008646040606,1.0509850248967821e-10,6.428057071595222e-11,1.052084502601831e-10,6.43688911353408e-11,1.0010461402198922
val-math500,4d583c75654016e6,answer256,calibrated_0.05,8,1.001,4.503406855445997e-05,4.2493135382762055e-06,0.9848995739999123,0.04999998878211465,0.00019656740992448227,0.00012685806672582277,3.4768742433299924e-07,1.9502920857938973e-07,0.0017687948600766251
val-math500,4d583c75654016e6,answer256,calibrated_0.05,8,1.05,4.503406855445997e-05,4.2493135382762055e-06,0.00012007962252701465,0.04999998878211465,0.00019034580415885606,0.00013437719504810774,3.330881907374491e-07,1.8705267969254309e-07,0.0017499108646464577
val-math500,4d583c75654016e6,answer256,calibrated_0.05,8,2.0,4.503406855445997e-05,4.2493135382762055e-06,2.0445608624917182e-08,0.04999998878211465,1.3233018755354634e-07,7.822148972206078e-08,1.3233046513857542e-07,7.822172372213205e-08,1.0000020976697321
val-math500,4d583c75654016e6,answer256,calibrated_0.05,32,1.001,4.541331117507898e-06,8.379667288399938e-07,0.9848995739999123,0.04999998878211465,0.00019656740992448227,0.00012685806672582277,3.4768742433299924e-07,1.9502920857938973e-07,0.0017687948600766251
val-math500,4d583c75654016e6,answer256,calibrated_0.05,32,1.05,4.541331117507898e-06,8.379667288399938e-07,0.00012007962252701465,0.04999998878211465,0.00019034580415885606,0.00013437719504810774,3.330881907374491e-07,1.8705267969254309e-07,0.0017499108646464577
val-math500,4d583c75654016e6,answer256,calibrated_0.05,32,2.0,4.541331117507898e-06,8.379667288399938e-07,2.0445608624917182e-08,0.04999998878211465,1.3233018755354634e-07,7.822148972206078e-08,1.3233046513857542e-07,7.822172372213205e-08,1.0000020976697321
val-math500,4d583c75654016e6,answer256,calibrated_0.05,128,1.001,1.1902330361825748e-06,2.5558656290368605e-07,0.9848995739999123,0.04999998878211465,0.00019656740992448227,0.00012685806672582277,1.908750959498825e-07,1.0756432791301581e-07,0.0009710414153760958
val-math500,4d583c75654016e6,answer256,calibrated_0.05,128,1.05,1.1902330361825748e-06,2.5558656290368605e-07,0.00012007962252701465,0.04999998878211465,0.00019034580415885606,0.00013437719504810774,1.868234822420571e-07,1.0558191580780649e-07,0.0009814951428408721
val-math500,4d583c75654016e6,answer256,calibrated_0.05,128,2.0,1.1902330361825748e-06,2.5558656290368605e-07,2.0445608624917182e-08,0.04999998878211465,1.3233018755354634e-07,7.822148972206078e-08,1.3233046513857542e-07,7.822172372213205e-08,1.0000020976697321
val-math500,18e30e5387968366,prompt,real_base_to_step8,8,1.001,0.00027322716167367,0.0002711274873553369,6.885460251332161e-05,9.577847108760322e-06,1.22381177259429e-06,6.21942605309674e-07,1.2238117741491114e-06,6.219426068382876e-07,1.0000000012704744
val-math500,18e30e5387968366,prompt,real_base_to_step8,8,1.05,0.00027322716167367,0.0002711274873553369,1.882051181056611e-10,9.577847108760322e-06,1.2425026915671676e-12,7.20061670375987e-13,1.244057728858896e-12,7.214007918631415e-13,1.0012515363566472
val-math500,18e30e5387968366,prompt,real_base_to_step8,8,2.0,0.00027322716167367,0.0002711274873553369,0.0,9.577847108760322e-06,1.5550372923411108e-15,1.554312244370216e-15,0.0,0.0,
val-math500,18e30e5387968366,prompt,real_base_to_step8,32,1.001,0.0002083235979684189,0.00020681254440590188,6.885460251332161e-05,9.577847108760322e-06,1.22381177259429e-06,6.21942605309674e-07,8.764972958740057e-07,4.3891634394456565e-07,0.7162027000410106
val-math500,18e30e5387968366,prompt,real_base_to_step8,32,1.05,0.0002083235979684189,0.00020681254440590188,1.882051181056611e-10,9.577847108760322e-06,1.2425026915671676e-12,7.20061670375987e-13,1.244057728858896e-12,7.214007918631415e-13,1.0012515363566472
val-math500,18e30e5387968366,prompt,real_base_to_step8,32,2.0,0.0002083235979684189,0.00020681254440590188,0.0,9.577847108760322e-06,1.5550372923411108e-15,1.554312244370216e-15,0.0,0.0,
val-math500,18e30e5387968366,prompt,real_base_to_step8,128,1.001,0.0001538098630413365,0.00015280957884513546,6.885460251332161e-05,9.577847108760322e-06,1.22381177259429e-06,6.21942605309674e-07,7.242261837106085e-07,3.6248194038175065e-07,0.5917790627028878
val-math500,18e30e5387968366,prompt,real_base_to_step8,128,1.05,0.0001538098630413365,0.00015280957884513546,1.882051181056611e-10,9.577847108760322e-06,1.2425026915671676e-12,7.20061670375987e-13,1.244057728858896e-12,7.214007918631415e-13,1.0012515363566472
val-math500,18e30e5387968366,prompt,real_base_to_step8,128,2.0,0.0001538098630413365,0.00015280957884513546,0.0,9.577847108760322e-06,1.5550372923411108e-15,1.554312244370216e-15,0.0,0.0,
val-math500,18e30e5387968366,prompt,calibrated_0.016,8,1.001,0.00027322716167367,0.01381048644680318,0.0003713959158516298,0.016000103121798778,0.029870611676683534,0.01635122676216976,0.0003858072497483228,0.00013165069799702493,0.01291594741762443
val-math500,18e30e5387968366,prompt,calibrated_0.016,8,1.05,0.00027322716167367,0.01381048644680318,0.00037060952526694576,0.016000103121798778,0.029834839166761752,0.016334802965976777,0.0004046647302135188,0.00013830998820025847,0.01356349628538791
val-math500,18e30e5387968366,prompt,calibrated_0.016,8,2.0,0.00027322716167367,0.01381048644680318,0.00024146051889456125,0.016000103121798778,0.029327030832600624,0.016099308637194235,0.0007699768034453072,0.0002719626297238916,0.02625485027244499
val-math500,18e30e5387968366,prompt,calibrated_0.016,32,1.001,0.0002083235979684189,0.006012649251210406,0.0003713959158516298,0.016000103121798778,0.029870611676683534,0.01635122676216976,0.000256662907188388,2.1451054551519496e-05,0.008592489165152734
val-math500,18e30e5387968366,prompt,calibrated_0.016,32,1.05,0.0002083235979684189,0.006012649251210406,0.00037060952526694576,0.016000103121798778,0.029834839166761752,0.016334802965976777,0.00026921892289216796,2.3051618512781055e-05,0.009023642506915138
val-math500,18e30e5387968366,prompt,calibrated_0.016,32,2.0,0.0002083235979684189,0.006012649251210406,0.00024146051889456125,0.016000103121798778,0.029327030832600624,0.016099308637194235,0.0005125405487373029,6.491026015075553e-05,0.017476728266932178
val-math500,18e30e5387968366,prompt,calibrated_0.016,128,1.001,0.0001538098630413365,0.004713804110602833,0.0003713959158516298,0.016000103121798778,0.029870611676683534,0.01635122676216976,0.000192391383276104,1.4043598068150265e-05,0.006440825027573214
val-math500,18e30e5387968366,prompt,calibrated_0.016,128,1.05,0.0001538098630413365,0.004713804110602833,0.00037060952526694576,0.016000103121798778,0.029834839166761752,0.016334802965976777,0.0002018047097207856,1.521679750149129e-05,0.00676406226267213
val-math500,18e30e5387968366,prompt,calibrated_0.016,128,2.0,0.0001538098630413365,0.004713804110602833,0.00024146051889456125,0.016000103121798778,0.029327030832600624,0.016099308637194235,0.00038424982334248905,4.5450813655895996e-05,0.01310224091677729
val-math500,18e30e5387968366,prompt,calibrated_0.05,8,1.001,0.00027322716167367,0.04496145575534209,0.00037101757018708376,0.04999912315043913,0.09131941717893013,0.053089852713153744,0.00043507286355517084,0.00017226787837876074,0.004764297418835848
val-math500,18e30e5387968366,prompt,calibrated_0.05,8,1.05,0.00027322716167367,0.04496145575534209,0.0003704150988672482,0.04999912315043913,0.09128491869262473,0.053075157281805715,0.00045628554961278027,0.00018082959384358433,0.0049984768146553145
val-math500,18e30e5387968366,prompt,calibrated_0.05,8,2.0,0.00027322716167367,0.04496145575534209,0.00024464790935841915,0.04999912315043913,0.09080023586035693,0.052862177449676515,0.0008666755754465391,0.00034951875208196354,0.009544860398594257
val-math500,18e30e5387968366,prompt,calibrated_0.05,32,1.001,0.0002083235979684189,0.014383173431718434,0.00037101757018708376,0.04999912315043913,0.09131941717893013,0.053089852713153744,0.00028892208846321505,2.5168389198081332e-05,0.0031638625977770387
val-math500,18e30e5387968366,prompt,calibrated_0.05,32,1.05,0.0002083235979684189,0.014383173431718434,0.0003704150988672482,0.04999912315043913,0.09128491869262473,0.053075157281805715,0.0003030468092654587,2.6849583150771016e-05,0.0033197905372067014
val-math500,18e30e5387968366,prompt,calibrated_0.05,32,2.0,0.0002083235979684189,0.014383173431718434,0.00024464790935841915,0.04999912315043913,0.09080023586035693,0.052862177449676515,0.0005766443369247596,6.804333898817996e-05,0.0063506920600029035
val-math500,18e30e5387968366,prompt,calibrated_0.05,128,1.001,0.0001538098630413365,0.011535199081835458,0.00037101757018708376,0.04999912315043913,0.09131941717893013,0.053089852713153744,0.00021655372874283753,1.6461369666547167e-05,0.002371387547497427
val-math500,18e30e5387968366,prompt,calibrated_0.05,128,1.05,0.0001538098630413365,0.011535199081835458,0.0003704150988672482,0.04999912315043913,0.09128491869262473,0.053075157281805715,0.00022714372651529743,1.7662688197183392e-05,0.002488294120961399
val-math500,18e30e5387968366,prompt,calibrated_0.05,128,2.0,0.0001538098630413365,0.011535199081835458,0.00024464790935841915,0.04999912315043913,0.09080023586035693,0.052862177449676515,0.0004323318641300596,4.68770869314217e-05,0.004761351774404522
val-math500,18e30e5387968366,answer16,real_base_to_step8,8,1.001,5.668684010893982e-12,5.6266515989299815e-12,2.8928819520137286e-11,1.0054849629864455e-12,1.8293213864506203e-13,1.194198443816514e-13,3.2554997520271905e-15,1.7035376241561333e-15,
val-math500,18e30e5387968366,answer16,real_base_to_step8,8,1.05,5.668684010893982e-12,5.6266515989299815e-12,0.0,1.0054849629864455e-12,4.662936703774748e-15,4.6629367034256575e-15,0.0,0.0,
val-math500,18e30e5387968366,answer16,real_base_to_step8,8,2.0,5.668684010893982e-12,5.6266515989299815e-12,0.0,1.0054849629864455e-12,4.662936703774748e-15,4.6629367034256575e-15,0.0,0.0,
val-math500,18e30e5387968366,answer16,real_base_to_step8,32,1.001,1.0734823444180042e-12,1.0642396670823354e-12,2.8928819520137286e-11,1.0054849629864455e-12,1.8293213864506203e-13,1.194198443816514e-13,1.0232169399698445e-15,4.782366666377134e-16,
val-math500,18e30e5387968366,answer16,real_base_to_step8,32,1.05,1.0734823444180042e-12,1.0642396670823354e-12,0.0,1.0054849629864455e-12,4.662936703774748e-15,4.6629367034256575e-15,0.0,0.0,
val-math500,18e30e5387968366,answer16,real_base_to_step8,32,2.0,1.0734823444180042e-12,1.0642396670823354e-12,0.0,1.0054849629864455e-12,4.662936703774748e-15,4.6629367034256575e-15,0.0,0.0,
val-math500,18e30e5387968366,answer16,real_base_to_step8,128,1.001,1.8874727563084333e-13,1.8653183488870818e-13,2.8928819520137286e-11,1.0054849629864455e-12,1.8293213864506203e-13,1.194198443816514e-13,2.6835161547083175e-17,7.180119238289208e-18,
val-math500,18e30e5387968366,answer16,real_base_to_step8,128,1.05,1.8874727563084333e-13,1.8653183488870818e-13,0.0,1.0054849629864455e-12,4.662936703774748e-15,4.6629367034256575e-15,0.0,0.0,
val-math500,18e30e5387968366,answer16,real_base_to_step8,128,2.0,1.8874727563084333e-13,1.8653183488870818e-13,0.0,1.0054849629864455e-12,4.662936703774748e-15,4.6629367034256575e-15,0.0,0.0,
val-math500,18e30e5387968366,answer16,calibrated_0.016,8,1.001,5.668684010893982e-12,0.01584444901837426,7.51536658105718e-11,0.01600028374785817,0.031242015172767666,0.019249434475010978,1.1293647675982962e-11,4.341158524299659e-12,3.6148909132555423e-10
val-math500,18e30e5387968366,answer16,calibrated_0.016,8,1.05,5.668684010893982e-12,0.01584444901837426,7.515339728417231e-11,0.01600028374785817,0.031242015165519724,0.01924943447209362,1.184663207521586e-11,4.5536371286317194e-12,3.791891148010966e-10
val-math500,18e30e5387968366,answer16,calibrated_0.016,8,2.0,5.668684010893982e-12,0.01584444901837426,7.514210123531244e-11,0.01600028374785817,0.031242015025006453,0.0192494344155328,2.255874659719317e-11,8.675974846098516e-12,7.220643924259335e-10
val-math500,18e30e5387968366,answer16,calibrated_0.016,32,1.001,1.0734823444180042e-12,0.015842216868618354,7.51536658105718e-11,0.01600028374785817,0.031242015172767666,0.019249434475010978,2.1135386373226735e-12,7.836920453270685e-13,6.765052208171755e-11
val-math500,18e30e5387968366,answer16,calibrated_0.016,32,1.05,1.0734823444180042e-12,0.015842216868618354,7.515339728417231e-11,0.01600028374785817,0.031242015165519724,0.01924943447209362,2.217044243828663e-12,8.220994289140231e-13,7.096354803244273e-11
val-math500,18e30e5387968366,answer16,calibrated_0.016,32,2.0,1.0734823444180042e-12,0.015842216868618354,7.514210123531244e-11,0.01600028374785817,0.031242015025006453,0.0192494344155328,4.221595522329798e-12,1.5670897584531725e-12,1.3512558389562218e-10
val-math500,18e30e5387968366,answer16,calibrated_0.016,128,1.001,1.8874727563084333e-13,0.009984297142522032,7.51536658105718e-11,0.01600028374785817,0.031242015172767666,0.019249434475010978,3.7578203797232715e-13,1.8754161527387496e-13,1.2028098568362528e-11
val-math500,18e30e5387968366,answer16,calibrated_0.016,128,1.05,1.8874727563084333e-13,0.009984297142522032,7.515339728417231e-11,0.01600028374785817,0.031242015165519724,0.01924943447209362,3.943731423268302e-13,1.9672485824764625e-13,1.2623165958964148e-11
val-math500,18e30e5387968366,answer16,calibrated_0.016,128,2.0,1.8874727563084333e-13,0.009984297142522032,7.514210123531244e-11,0.01600028374785817,0.031242015025006453,0.0192494344155328,7.504602860122675e-13,3.747617170377122e-13,2.4020866945092715e-11
val-math500,18e30e5387968366,answer16,calibrated_0.05,8,1.001,5.668684010893982e-12,0.048721000936533754,7.51533999724818e-11,0.049997080963970694,0.09277899979996589,0.05745771506261623,1.1285605774427219e-11,4.391552709989295e-12,1.2163965766778367e-10
val-math500,18e30e5387968366,answer16,calibrated_0.05,8,1.05,5.668684010893982e-12,0.048721000936533754,7.515271878899441e-11,0.049997080963970694,0.09277899979296014,0.05745771505986494,1.1837303576275286e-11,4.606299177493234e-12,1.275860227281031e-10
val-math500,18e30e5387968366,answer16,calibrated_0.05,8,2.0,5.668684010893982e-12,0.048721000936533754,7.507536929619874e-11,0.049997080963970694,0.09277899965715555,0.05745771500652564,2.2530944688986237e-11,8.772311536684485e-12,2.428453073674474e-10
val-math500,18e30e5387968366,answer16,calibrated_0.05,32,1.001,1.0734823444180042e-12,0.048717088779538745,7.51533999724818e-11,0.049997080963970694,0.09277899979996589,0.05745771506261623,2.1139013724625537e-12,7.934218388136892e-13,2.278426558833555e-11
val-math500,18e30e5387968366,answer16,calibrated_0.05,32,1.05,1.0734823444180042e-12,0.048717088779538745,7.515271878899441e-11,0.049997080963970694,0.09277899979296014,0.05745771505986494,2.217332825557171e-12,8.322770476700509e-13,2.3899080939708698e-11
val-math500,18e30e5387968366,answer16,calibrated_0.05,32,2.0,1.0734823444180042e-12,0.048717088779538745,7.507536929619874e-11,0.049997080963970694,0.09277899965715555,0.05745771500652564,4.220157027108487e-12,1.5857597981749168e-12,4.5486123397570054e-11
val-math500,18e30e5387968366,answer16,calibrated_0.05,128,1.001,1.8874727563084333e-13,0.03174818626205067,7.51533999724818e-11,0.049997080963970694,0.09277899979996589,0.05745771506261623,3.758057741134624e-13,1.8755059541835133e-13,4.050547806332361e-12
val-math500,18e30e5387968366,answer16,calibrated_0.05,128,1.05,1.8874727563084333e-13,0.03174818626205067,7.515271878899441e-11,0.049997080963970694,0.09277899979296014,0.05745771505986494,3.942759181959109e-13,1.967322790420777e-13,4.249624581810027e-12
val-math500,18e30e5387968366,answer16,calibrated_0.05,128,2.0,1.8874727563084333e-13,0.03174818626205067,7.507536929619874e-11,0.049997080963970694,0.09277899965715555,0.05745771500652564,7.501268518163302e-13,3.7472454919662576e-13,8.085093120083849e-12
val-math500,18e30e5387968366,answer32,real_base_to_step8,8,1.001,1.8360537190436625e-06,1.8900114915940572e-06,0.05949535786928484,0.00861028265366727,0.008083111861354715,0.005714310868504756,2.240496812252585e-08,6.8638357719002205e-09,2.771824577814369e-06
val-math500,18e30e5387968366,answer32,real_base_to_step8,8,1.05,1.8360537190436625e-06,1.8900114915940572e-06,0.05944497195689855,0.00861028265366727,0.002626527914018191,0.0018570269684227139,6.114745955898205e-09,3.1308845840193446e-09,2.328071947479731e-06
val-math500,18e30e5387968366,answer32,real_base_to_step8,8,2.0,1.8360537190436625e-06,1.8900114915940572e-06,0.0,0.00861028265366727,3.1393303609478765e-13,2.945584941765292e-13,0.0,0.0,
val-math500,18e30e5387968366,answer32,real_base_to_step8,32,1.001,5.058976484129834e-08,5.279218944201477e-08,0.05949535786928484,0.00861028265366727,0.008083111861354715,0.005714310868504756,8.411751898108998e-10,1.7433518416010148e-10,1.0406576133537762e-07
val-math500,18e30e5387968366,answer32,real_base_to_step8,32,1.05,5.058976484129834e-08,5.279218944201477e-08,0.05944497195689855,0.00861028265366727,0.002626527914018191,0.0018570269684227139,5.950417798788069e-10,2.951643907686565e-10,2.2655071613858574e-07
val-math500,18e30e5387968366,answer32,real_base_to_step8,32,2.0,5.058976484129834e-08,5.279218944201477e-08,0.0,0.00861028265366727,3.1393303609478765e-13,2.945584941765292e-13,0.0,0.0,
val-math500,18e30e5387968366,answer32,real_base_to_step8,128,1.001,4.667450661684862e-09,4.8978488133527176e-09,0.05949535786928484,0.00861028265366727,0.008083111861354715,0.005714310868504756,6.401352172393506e-11,4.586041493810955e-12,7.919415544647245e-09
val-math500,18e30e5387968366,answer32,real_base_to_step8,128,1.05,4.667450661684862e-09,4.8978488133527176e-09,0.05944497195689855,0.00861028265366727,0.002626527914018191,0.0018570269684227139,6.426629169549771e-11,3.0326086183707666e-11,2.4468154841415713e-08
val-math500,18e30e5387968366,answer32,real_base_to_step8,128,2.0,4.667450661684862e-09,4.8978488133527176e-09,0.0,0.00861028265366727,3.1393303609478765e-13,2.945584941765292e-13,0.0,0.0,
val-math500,18e30e5387968366,answer32,calibrated_0.016,8,1.001,1.8360537190436625e-06,2.120491973656161e-06,0.9405533013452845,0.015999932956298722,0.000703272215094318,0.00048292611280657284,2.36100011998983e-07,9.026446037805133e-08,0.0003357163939248174
val-math500,18e30e5387968366,answer32,calibrated_0.016,8,1.05,1.8360537190436625e-06,2.120491973656161e-06,4.860022290847275e-05,0.015999932956298722,3.857793919357455e-05,2.5876915056101632e-05,2.4765732099846693e-07,1.0325362007579586e-07,0.0064196617594263865
val-math500,18e30e5387968366,answer32,calibrated_0.016,8,2.0,1.8360537190436625e-06,2.120491973656161e-06,4.326342655807923e-13,0.015999932956298722,3.200046008427098e-13,2.702282908881452e-13,7.189303051968258e-14,3.709685114793542e-14,
val-math500,18e30e5387968366,answer32,calibrated_0.016,32,1.001,5.058976484129834e-08,4.9633587079238156e-08,0.9405533013452845,0.015999932956298722,0.000703272215094318,0.00048292611280657284,9.932269893565406e-09,4.941632232116542e-09,1.4122938003790407e-05
val-math500,18e30e5387968366,answer32,calibrated_0.016,32,1.05,5.058976484129834e-08,4.9633587079238156e-08,4.860022290847275e-05,0.015999932956298722,3.857793919357455e-05,2.5876915056101632e-05,8.014231574168808e-09,4.005923590475271e-09,0.00020774130867787878
val-math500,18e30e5387968366,answer32,calibrated_0.016,32,2.0,5.058976484129834e-08,4.9633587079238156e-08,4.326342655807923e-13,0.015999932956298722,3.200046008427098e-13,2.702282908881452e-13,7.189303051968258e-14,3.709685114793542e-14,
val-math500,18e30e5387968366,answer32,calibrated_0.016,128,1.001,4.667450661684862e-09,4.363194919474426e-09,0.9405533013452845,0.015999932956298722,0.000703272215094318,0.00048292611280657284,6.504208524454263e-10,3.1166430284015716e-10,9.248493520509641e-07
val-math500,18e30e5387968366,answer32,calibrated_0.016,128,1.05,4.667450661684862e-09,4.363194919474426e-09,4.860022290847275e-05,0.015999932956298722,3.857793919357455e-05,2.5876915056101632e-05,5.164620070021555e-10,2.479594893371404e-10,1.3387496009330023e-05
val-math500,18e30e5387968366,answer32,calibrated_0.016,128,2.0,4.667450661684862e-09,4.363194919474426e-09,4.326342655807923e-13,0.015999932956298722,3.200046008427098e-13,2.702282908881452e-13,7.189303051968258e-14,3.709685114793542e-14,
val-math500,18e30e5387968366,answer32,calibrated_0.05,8,1.001,1.8360537190436625e-06,3.2536277478720653e-06,0.9405533013451581,0.049999979712148035,0.0015876792724290633,0.0010485098904948805,6.806039737127053e-07,2.5056765461802114e-07,0.00042867850297712717
val-math500,18e30e5387968366,answer32,calibrated_0.05,8,1.05,1.8360537190436625e-06,3.2536277478720653e-06,4.869780492220866e-05,0.049999979712148035,0.00023875994647703814,0.00016192346874643413,7.139202185986197e-07,2.6664463286479605e-07,0.002990117183106666
val-math500,18e30e5387968366,answer32,calibrated_0.05,8,2.0,1.8360537190436625e-06,3.2536277478720653e-06,4.196778748275348e-05,0.049999979712148035,0.00015062476963899934,0.00010430340247051715,7.873486661128126e-07,4.4823434822762113e-07,0.005227219055669543
val-math500,18e30e5387968366,answer32,calibrated_0.05,32,1.001,5.058976484129834e-08,6.001837455524194e-08,0.9405533013451581,0.049999979712148035,0.0015876792724290633,0.0010485098904948805,3.476712749017196e-08,1.5369597663831313e-08,2.189807985398722e-05
val-math500,18e30e5387968366,answer32,calibrated_0.05,32,1.05,5.058976484129834e-08,6.001837455524194e-08,4.869780492220866e-05,0.049999979712148035,0.00023875994647703814,0.00016192346874643413,3.64690148384957e-08,1.6805813555338694e-08,0.00015274343698180957
val-math500,18e30e5387968366,answer32,calibrated_0.05,32,2.0,5.058976484129834e-08,6.001837455524194e-08,4.196778748275348e-05,0.049999979712148035,0.00015062476963899934,0.00010430340247051715,1.7787715749755884e-08,9.370942274332873e-09,0.00011809289927803707
val-math500,18e30e5387968366,answer32,calibrated_0.05,128,1.001,4.667450661684862e-09,4.804938752959906e-09,0.9405533013451581,0.049999979712148035,0.0015876792724290633,0.0010485098904948805,3.1552062185287203e-09,1.4940380163340784e-09,1.9873070545925978e-06
val-math500,18e30e5387968366,answer32,calibrated_0.05,128,1.05,4.667450661684862e-09,4.804938752959906e-09,4.869780492220866e-05,0.049999979712148035,0.00023875994647703814,0.00016192346874643413,3.186775001851702e-09,1.5536575638410157e-09,1.3347192646310038e-05
val-math500,18e30e5387968366,answer32,calibrated_0.05,128,2.0,4.667450661684862e-09,4.804938752959906e-09,4.196778748275348e-05,0.049999979712148035,0.00015062476963899934,0.00010430340247051715,1.4459620725154684e-09,7.155138845248206e-10,9.599762880839513e-06
val-math500,18e30e5387968366,answer64,real_base_to_step8,8,1.001,0.0004963365758398365,0.0005001195562755919,0.005735205928950707,0.00015912387863403882,0.0001473620341588435,8.884725240468309e-05,2.8945544162531976e-06,7.705174833040567e-07,0.019642470550678737
val-math500,18e30e5387968366,answer64,real_base_to_step8,8,1.05,0.0004963365758398365,0.0005001195562755919,5.727094547502766e-16,0.00015912387863403882,7.828139619841712e-15,7.771613964341405e-15,1.1076911649697222e-18,1.1076911649697222e-18,
val-math500,18e30e5387968366,answer64,real_base_to_step8,8,2.0,0.0004963365758398365,0.0005001195562755919,0.0,0.00015912387863403882,7.827031928676751e-15,7.771613885401578e-15,0.0,0.0,
val-math500,18e30e5387968366,answer64,real_base_to_step8,32,1.001,6.79100528283707e-05,6.881325797676425e-05,0.005735205928950707,0.00015912387863403882,0.0001473620341588435,8.884725240468309e-05,5.47783289890759e-07,1.0653962869119249e-07,0.003717262000470868
val-math500,18e30e5387968366,answer64,real_base_to_step8,32,1.05,6.79100528283707e-05,6.881325797676425e-05,5.727094547502766e-16,0.00015912387863403882,7.828139619841712e-15,7.771613964341405e-15,1.1076911649697222e-18,1.1076911649697222e-18,
val-math500,18e30e5387968366,answer64,real_base_to_step8,32,2.0,6.79100528283707e-05,6.881325797676425e-05,0.0,0.00015912387863403882,7.827031928676751e-15,7.771613885401578e-15,0.0,0.0,
val-math500,18e30e5387968366,answer64,real_base_to_step8,128,1.001,5.412187042568016e-06,5.473548308284885e-06,0.005735205928950707,0.00015912387863403882,0.0001473620341588435,8.884725240468309e-05,3.636531127873614e-08,3.533734321036922e-09,0.00024677530740066663
val-math500,18e30e5387968366,answer64,real_base_to_step8,128,1.05,5.412187042568016e-06,5.473548308284885e-06,5.727094547502766e-16,0.00015912387863403882,7.828139619841712e-15,7.771613964341405e-15,1.1076911649697222e-18,1.1076911649697222e-18,
val-math500,18e30e5387968366,answer64,real_base_to_step8,128,2.0,5.412187042568016e-06,5.473548308284885e-06,0.0,0.00015912387863403882,7.827031928676751e-15,7.771613885401578e-15,0.0,0.0,
val-math500,18e30e5387968366,answer64,calibrated_0.016,8,1.001,0.0004963365758398365,0.0010425571386714601,0.007015056777749626,0.01599999492131123,0.019605474804222908,0.011045296774569372,0.00020180292871877024,5.79971234810049e-05,0.010293192627770639
val-math500,18e30e5387968366,answer64,calibrated_0.016,8,1.05,0.0004963365758398365,0.0010425571386714601,0.006936758786325652,0.01599999492131123,0.018933685344280343,0.010670254918631043,0.0002116796667488625,6.007184230255669e-05,0.011180056227817719
val-math500,18e30e5387968366,answer64,calibrated_0.016,8,2.0,0.0004963365758398365,0.0010425571386714601,0.006381119299770824,0.01599999492131123,0.006572729034764124,0.003848124293973748,0.0004030008162843191,0.0001896643415029386,0.061314077326600394
val-math500,18e30e5387968366,answer64,calibrated_0.016,32,1.001,6.79100528283707e-05,0.0002028742021256952,0.007015056777749626,0.01599999492131123,0.019605474804222908,0.011045296774569372,2.5912154597393686e-05,4.287376725269589e-06,0.0013216795235080128
val-math500,18e30e5387968366,answer64,calibrated_0.016,32,1.05,6.79100528283707e-05,0.0002028742021256952,0.006936758786325652,0.01599999492131123,0.018933685344280343,0.010670254918631043,2.7180545545983358e-05,4.504759334845315e-06,0.0014355655041132444
val-math500,18e30e5387968366,answer64,calibrated_0.016,32,2.0,6.79100528283707e-05,0.0002028742021256952,0.006381119299770824,0.01599999492131123,0.006572729034764124,0.003848124293973748,5.1770009683129584e-05,1.2795393950070662e-05,0.007876486221980313
val-math500,18e30e5387968366,answer64,calibrated_0.016,128,1.001,5.412187042568016e-06,1.4593923965319142e-05,0.007015056777749626,0.01599999492131123,0.019605474804222908,0.011045296774569372,2.320241710344531e-06,2.1716525101680626e-07,0.00011834662172245703
val-math500,18e30e5387968366,answer64,calibrated_0.016,128,1.05,5.412187042568016e-06,1.4593923965319142e-05,0.006936758786325652,0.01599999492131123,0.018933685344280343,0.010670254918631043,2.4338197170304108e-06,2.2983234714619045e-07,0.00012854442612598085
val-math500,18e30e5387968366,answer64,calibrated_0.016,128,2.0,5.412187042568016e-06,1.4593923965319142e-05,0.006381119299770824,0.01599999492131123,0.006572729034764124,0.003848124293973748,4.635826046216506e-06,1.28890932372175e-06,0.0007053122107570455
val-math500,18e30e5387968366,answer64,calibrated_0.05,8,1.001,0.0004963365758398365,0.0027462693330004267,0.0070150559454114645,0.049999685301760355,0.07130394391175869,0.040318541560792454,0.00039043152329717204,0.00010473699078866301,0.005475595063582257
val-math500,18e30e5387968366,answer64,calibrated_0.05,8,1.05,0.0004963365758398365,0.0027462693330004267,0.0070150340074206525,0.049999685301760355,0.07065280777403801,0.03995881992699616,0.0004095428559051722,0.00010986921566350523,0.005796554571687699
val-math500,18e30e5387968366,answer64,calibrated_0.05,8,2.0,0.0004963365758398365,0.0027462693330004267,0.006647269345859797,0.049999685301760355,0.05847530412419965,0.03326096307268051,0.0007796180450257238,0.00020354585971408377,0.013332432497825755
val-math500,18e30e5387968366,answer64,calibrated_0.05,32,1.001,6.79100528283707e-05,0.0007378810562266512,0.0070150559454114645,0.049999685301760355,0.07130394391175869,0.040318541560792454,4.523363001983449e-05,7.826091750518183e-06,0.0006343776730753183
val-math500,18e30e5387968366,answer64,calibrated_0.05,32,1.05,6.79100528283707e-05,0.0007378810562266512,0.0070150340074206525,0.049999685301760355,0.07065280777403801,0.03995881992699616,4.744773550083927e-05,8.216330396367113e-06,0.0006715619236617847
val-math500,18e30e5387968366,answer64,calibrated_0.05,32,2.0,6.79100528283707e-05,0.0007378810562266512,0.006647269345859797,0.049999685301760355,0.05847530412419965,0.03326096307268051,9.037124760823968e-05,1.639711036032262e-05,0.0015454600700544297
val-math500,18e30e5387968366,answer64,calibrated_0.05,128,1.001,5.412187042568016e-06,5.277094397714364e-05,0.0070150559454114645,0.049999685301760355,0.07130394391175869,0.040318541560792454,4.438697522252196e-06,4.988444815432704e-07,6.225037885345095e-05
val-math500,18e30e5387968366,answer64,calibrated_0.05,128,1.05,5.412187042568016e-06,5.277094397714364e-05,0.0070150340074206525,0.049999685301760355,0.07065280777403801,0.03995881992699616,4.6559755046178056e-06,5.2460074514566e-07,6.589936976756193e-05
val-math500,18e30e5387968366,answer64,calibrated_0.05,128,2.0,5.412187042568016e-06,5.277094397714364e-05,0.006647269345859797,0.049999685301760355,0.05847530412419965,0.03326096307268051,8.8684813423626e-06,1.2044278769587002e-06,0.00015166199603727128
val-math500,18e30e5387968366,answer128,real_base_to_step8,8,1.001,0.0021744140856672606,0.0022116992206078507,0.5452897451501731,0.017137284163766364,0.007145034439151401,0.004279966897937121,4.0155103004592205e-05,1.5063751746413377e-05,0.005620001323515151
val-math500,18e30e5387968366,answer128,real_base_to_step8,8,1.05,0.0021744140856672606,0.0022116992206078507,1.8952976633593258e-07,0.017137284163766364,5.99984708085682e-09,3.1610620674897978e-09,5.999829216013554e-09,3.1610556356932505e-09,0.999997022450235
val-math500,18e30e5387968366,answer128,real_base_to_step8,8,2.0,0.0021744140856672606,0.0022116992206078507,0.0,0.017137284163766364,1.7864850483852456e-14,1.1005938190241254e-14,0.0,0.0,
val-math500,18e30e5387968366,answer128,real_base_to_step8,32,1.001,0.00013980143411972297,0.0001402049327694261,0.5452897451501731,0.017137284163766364,0.007145034439151401,0.004279966897937121,2.0469296772016953e-06,5.826592489288448e-07,0.0002864828286880594
val-math500,18e30e5387968366,answer128,real_base_to_step8,32,1.05,0.00013980143411972297,0.0001402049327694261,1.8952976633593258e-07,0.017137284163766364,5.99984708085682e-09,3.1610620674897978e-09,5.999829216013554e-09,3.1610556356932505e-09,0.999997022450235
val-math500,18e30e5387968366,answer128,real_base_to_step8,32,2.0,0.00013980143411972297,0.0001402049327694261,0.0,0.017137284163766364,1.7864850483852456e-14,1.1005938190241254e-14,0.0,0.0,
val-math500,18e30e5387968366,answer128,real_base_to_step8,128,1.001,2.1810394519336e-05,2.1942013272494917e-05,0.5452897451501731,0.017137284163766364,0.007145034439151401,0.004279966897937121,2.9744637452742416e-07,6.444721653554263e-08,4.162980277569539e-05
val-math500,18e30e5387968366,answer128,real_base_to_step8,128,1.05,2.1810394519336e-05,2.1942013272494917e-05,1.8952976633593258e-07,0.017137284163766364,5.99984708085682e-09,3.1610620674897978e-09,5.999829216013554e-09,3.1610556356932505e-09,0.999997022450235
val-math500,18e30e5387968366,answer128,real_base_to_step8,128,2.0,2.1810394519336e-05,2.1942013272494917e-05,0.0,0.017137284163766364,1.7864850483852456e-14,1.1005938190241254e-14,0.0,0.0,
val-math500,18e30e5387968366,answer128,calibrated_0.016,8,1.001,0.0021744140856672606,0.0021831805333939365,0.30985057743329725,0.016000586051154585,0.010530823227897048,0.006615488264346661,2.9001162864461784e-05,1.1293215783086583e-05,0.002753931220461021
val-math500,18e30e5387968366,answer128,calibrated_0.016,8,1.05,0.0021744140856672606,0.0021831805333939365,4.823294267038625e-08,0.016000586051154585,2.905592363843201e-10,1.1047794671005593e-10,2.9055532846079184e-10,1.1047601854857082e-10,0.9999865503379728
val-math500,18e30e5387968366,answer128,calibrated_0.016,8,2.0,0.0021744140856672606,0.0021831805333939365,0.0,0.016000586051154585,3.907923926312061e-15,2.3977707820187796e-15,0.0,0.0,
val-math500,18e30e5387968366,answer128,calibrated_0.016,32,1.001,0.00013980143411972297,0.00014049421825283636,0.30985057743329725,0.016000586051154585,0.010530823227897048,0.006615488264346661,1.9843261641314856e-06,5.058236701162922e-07,0.00018843029848557673
val-math500,18e30e5387968366,answer128,calibrated_0.016,32,1.05,0.00013980143411972297,0.00014049421825283636,4.823294267038625e-08,0.016000586051154585,2.905592363843201e-10,1.1047794671005593e-10,2.9055532846079184e-10,1.1047601854857082e-10,0.9999865503379728
val-math500,18e30e5387968366,answer128,calibrated_0.016,32,2.0,0.00013980143411972297,0.00014049421825283636,0.0,0.016000586051154585,3.907923926312061e-15,2.3977707820187796e-15,0.0,0.0,
val-math500,18e30e5387968366,answer128,calibrated_0.016,128,1.001,2.1810394519336e-05,2.193127235494513e-05,0.30985057743329725,0.016000586051154585,0.010530823227897048,0.006615488264346661,2.579775764911982e-07,5.4612750956543826e-08,2.4497379825709506e-05
val-math500,18e30e5387968366,answer128,calibrated_0.016,128,1.05,2.1810394519336e-05,2.193127235494513e-05,4.823294267038625e-08,0.016000586051154585,2.905592363843201e-10,1.1047794671005593e-10,2.9055532846079184e-10,1.1047601854857082e-10,0.9999865503379728
val-math500,18e30e5387968366,answer128,calibrated_0.016,128,2.0,2.1810394519336e-05,2.193127235494513e-05,0.0,0.016000586051154585,3.907923926312061e-15,2.3977707820187796e-15,0.0,0.0,
val-math500,18e30e5387968366,answer128,calibrated_0.05,8,1.001,0.0021744140856672606,0.002201296272696383,0.30989243070090955,0.04999920805675614,0.03316404892592551,0.020843647367051705,8.94530129865142e-05,3.449521163223289e-05,0.0026972886569524273
val-math500,18e30e5387968366,answer128,calibrated_0.05,8,1.05,0.0021744140856672606,0.002201296272696383,0.3091101514384908,0.04999920805675614,0.013025761973088915,0.008209295284472989,2.5471451896496186e-05,1.229261693138655e-05,0.001955467323072534
val-math500,18e30e5387968366,answer128,calibrated_0.05,8,2.0,0.0021744140856672606,0.002201296272696383,0.0,0.04999920805675614,1.223037127467111e-14,7.455272146641005e-15,0.0,0.0,
val-math500,18e30e5387968366,answer128,calibrated_0.05,32,1.001,0.00013980143411972297,0.00014196404274037053,0.30989243070090955,0.04999920805675614,0.03316404892592551,0.020843647367051705,6.158393854245642e-06,1.5129250347778728e-06,0.000185694873023523
val-math500,18e30e5387968366,answer128,calibrated_0.05,32,1.05,0.00013980143411972297,0.00014196404274037053,0.3091101514384908,0.04999920805675614,0.013025761973088915,0.008209295284472989,2.6627976807209803e-06,9.132891920687091e-07,0.00020442548284102624
val-math500,18e30e5387968366,answer128,calibrated_0.05,32,2.0,0.00013980143411972297,0.00014196404274037053,0.0,0.04999920805675614,1.223037127467111e-14,7.455272146641005e-15,0.0,0.0,
val-math500,18e30e5387968366,answer128,calibrated_0.05,128,1.001,2.1810394519336e-05,2.2181513001875212e-05,0.30989243070090955,0.04999920805675614,0.03316404892592551,0.020843647367051705,7.991543088340138e-07,1.6096598345735627e-07,2.4097006689954753e-05
val-math500,18e30e5387968366,answer128,calibrated_0.05,128,1.05,2.1810394519336e-05,2.2181513001875212e-05,0.3091101514384908,0.04999920805675614,0.013025761973088915,0.008209295284472989,2.9854127633476446e-07,9.336777509576741e-08,2.2919294621807733e-05
val-math500,18e30e5387968366,answer128,calibrated_0.05,128,2.0,2.1810394519336e-05,2.2181513001875212e-05,0.0,0.04999920805675614,1.223037127467111e-14,7.455272146641005e-15,0.0,0.0,
val-math500,18e30e5387968366,answer256,real_base_to_step8,8,1.001,4.885780378253944e-05,4.804979898607761e-05,0.0002577864918135728,1.0954556315742092e-05,7.026274446458293e-06,4.54121587614992e-06,2.563727080217479e-07,1.620088484486696e-07,0.03648771621082588
val-math500,18e30e5387968366,answer256,real_base_to_step8,8,1.05,4.885780378253944e-05,4.804979898607761e-05,5.529838683561535e-12,1.0954556315742092e-05,8.593020130949285e-14,5.638184508202798e-14,6.837920121955303e-14,4.08845576942724e-14,
val-math500,18e30e5387968366,answer256,real_base_to_step8,8,2.0,4.885780378253944e-05,4.804979898607761e-05,0.0,1.0954556315742092e-05,8.59775812392662e-14,8.593126547772908e-14,0.0,0.0,
val-math500,18e30e5387968366,answer256,real_base_to_step8,32,1.001,1.0539574487307801e-05,1.0407752193199356e-05,0.0002577864918135728,1.0954556315742092e-05,7.026274446458293e-06,4.54121587614992e-06,3.605535952568816e-08,1.842059322185205e-08,0.005131504583323307
val-math500,18e30e5387968366,answer256,real_base_to_step8,32,1.05,1.0539574487307801e-05,1.0407752193199356e-05,5.529838683561535e-12,1.0954556315742092e-05,8.593020130949285e-14,5.638184508202798e-14,6.837920121955303e-14,4.08845576942724e-14,
val-math500,18e30e5387968366,answer256,real_base_to_step8,32,2.0,1.0539574487307801e-05,1.0407752193199356e-05,0.0,1.0954556315742092e-05,8.59775812392662e-14,8.593126547772908e-14,0.0,0.0,
val-math500,18e30e5387968366,answer256,real_base_to_step8,128,1.001,2.728580510613974e-06,2.7036582758759583e-06,0.0002577864918135728,1.0954556315742092e-05,7.026274446458293e-06,4.54121587614992e-06,1.2297854849339885e-08,6.183859609401246e-09,0.0017502667940246508
val-math500,18e30e5387968366,answer256,real_base_to_step8,128,1.05,2.728580510613974e-06,2.7036582758759583e-06,5.529838683561535e-12,1.0954556315742092e-05,8.593020130949285e-14,5.638184508202798e-14,6.837920121955303e-14,4.08845576942724e-14,
val-math500,18e30e5387968366,answer256,real_base_to_step8,128,2.0,2.728580510613974e-06,2.7036582758759583e-06,0.0,1.0954556315742092e-05,8.59775812392662e-14,8.593126547772908e-14,0.0,0.0,
val-math500,18e30e5387968366,answer256,calibrated_0.016,8,1.001,4.885780378253944e-05,0.001806729450071537,0.0005395850151131178,0.01599995755623327,0.028183276575423393,0.016278982208788696,5.1337810878215526e-05,1.3943700282079635e-05,0.0018215699917228053
val-math500,18e30e5387968366,answer256,calibrated_0.016,8,1.05,4.885780378253944e-05,0.001806729450071537,0.000539583323979937,0.01599995755623327,0.028131182306633723,0.016250567146779603,5.385077184638945e-05,1.4627194746203104e-05,0.0019142733234390468
val-math500,18e30e5387968366,answer256,calibrated_0.016,8,2.0,4.885780378253944e-05,0.001806729450071537,0.0005392501711271832,0.01599995755623327,0.02712162181272219,0.015700515655514474,0.0001025708724993738,2.7901429522019263e-05,0.003781885655940381
val-math500,18e30e5387968366,answer256,calibrated_0.016,32,1.001,1.0539574487307801e-05,0.000709620524329263,0.0005395850151131178,0.01599995755623327,0.028183276575423393,0.016278982208788696,1.096265650004815e-05,1.9572571165941747e-06,0.00038897735934677997
val-math500,18e30e5387968366,answer256,calibrated_0.016,32,1.05,1.0539574487307801e-05,0.000709620524329263,0.000539583323979937,0.01599995755623327,0.028131182306633723,0.016250567146779603,1.1499286297282173e-05,2.0531252826518405e-06,0.00040877365806877165
val-math500,18e30e5387968366,answer256,calibrated_0.016,32,2.0,1.0539574487307801e-05,0.000709620524329263,0.0005392501711271832,0.01599995755623327,0.02712162181272219,0.015700515655514474,2.190310906102903e-05,3.918275481361278e-06,0.0008075884699031802
val-math500,18e30e5387968366,answer256,calibrated_0.016,128,1.001,2.728580510613974e-06,0.00014692834765136443,0.0005395850151131178,0.01599995755623327,0.028183276575423393,0.016278982208788696,2.5919579659803506e-06,2.39690175807458e-07,9.196794272815712e-05
val-math500,18e30e5387968366,answer256,calibrated_0.016,128,1.05,2.728580510613974e-06,0.00014692834765136443,0.000539583323979937,0.01599995755623327,0.028131182306633723,0.016250567146779603,2.7188367197732217e-06,2.514526385555303e-07,9.664850521167332e-05
val-math500,18e30e5387968366,answer256,calibrated_0.016,128,2.0,2.728580510613974e-06,0.00014692834765136443,0.0005392501711271832,0.01599995755623327,0.02712162181272219,0.015700515655514474,5.178724656226366e-06,4.831732844197137e-07,0.00019094450516219253
val-math500,18e30e5387968366,answer256,calibrated_0.05,8,1.001,4.885780378253944e-05,0.007776411265512282,0.0005395846035544917,0.04999957368493732,0.08916426559848395,0.050972179995209706,6.347155350251092e-05,1.6839465620566554e-05,0.0007118496751639271
val-math500,18e30e5387968366,answer256,calibrated_0.05,8,1.05,4.885780378253944e-05,0.007776411265512282,0.0005395832150161933,0.04999957368493732,0.08911388963134284,0.050945083229019486,6.657826759097341e-05,1.7664515676159762e-05,0.0007471143709067405
val-math500,18e30e5387968366,answer256,calibrated_0.05,8,2.0,4.885780378253944e-05,0.007776411265512282,0.0005393072825794086,0.04999957368493732,0.08813760886889938,0.05042018036283129,0.000126808046570007,3.367450732123514e-05,0.001438750701288347
val-math500,18e30e5387968366,answer256,calibrated_0.05,32,1.001,1.0539574487307801e-05,0.0037446957785263043,0.0005395846035544917,0.04999957368493732,0.08916426559848395,0.050972179995209706,1.357367017582667e-05,2.9029240035756636e-06,0.0001522321760261037
val-math500,18e30e5387968366,answer256,calibrated_0.05,32,1.05,1.0539574487307801e-05,0.0037446957785263043,0.0005395832150161933,0.04999957368493732,0.08911388963134284,0.050945083229019486,1.4238098095592687e-05,3.045070164301253e-06,0.00015977417386329538
val-math500,18e30e5387968366,answer256,calibrated_0.05,32,2.0,1.0539574487307801e-05,0.0037446957785263043,0.0005393072825794086,0.04999957368493732,0.08813760886889938,0.05042018036283129,2.7118719150523088e-05,5.803576816459226e-06,0.00030768612285433033
val-math500,18e30e5387968366,answer256,calibrated_0.05,128,1.001,2.728580510613974e-06,0.0006613846696557083,0.0005395846035544917,0.04999957368493732,0.08916426559848395,0.050972179995209706,3.182930699049456e-06,3.3062488428132607e-07,3.569738030908623e-05
val-math500,18e30e5387968366,answer256,calibrated_0.05,128,1.05,2.728580510613974e-06,0.0006613846696557083,0.0005395832150161933,0.04999957368493732,0.08911388963134284,0.050945083229019486,3.338737176017193e-06,3.4683971355065704e-07,3.746595721305945e-05
val-math500,18e30e5387968366,answer256,calibrated_0.05,128,2.0,2.728580510613974e-06,0.0006613846696557083,0.0005393072825794086,0.04999957368493732,0.08813760886889938,0.05042018036283129,6.359455310734922e-06,6.628731013463688e-07,7.215370818823005e-05
