suite,prompt_sha16,position,scenario,topk,tis_cap,behavior_tail_mass,current_tail_mass,behavior_cap_mass,behavior_log_ratio_abs_mean,exact_gradient_l1,exact_gradient_l2,error_l1,error_l2,relative_error_l1
val-gsm8k,e21f6062be8c8538,prompt,real_base_to_step8,1,1.001,0.00103156891685,0.00100532749473,0.00011234972201,5.78723362406e-05,4.63648240486e-06,2.33412895901e-06,4.63648239786e-06,2.33412895207e-06,0.99999999849
val-gsm8k,e21f6062be8c8538,prompt,real_base_to_step8,1,1.05,0.00103156891685,0.00100532749473,8.67487162048e-06,5.78723362406e-05,2.84872888365e-07,1.61028050575e-07,2.84872881363e-07,1.61028044394e-07,0.999999975423
val-gsm8k,e21f6062be8c8538,prompt,real_base_to_step8,1,2.0,0.00103156891685,0.00100532749473,0,5.78723362406e-05,7.00144523138e-15,6.99440541245e-15,0,0,
val-gsm8k,e21f6062be8c8538,prompt,real_base_to_step8,4,1.001,0.000572991785614,0.000562086946032,0.00011234972201,5.78723362406e-05,4.63648240486e-06,2.33412895901e-06,4.63648239786e-06,2.33412895207e-06,0.99999999849
val-gsm8k,e21f6062be8c8538,prompt,real_base_to_step8,4,1.05,0.000572991785614,0.000562086946032,8.67487162048e-06,5.78723362406e-05,2.84872888365e-07,1.61028050575e-07,2.84872881363e-07,1.61028044394e-07,0.999999975423
val-gsm8k,e21f6062be8c8538,prompt,real_base_to_step8,4,2.0,0.000572991785614,0.000562086946032,0,5.78723362406e-05,7.00144523138e-15,6.99440541245e-15,0,0,
val-gsm8k,e21f6062be8c8538,prompt,real_base_to_step8,8,1.001,0.000458733033182,0.000451145412377,0.00011234972201,5.78723362406e-05,4.63648240486e-06,2.33412895901e-06,4.63648239786e-06,2.33412895207e-06,0.99999999849
val-gsm8k,e21f6062be8c8538,prompt,real_base_to_step8,8,1.05,0.000458733033182,0.000451145412377,8.67487162048e-06,5.78723362406e-05,2.84872888365e-07,1.61028050575e-07,2.84872881363e-07,1.61028044394e-07,0.999999975423
val-gsm8k,e21f6062be8c8538,prompt,real_base_to_step8,8,2.0,0.000458733033182,0.000451145412377,0,5.78723362406e-05,7.00144523138e-15,6.99440541245e-15,0,0,
val-gsm8k,e21f6062be8c8538,prompt,real_base_to_step8,32,1.001,0.000363831716806,0.000358413864789,0.00011234972201,5.78723362406e-05,4.63648240486e-06,2.33412895901e-06,4.03584904363e-06,2.02511285202e-06,0.870454946492
val-gsm8k,e21f6062be8c8538,prompt,real_base_to_step8,32,1.05,0.000363831716806,0.000358413864789,8.67487162048e-06,5.78723362406e-05,2.84872888365e-07,1.61028050575e-07,1.99116189304e-07,1.17199566188e-07,0.698965038222
val-gsm8k,e21f6062be8c8538,prompt,real_base_to_step8,32,2.0,0.000363831716806,0.000358413864789,0,5.78723362406e-05,7.00144523138e-15,6.99440541245e-15,0,0,
val-gsm8k,e21f6062be8c8538,prompt,real_base_to_step8,128,1.001,0.000277211081033,0.000273262578782,0.00011234972201,5.78723362406e-05,4.63648240486e-06,2.33412895901e-06,2.81718568254e-06,1.40905682783e-06,0.607612719416
val-gsm8k,e21f6062be8c8538,prompt,real_base_to_step8,128,1.05,0.000277211081033,0.000273262578782,8.67487162048e-06,5.78723362406e-05,2.84872888365e-07,1.61028050575e-07,7.26447265304e-08,3.68432196421e-08,0.255007512113
val-gsm8k,e21f6062be8c8538,prompt,real_base_to_step8,128,2.0,0.000277211081033,0.000273262578782,0,5.78723362406e-05,7.00144523138e-15,6.99440541245e-15,0,0,
val-gsm8k,e21f6062be8c8538,prompt,calibrated_0.016,1,1.001,0.00103156891685,0.0146744503914,0.00092805487715,0.0159999877148,0.026926586589,0.0144899452335,0.000640800767866,0.000152692126368,0.0237980690849
val-gsm8k,e21f6062be8c8538,prompt,calibrated_0.016,1,1.05,0.00103156891685,0.0146744503914,0.000926173355702,0.0159999877148,0.0268371218549,0.0144429331818,0.000672064106791,0.000160096931358,0.0250423316787
val-gsm8k,e21f6062be8c8538,prompt,calibrated_0.016,1,2.0,0.00103156891685,0.0146744503914,0.00089530490394,0.0159999877148,0.0251330643331,0.0135461218931,0.00127779710388,0.000322990693494,0.0508412777266
val-gsm8k,e21f6062be8c8538,prompt,calibrated_0.016,4,1.001,0.000572991785614,0.00564411176237,0.00092805487715,0.0159999877148,0.026926586589,0.0144899452335,0.000534551310138,5.55463362593e-05,0.0198521750379
val-gsm8k,e21f6062be8c8538,prompt,calibrated_0.016,4,1.05,0.000572991785614,0.00564411176237,0.000926173355702,0.0159999877148,0.0268371218549,0.0144429331818,0.000560684274431,5.81762502093e-05,0.0208921164297
val-gsm8k,e21f6062be8c8538,prompt,calibrated_0.016,4,2.0,0.000572991785614,0.00564411176237,0.00089530490394,0.0159999877148,0.0251330643331,0.0135461218931,0.00106721643058,0.00015512637441,0.0424626466727
val-gsm8k,e21f6062be8c8538,prompt,calibrated_0.016,8,1.001,0.000458733033182,0.00545733474733,0.00092805487715,0.0159999877148,0.026926586589,0.0144899452335,0.000393330173607,2.27023416045e-05,0.0146075022286
val-gsm8k,e21f6062be8c8538,prompt,calibrated_0.016,8,1.05,0.000458733033182,0.00545733474733,0.000926173355702,0.0159999877148,0.0268371218549,0.0144429331818,0.000412577313003,2.41460491256e-05,0.0153733815136
val-gsm8k,e21f6062be8c8538,prompt,calibrated_0.016,8,2.0,0.000458733033182,0.00545733474733,0.00089530490394,0.0159999877148,0.0251330643331,0.0135461218931,0.00078561457541,6.51522352534e-05,0.0312582089075
val-gsm8k,e21f6062be8c8538,prompt,calibrated_0.016,32,1.001,0.000363831716806,0.00472369279484,0.00092805487715,0.0159999877148,0.026926586589,0.0144899452335,0.000317410770266,1.55280555698e-05,0.0117880062226
val-gsm8k,e21f6062be8c8538,prompt,calibrated_0.016,32,1.05,0.000363831716806,0.00472369279484,0.000926173355702,0.0159999877148,0.0268371218549,0.0144429331818,0.000332943506508,1.65766484356e-05,0.0124060809616
val-gsm8k,e21f6062be8c8538,prompt,calibrated_0.016,32,2.0,0.000363831716806,0.00472369279484,0.00089530490394,0.0159999877148,0.0251330643331,0.0135461218931,0.000633982968472,5.05463616837e-05,0.0252250565259
val-gsm8k,e21f6062be8c8538,prompt,calibrated_0.016,128,1.001,0.000277211081033,0.00351143358679,0.00092805487715,0.0159999877148,0.026926586589,0.0144899452335,0.000247107920155,9.47010405212e-06,0.00917709785971
val-gsm8k,e21f6062be8c8538,prompt,calibrated_0.016,128,1.05,0.000277211081033,0.00351143358679,0.000926173355702,0.0159999877148,0.0268371218549,0.0144429331818,0.000259201009594,1.03103211732e-05,0.00965830132589
val-gsm8k,e21f6062be8c8538,prompt,calibrated_0.016,128,2.0,0.000277211081033,0.00351143358679,0.00089530490394,0.0159999877148,0.0251330643331,0.0135461218931,0.000493590637935,3.9887867977e-05,0.0196390949943
val-gsm8k,e21f6062be8c8538,prompt,calibrated_0.05,1,1.001,0.00103156891685,0.0468587387808,0.000927206114238,0.0499998599733,0.0874194903904,0.0467870289211,0.000805032265897,0.000198491029412,0.009208841899
val-gsm8k,e21f6062be8c8538,prompt,calibrated_0.05,1,1.05,0.00103156891685,0.0468587387808,0.00092575677741,0.0499998599733,0.0873330431467,0.0467419614341,0.000844218595326,0.000208256882992,0.00966665725718
val-gsm8k,e21f6062be8c8538,prompt,calibrated_0.05,1,2.0,0.00103156891685,0.0468587387808,0.000906406248688,0.0499998599733,0.0856784652396,0.0458780481359,0.00160332134229,0.000408901407031,0.018713236025
val-gsm8k,e21f6062be8c8538,prompt,calibrated_0.05,4,1.001,0.000572991785614,0.0186751306429,0.000927206114238,0.0499998599733,0.0874194903904,0.0467870289211,0.000685772513482,6.452946407e-05,0.00784461806422
val-gsm8k,e21f6062be8c8538,prompt,calibrated_0.05,4,1.05,0.000572991785614,0.0186751306429,0.00092575677741,0.0499998599733,0.0873330431467,0.0467419614341,0.000719228146828,6.79619368922e-05,0.0082354641601
val-gsm8k,e21f6062be8c8538,prompt,calibrated_0.05,4,2.0,0.000572991785614,0.0186751306429,0.000906406248688,0.0499998599733,0.0856784652396,0.0458780481359,0.00136753052927,0.000165123803732,0.0159611931125
val-gsm8k,e21f6062be8c8538,prompt,calibrated_0.05,8,1.001,0.000458733033182,0.0184279557609,0.000927206114238,0.0499998599733,0.0874194903904,0.0467870289211,0.000513299439304,3.13614298908e-05,0.00587168189852
val-gsm8k,e21f6062be8c8538,prompt,calibrated_0.05,8,1.05,0.000458733033182,0.0184279557609,0.00092575677741,0.0499998599733,0.0873330431467,0.0467419614341,0.000538403720938,3.31535074318e-05,0.00616494858691
val-gsm8k,e21f6062be8c8538,prompt,calibrated_0.05,8,2.0,0.000458733033182,0.0184279557609,0.000906406248688,0.0499998599733,0.0856784652396,0.0458780481359,0.00102480791293,7.51720466246e-05,0.0119610909236
val-gsm8k,e21f6062be8c8538,prompt,calibrated_0.05,32,1.001,0.000363831716806,0.0165884331728,0.000927206114238,0.0499998599733,0.0874194903904,0.0467870289211,0.000410625758628,2.22088042696e-05,0.00469718774148
val-gsm8k,e21f6062be8c8538,prompt,calibrated_0.05,32,1.05,0.000363831716806,0.0165884331728,0.00092575677741,0.0499998599733,0.0873330431467,0.0467419614341,0.000430709086546,2.35162453693e-05,0.00493179982085
val-gsm8k,e21f6062be8c8538,prompt,calibrated_0.05,32,2.0,0.000363831716806,0.0165884331728,0.000906406248688,0.0499998599733,0.0856784652396,0.0458780481359,0.000819795787388,5.65383086282e-05,0.00956828282457
val-gsm8k,e21f6062be8c8538,prompt,calibrated_0.05,128,1.001,0.000277211081033,0.0124689494192,0.000927206114238,0.0499998599733,0.0874194903904,0.0467870289211,0.000320322182652,1.35594611387e-05,0.00366419640771
val-gsm8k,e21f6062be8c8538,prompt,calibrated_0.05,128,1.05,0.000277211081033,0.0124689494192,0.00092575677741,0.0499998599733,0.0873330431467,0.0467419614341,0.000335991308357,1.45057613981e-05,0.00384724150505
val-gsm8k,e21f6062be8c8538,prompt,calibrated_0.05,128,2.0,0.000277211081033,0.0124689494192,0.000906406248688,0.0499998599733,0.0856784652396,0.0458780481359,0.000639597875532,4.08303497269e-05,0.00746509491905
val-gsm8k,e21f6062be8c8538,answer16,real_base_to_step8,1,1.001,0.0495003201474,0.0530277853224,0.0494999863532,0.00692878549769,0.00658708361303,0.00396310957789,0.000824786394299,0.000532002610724,0.125212680262
val-gsm8k,e21f6062be8c8538,answer16,real_base_to_step8,1,1.05,0.0495003201474,0.0530277853224,0.0398620774971,0.00692878549769,0.00246651563045,0.00149907189626,0.000844761194903,0.000458415865543,0.342491725767
val-gsm8k,e21f6062be8c8538,answer16,real_base_to_step8,1,2.0,0.0495003201474,0.0530277853224,0,0.00692878549769,3.08222127912e-13,2.92051882721e-13,0,0,
val-gsm8k,e21f6062be8c8538,answer16,real_base_to_step8,4,1.001,7.01393043845e-05,7.85559261278e-05,0.0494999863532,0.00692878549769,0.00658708361303,0.00396310957789,6.96257895463e-07,3.65521123365e-07,0.000105700479357
val-gsm8k,e21f6062be8c8538,answer16,real_base_to_step8,4,1.05,7.01393043845e-05,7.85559261278e-05,0.0398620774971,0.00692878549769,0.00246651563045,0.00149907189626,7.30333391957e-07,3.84440477213e-07,0.00029609923527
val-gsm8k,e21f6062be8c8538,answer16,real_base_to_step8,4,2.0,7.01393043845e-05,7.85559261278e-05,0,0.00692878549769,3.08222127912e-13,2.92051882721e-13,0,0,
val-gsm8k,e21f6062be8c8538,answer16,real_base_to_step8,8,1.001,2.0926981254e-06,2.17530864923e-06,0.0494999863532,0.00692878549769,0.00658708361303,0.00396310957789,6.3407001056e-08,3.05833264422e-08,9.62595964785e-06
val-gsm8k,e21f6062be8c8538,answer16,real_base_to_step8,8,1.05,2.0926981254e-06,2.17530864923e-06,0.0398620774971,0.00692878549769,0.00246651563045,0.00149907189626,5.64249285773e-08,3.73621804715e-08,2.28763717857e-05
val-gsm8k,e21f6062be8c8538,answer16,real_base_to_step8,8,2.0,2.0926981254e-06,2.17530864923e-06,0,0.00692878549769,3.08222127912e-13,2.92051882721e-13,0,0,
val-gsm8k,e21f6062be8c8538,answer16,real_base_to_step8,32,1.001,1.45449452135e-07,1.51080347858e-07,0.0494999863532,0.00692878549769,0.00658708361303,0.00396310957789,3.11398369004e-09,4.40847371233e-10,4.72740877903e-07
val-gsm8k,e21f6062be8c8538,answer16,real_base_to_step8,32,1.05,1.45449452135e-07,1.51080347858e-07,0.0398620774971,0.00692878549769,0.00246651563045,0.00149907189626,2.05429018693e-09,1.00582048204e-09,8.32871343514e-07
val-gsm8k,e21f6062be8c8538,answer16,real_base_to_step8,32,2.0,1.45449452135e-07,1.51080347858e-07,0,0.00692878549769,3.08222127912e-13,2.92051882721e-13,0,0,
val-gsm8k,e21f6062be8c8538,answer16,real_base_to_step8,128,1.001,1.78828740939e-08,1.84797762343e-08,0.0494999863532,0.00692878549769,0.00658708361303,0.00396310957789,3.36810982162e-10,2.69921408946e-11,5.1132033833e-08
val-gsm8k,e21f6062be8c8538,answer16,real_base_to_step8,128,1.05,1.78828740939e-08,1.84797762343e-08,0.0398620774971,0.00692878549769,0.00246651563045,0.00149907189626,1.46213192302e-10,6.9969634793e-11,5.92792482226e-08
val-gsm8k,e21f6062be8c8538,answer16,real_base_to_step8,128,2.0,1.78828740939e-08,1.84797762343e-08,0,0.00692878549769,3.08222127912e-13,2.92051882721e-13,0,0,
val-gsm8k,e21f6062be8c8538,answer16,calibrated_0.016,1,1.001,0.0495003201474,0.0563724846917,0.0250028119936,0.0159999945695,0.0174338736281,0.0115853457043,0.0117275888031,0.00682410630221,0.672689790762
val-gsm8k,e21f6062be8c8538,answer16,calibrated_0.016,1,1.05,0.0495003201474,0.0563724846917,0.0250027995712,0.0159999945695,0.0150670352709,0.0104092714494,0.012262838755,0.00718179340256,0.813885315487
val-gsm8k,e21f6062be8c8538,answer16,calibrated_0.016,1,2.0,0.0495003201474,0.0563724846917,6.49033211808e-05,0.0159999945695,3.77918258725e-05,2.59192838534e-05,3.77918261757e-05,2.59192840505e-05,1.00000000802
val-gsm8k,e21f6062be8c8538,answer16,calibrated_0.016,4,1.001,7.01393043845e-05,0.000155572274023,0.0250028119936,0.0159999945695,0.0174338736281,0.0115853457043,4.56208215812e-06,2.58023304058e-06,0.000261679203109
val-gsm8k,e21f6062be8c8538,answer16,calibrated_0.016,4,1.05,7.01393043845e-05,0.000155572274023,0.0250027995712,0.0159999945695,0.0150670352709,0.0104092714494,4.78539473255e-06,2.7059353423e-06,0.000317606924421
val-gsm8k,e21f6062be8c8538,answer16,calibrated_0.016,4,2.0,7.01393043845e-05,0.000155572274023,6.49033211808e-05,0.0159999945695,3.77918258725e-05,2.59192838534e-05,9.11405745775e-06,5.70378571183e-06,0.24116478226
val-gsm8k,e21f6062be8c8538,answer16,calibrated_0.016,8,1.001,2.0926981254e-06,2.7443122877e-06,0.0250028119936,0.0159999945695,0.0174338736281,0.0115853457043,4.86224380386e-07,1.91029072175e-07,2.78896354739e-05
val-gsm8k,e21f6062be8c8538,answer16,calibrated_0.016,8,1.05,2.0926981254e-06,2.7443122877e-06,0.0250027995712,0.0159999945695,0.0150670352709,0.0104092714494,5.10025500387e-07,2.03030924894e-07,3.38504218789e-05
val-gsm8k,e21f6062be8c8538,answer16,calibrated_0.016,8,2.0,2.0926981254e-06,2.7443122877e-06,6.49033211808e-05,0.0159999945695,3.77918258725e-05,2.59192838534e-05,3.37434733692e-08,2.04128623887e-08,0.000892877562545
val-gsm8k,e21f6062be8c8538,answer16,calibrated_0.016,32,1.001,1.45449452135e-07,2.02725341001e-07,0.0250028119936,0.0159999945695,0.0174338736281,0.0115853457043,2.59758723841e-08,3.56909077261e-09,1.48996562314e-06
val-gsm8k,e21f6062be8c8538,answer16,calibrated_0.016,32,1.05,1.45449452135e-07,2.02725341001e-07,0.0250027995712,0.0159999945695,0.0150670352709,0.0104092714494,2.72474186815e-08,3.84385200779e-09,1.80841274952e-06
val-gsm8k,e21f6062be8c8538,answer16,calibrated_0.016,32,2.0,1.45449452135e-07,2.02725341001e-07,6.49033211808e-05,0.0159999945695,3.77918258725e-05,2.59192838534e-05,3.66057538685e-09,1.817364036e-09,9.68615646992e-05
val-gsm8k,e21f6062be8c8538,answer16,calibrated_0.016,128,1.001,1.78828740939e-08,2.62105484155e-08,0.0250028119936,0.0159999945695,0.0174338736281,0.0115853457043,4.0138085787e-09,3.67354350384e-10,2.30230450462e-07
val-gsm8k,e21f6062be8c8538,answer16,calibrated_0.016,128,1.05,1.78828740939e-08,2.62105484155e-08,0.0250027995712,0.0159999945695,0.0150670352709,0.0104092714494,4.21028900345e-09,4.50347864801e-10,2.79437124009e-07
val-gsm8k,e21f6062be8c8538,answer16,calibrated_0.016,128,2.0,1.78828740939e-08,2.62105484155e-08,6.49033211808e-05,0.0159999945695,3.77918258725e-05,2.59192838534e-05,1.17711819201e-09,5.76141648087e-10,3.11474284409e-05
val-gsm8k,e21f6062be8c8538,answer16,calibrated_0.05,1,1.001,0.0495003201474,0.077409311364,0.0250028119373,0.0499997821494,0.0621672626712,0.042123744217,0.03199638208,0.0184039778855,0.514682176843
val-gsm8k,e21f6062be8c8538,answer16,calibrated_0.05,1,1.05,0.0495003201474,0.077409311364,0.0250028117299,0.0499997821494,0.05985916738,0.0409947112622,0.0334857927703,0.0191858641528,0.559409598161
val-gsm8k,e21f6062be8c8538,answer16,calibrated_0.05,1,2.0,0.0495003201474,0.077409311364,0.00970194137314,0.0499997821494,0.0404646507239,0.0278421718549,0.0404646507241,0.0278421718551,1.00000000001
val-gsm8k,e21f6062be8c8538,answer16,calibrated_0.05,4,1.001,7.01393043845e-05,0.00047245704881,0.0250028119373,0.0499997821494,0.0621672626712,0.042123744217,8.0468886109e-06,4.5274727975e-06,0.000129439326506
val-gsm8k,e21f6062be8c8538,answer16,calibrated_0.05,4,1.05,7.01393043845e-05,0.00047245704881,0.0250028117299,0.0499997821494,0.05985916738,0.0409947112622,8.44077770345e-06,4.74903542126e-06,0.000141010609952
val-gsm8k,e21f6062be8c8538,answer16,calibrated_0.05,4,2.0,7.01393043845e-05,0.00047245704881,0.00970194137314,0.0499997821494,0.0404646507239,0.0278421718549,1.6076315824e-05,8.8435775884e-06,0.000397292835509
val-gsm8k,e21f6062be8c8538,answer16,calibrated_0.05,8,1.001,2.0926981254e-06,4.53127166366e-06,0.0250028119373,0.0499997821494,0.0621672626712,0.042123744217,1.14585356981e-06,4.51706871909e-07,1.84317841992e-05
val-gsm8k,e21f6062be8c8538,answer16,calibrated_0.05,8,1.05,2.0926981254e-06,4.53127166366e-06,0.0250028117299,0.0499997821494,0.05985916738,0.0409947112622,1.20194421542e-06,4.75790450614e-07,2.00795344812e-05
val-gsm8k,e21f6062be8c8538,answer16,calibrated_0.05,8,2.0,2.0926981254e-06,4.53127166366e-06,0.00970194137314,0.0499997821494,0.0404646507239,0.0278421718549,2.28941428894e-06,1.20800695068e-06,5.65781304913e-05
val-gsm8k,e21f6062be8c8538,answer16,calibrated_0.05,32,1.001,1.45449452135e-07,3.45576219297e-07,0.0250028119373,0.0499997821494,0.0621672626712,0.042123744217,6.30671152139e-08,8.62692945059e-09,1.01447470106e-06
val-gsm8k,e21f6062be8c8538,answer16,calibrated_0.05,32,1.05,1.45449452135e-07,3.45576219297e-07,0.0250028117299,0.0499997821494,0.05985916738,0.0409947112622,6.61543164393e-08,9.11355309015e-09,1.10516599771e-06
val-gsm8k,e21f6062be8c8538,answer16,calibrated_0.05,32,2.0,1.45449452135e-07,3.45576219297e-07,0.00970194137314,0.0499997821494,0.0404646507239,0.0278421718549,1.26008207288e-07,4.24646467877e-08,3.11403175449e-06
val-gsm8k,e21f6062be8c8538,answer16,calibrated_0.05,128,1.001,1.78828740939e-08,4.9930409252e-08,0.0250028119373,0.0499997821494,0.0621672626712,0.042123744217,9.41753584638e-09,9.11978858522e-10,1.51487059937e-07
val-gsm8k,e21f6062be8c8538,answer16,calibrated_0.05,128,1.05,1.78828740939e-08,4.9930409252e-08,0.0250028117299,0.0499997821494,0.05985916738,0.0409947112622,9.87853372782e-09,9.98716564933e-10,1.65029587951e-07
val-gsm8k,e21f6062be8c8538,answer16,calibrated_0.05,128,2.0,1.78828740939e-08,4.9930409252e-08,0.00970194137314,0.0499997821494,0.0404646507239,0.0278421718549,1.88162547074e-08,5.22811220852e-09,4.65004747867e-07
val-gsm8k,e21f6062be8c8538,answer32,real_base_to_step8,1,1.001,0.597133844684,0.598696556024,0.506666305615,0.00529935411043,0.00210174415734,0.00118918364293,0.00144277992595,0.000843622472212,0.686467913286
val-gsm8k,e21f6062be8c8538,answer32,real_base_to_step8,1,1.05,0.597133844684,0.598696556024,2.8956971115e-06,0.00529935411043,2.63108769807e-09,1.446007841e-09,2.63108796616e-09,1.44600792323e-09,1.00000010189
val-gsm8k,e21f6062be8c8538,answer32,real_base_to_step8,1,2.0,0.597133844684,0.598696556024,0,0.00529935411043,2.68093794265e-16,1.59758110758e-16,0,0,
val-gsm8k,e21f6062be8c8538,answer32,real_base_to_step8,4,1.001,0.0560770862854,0.0554999059239,0.506666305615,0.00529935411043,0.00210174415734,0.00118918364293,3.56741369046e-05,1.18557145483e-05,0.0169735868088
val-gsm8k,e21f6062be8c8538,answer32,real_base_to_step8,4,1.05,0.0560770862854,0.0554999059239,2.8956971115e-06,0.00529935411043,2.63108769807e-09,1.446007841e-09,2.63108796616e-09,1.44600792323e-09,1.00000010189
val-gsm8k,e21f6062be8c8538,answer32,real_base_to_step8,4,2.0,0.0560770862854,0.0554999059239,0,0.00529935411043,2.68093794265e-16,1.59758110758e-16,0,0,
val-gsm8k,e21f6062be8c8538,answer32,real_base_to_step8,8,1.001,0.00688579607055,0.00686689980344,0.506666305615,0.00529935411043,0.00210174415734,0.00118918364293,3.56741369046e-05,1.18557145483e-05,0.0169735868088
val-gsm8k,e21f6062be8c8538,answer32,real_base_to_step8,8,1.05,0.00688579607055,0.00686689980344,2.8956971115e-06,0.00529935411043,2.63108769807e-09,1.446007841e-09,2.63108796616e-09,1.44600792323e-09,1.00000010189
val-gsm8k,e21f6062be8c8538,answer32,real_base_to_step8,8,2.0,0.00688579607055,0.00686689980344,0,0.00529935411043,2.68093794265e-16,1.59758110758e-16,0,0,
val-gsm8k,e21f6062be8c8538,answer32,real_base_to_step8,32,1.001,0.00135871273774,0.00135696619994,0.506666305615,0.00529935411043,0.00210174415734,0.00118918364293,1.09948605172e-05,3.25758783356e-06,0.0052313030008
val-gsm8k,e21f6062be8c8538,answer32,real_base_to_step8,32,1.05,0.00135871273774,0.00135696619994,2.8956971115e-06,0.00529935411043,2.63108769807e-09,1.446007841e-09,2.63108796616e-09,1.44600792323e-09,1.00000010189
val-gsm8k,e21f6062be8c8538,answer32,real_base_to_step8,32,2.0,0.00135871273774,0.00135696619994,0,0.00529935411043,2.68093794265e-16,1.59758110758e-16,0,0,
val-gsm8k,e21f6062be8c8538,answer32,real_base_to_step8,128,1.001,0.000459227510404,0.000457687109895,0.506666305615,0.00529935411043,0.00210174415734,0.00118918364293,2.96678593889e-06,8.59024054807e-07,0.00141158281731
val-gsm8k,e21f6062be8c8538,answer32,real_base_to_step8,128,1.05,0.000459227510404,0.000457687109895,2.8956971115e-06,0.00529935411043,2.63108769807e-09,1.446007841e-09,1.58003390925e-10,8.2880729427e-11,0.0600524988359
val-gsm8k,e21f6062be8c8538,answer32,real_base_to_step8,128,2.0,0.000459227510404,0.000457687109895,0,0.00529935411043,2.68093794265e-16,1.59758110758e-16,0,0,
val-gsm8k,e21f6062be8c8538,answer32,calibrated_0.016,1,1.001,0.597133844684,0.598932429653,0.455562821343,0.0160004055516,0.00808059035692,0.00411477172495,0.00734040781956,0.00360733720011,0.908399942992
val-gsm8k,e21f6062be8c8538,answer32,calibrated_0.016,1,1.05,0.597133844684,0.598932429653,0.00225886659905,0.0160004055516,0.000113623418686,4.43678450977e-05,0.00011362341869,4.43678450994e-05,1.00000000004
val-gsm8k,e21f6062be8c8538,answer32,calibrated_0.016,1,2.0,0.597133844684,0.598932429653,0,0.0160004055516,4.19612929638e-15,2.38561508583e-15,0,0,
val-gsm8k,e21f6062be8c8538,answer32,calibrated_0.016,4,1.001,0.0560770862854,0.0573223594329,0.455562821343,0.0160004055516,0.00808059035692,0.00411477172495,0.00137813220851,0.000633651045217,0.170548455946
val-gsm8k,e21f6062be8c8538,answer32,calibrated_0.016,4,1.05,0.0560770862854,0.0573223594329,0.00225886659905,0.0160004055516,0.000113623418686,4.43678450977e-05,0.00011362341869,4.43678450994e-05,1.00000000004
val-gsm8k,e21f6062be8c8538,answer32,calibrated_0.016,4,2.0,0.0560770862854,0.0573223594329,0,0.0160004055516,4.19612929638e-15,2.38561508583e-15,0,0,
val-gsm8k,e21f6062be8c8538,answer32,calibrated_0.016,8,1.001,0.00688579607055,0.00705654057074,0.455562821343,0.0160004055516,0.00808059035692,0.00411477172495,0.000239315953971,7.12275280443e-05,0.0296161472616
val-gsm8k,e21f6062be8c8538,answer32,calibrated_0.016,8,1.05,0.00688579607055,0.00705654057074,0.00225886659905,0.0160004055516,0.000113623418686,4.43678450977e-05,0.00011362341869,4.43678450994e-05,1.00000000004
val-gsm8k,e21f6062be8c8538,answer32,calibrated_0.016,8,2.0,0.00688579607055,0.00705654057074,0,0.0160004055516,4.19612929638e-15,2.38561508583e-15,0,0,
val-gsm8k,e21f6062be8c8538,answer32,calibrated_0.016,32,1.001,0.00135871273774,0.00138951081869,0.455562821343,0.0160004055516,0.00808059035692,0.00411477172495,4.72405631264e-05,7.80403941221e-06,0.00584617720238
val-gsm8k,e21f6062be8c8538,answer32,calibrated_0.016,32,1.05,0.00135871273774,0.00138951081869,0.00225886659905,0.0160004055516,0.000113623418686,4.43678450977e-05,1.9873394254e-05,5.98668350051e-06,0.174905793926
val-gsm8k,e21f6062be8c8538,answer32,calibrated_0.016,32,2.0,0.00135871273774,0.00138951081869,0,0.0160004055516,4.19612929638e-15,2.38561508583e-15,0,0,
val-gsm8k,e21f6062be8c8538,answer32,calibrated_0.016,128,1.001,0.000459227510404,0.000469208060629,0.455562821343,0.0160004055516,0.00808059035692,0.00411477172495,1.61083228583e-05,2.59675651191e-06,0.00199345866414
val-gsm8k,e21f6062be8c8538,answer32,calibrated_0.016,128,1.05,0.000459227510404,0.000469208060629,0.00225886659905,0.0160004055516,0.000113623418686,4.43678450977e-05,6.95453439089e-06,2.01908334677e-06,0.0612068750553
val-gsm8k,e21f6062be8c8538,answer32,calibrated_0.016,128,2.0,0.000459227510404,0.000469208060629,0,0.0160004055516,4.19612929638e-15,2.38561508583e-15,0,0,
val-gsm8k,e21f6062be8c8538,answer32,calibrated_0.05,1,1.001,0.597133844684,0.603291709692,0.455572230392,0.0499997005651,0.0252571245008,0.0129215135606,0.0217710092464,0.0105661271784,0.861974974453
val-gsm8k,e21f6062be8c8538,answer32,calibrated_0.05,1,1.05,0.597133844684,0.603291709692,0.0780734981692,0.0499997005651,0.00641174318231,0.00317224926748,0.00641174318231,0.00317224926748,0.999999999999
val-gsm8k,e21f6062be8c8538,answer32,calibrated_0.05,1,2.0,0.597133844684,0.603291709692,0,0.0499997005651,5.35015221667e-15,3.05913121268e-15,0,0,
val-gsm8k,e21f6062be8c8538,answer32,calibrated_0.05,4,1.001,0.0560770862854,0.0601667306139,0.455572230392,0.0499997005651,0.0252571245008,0.0129215135606,0.00410461117981,0.00186911992169,0.162513004189
val-gsm8k,e21f6062be8c8538,answer32,calibrated_0.05,4,1.05,0.0560770862854,0.0601667306139,0.0780734981692,0.0499997005651,0.00641174318231,0.00317224926748,0.00425365581049,0.00202291500763,0.663416435989
val-gsm8k,e21f6062be8c8538,answer32,calibrated_0.05,4,2.0,0.0560770862854,0.0601667306139,0,0.0499997005651,5.35015221667e-15,3.05913121268e-15,0,0,
val-gsm8k,e21f6062be8c8538,answer32,calibrated_0.05,8,1.001,0.00688579607055,0.00746329688772,0.455572230392,0.0499997005651,0.0252571245008,0.0129215135606,0.000751220037022,0.000224563839447,0.0297428963854
val-gsm8k,e21f6062be8c8538,answer32,calibrated_0.05,8,1.05,0.00688579607055,0.00746329688772,0.0780734981692,0.0499997005651,0.00641174318231,0.00317224926748,0.00078707464047,0.000255117489597,0.122755172516
val-gsm8k,e21f6062be8c8538,answer32,calibrated_0.05,8,2.0,0.00688579607055,0.00746329688772,0,0.0499997005651,5.35015221667e-15,3.05913121268e-15,0,0,
val-gsm8k,e21f6062be8c8538,answer32,calibrated_0.05,32,1.001,0.00135871273774,0.00146404284755,0.455572230392,0.0499997005651,0.0252571245008,0.0129215135606,0.000146549233575,2.35844757989e-05,0.0058022928766
val-gsm8k,e21f6062be8c8538,answer32,calibrated_0.05,32,1.05,0.00135871273774,0.00146404284755,0.0780734981692,0.0499997005651,0.00641174318231,0.00317224926748,0.000153683861009,3.68482344851e-05,0.0239691230043
val-gsm8k,e21f6062be8c8538,answer32,calibrated_0.05,32,2.0,0.00135871273774,0.00146404284755,0,0.0499997005651,5.35015221667e-15,3.05913121268e-15,0,0,
val-gsm8k,e21f6062be8c8538,answer32,calibrated_0.05,128,1.001,0.000459227510404,0.000493583168903,0.455572230392,0.0499997005651,0.0252571245008,0.0129215135606,4.99789557687e-05,7.73371669339e-06,0.00197880624799
val-gsm8k,e21f6062be8c8538,answer32,calibrated_0.05,128,1.05,0.000459227510404,0.000493583168903,0.0780734981692,0.0499997005651,0.00641174318231,0.00317224926748,5.2421231588e-05,1.24745369684e-05,0.0081758158581
val-gsm8k,e21f6062be8c8538,answer32,calibrated_0.05,128,2.0,0.000459227510404,0.000493583168903,0,0.0499997005651,5.35015221667e-15,3.05913121268e-15,0,0,
val-gsm8k,e21f6062be8c8538,answer64,real_base_to_step8,1,1.001,7.3847850778e-05,7.66801612237e-05,7.38133904368e-05,5.56820246299e-06,5.51719143461e-06,3.15389363043e-06,2.26823969121e-06,1.18208257757e-06,0.411122165706
val-gsm8k,e21f6062be8c8538,answer64,real_base_to_step8,1,1.05,7.3847850778e-05,7.66801612237e-05,2.14136161816e-05,5.56820246299e-06,1.84971712962e-06,1.1414798705e-06,1.84971721267e-06,1.14147993778e-06,1.0000000449
val-gsm8k,e21f6062be8c8538,answer64,real_base_to_step8,1,2.0,7.3847850778e-05,7.66801612237e-05,0,5.56820246299e-06,8.3051047241e-14,8.30446823281e-14,0,0,
val-gsm8k,e21f6062be8c8538,answer64,real_base_to_step8,4,1.001,1.16878648249e-05,1.18552764869e-05,7.38133904368e-05,5.56820246299e-06,5.51719143461e-06,3.15389363043e-06,1.59781299785e-07,6.27444019414e-08,0.0289606227514
val-gsm8k,e21f6062be8c8538,answer64,real_base_to_step8,4,1.05,1.16878648249e-05,1.18552764869e-05,2.14136161816e-05,5.56820246299e-06,1.84971712962e-06,1.1414798705e-06,2.58442916925e-08,1.35669943179e-08,0.0139720237644
val-gsm8k,e21f6062be8c8538,answer64,real_base_to_step8,4,2.0,1.16878648249e-05,1.18552764869e-05,0,5.56820246299e-06,8.3051047241e-14,8.30446823281e-14,0,0,
val-gsm8k,e21f6062be8c8538,answer64,real_base_to_step8,8,1.001,2.92890781826e-06,3.04482654309e-06,7.38133904368e-05,5.56820246299e-06,5.51719143461e-06,3.15389363043e-06,4.15057792333e-08,8.45614602e-09,0.00752299058774
val-gsm8k,e21f6062be8c8538,answer64,real_base_to_step8,8,1.05,2.92890781826e-06,3.04482654309e-06,2.14136161816e-05,5.56820246299e-06,1.84971712962e-06,1.1414798705e-06,2.58442916925e-08,1.35669943179e-08,0.0139720237644
val-gsm8k,e21f6062be8c8538,answer64,real_base_to_step8,8,2.0,2.92890781826e-06,3.04482654309e-06,0,5.56820246299e-06,8.3051047241e-14,8.30446823281e-14,0,0,
val-gsm8k,e21f6062be8c8538,answer64,real_base_to_step8,32,1.001,7.77851345766e-07,8.13891634472e-07,7.38133904368e-05,5.56820246299e-06,5.51719143461e-06,3.15389363043e-06,1.24977793847e-08,1.44244359642e-09,0.00226524301953
val-gsm8k,e21f6062be8c8538,answer64,real_base_to_step8,32,1.05,7.77851345766e-07,8.13891634472e-07,2.14136161816e-05,5.56820246299e-06,1.84971712962e-06,1.1414798705e-06,1.05072234177e-08,5.35887336949e-09,0.00568044878295
val-gsm8k,e21f6062be8c8538,answer64,real_base_to_step8,32,2.0,7.77851345766e-07,8.13891634472e-07,0,5.56820246299e-06,8.3051047241e-14,8.30446823281e-14,0,0,
val-gsm8k,e21f6062be8c8538,answer64,real_base_to_step8,128,1.001,2.76591093296e-07,2.8951255421e-07,7.38133904368e-05,5.56820246299e-06,5.51719143461e-06,3.15389363043e-06,3.75332979891e-09,2.10851480866e-10,0.000680297184427
val-gsm8k,e21f6062be8c8538,answer64,real_base_to_step8,128,1.05,2.76591093296e-07,2.8951255421e-07,2.14136161816e-05,5.56820246299e-06,1.84971712962e-06,1.1414798705e-06,3.08255147823e-09,1.54760652586e-09,0.00166649885481
val-gsm8k,e21f6062be8c8538,answer64,real_base_to_step8,128,2.0,2.76591093296e-07,2.8951255421e-07,0,5.56820246299e-06,8.3051047241e-14,8.30446823281e-14,0,0,
val-gsm8k,e21f6062be8c8538,answer64,calibrated_0.016,1,1.001,7.3847850778e-05,0.0156188628074,6.08746790985e-05,0.0160000397821,0.0306284145049,0.0174189149311,9.55301037898e-05,4.23001881544e-05,0.00311900257764
val-gsm8k,e21f6062be8c8538,answer64,calibrated_0.016,1,1.05,7.3847850778e-05,0.0156188628074,6.08731941806e-05,0.0160000397821,0.0306225423116,0.0174158208108,0.000100205554744,4.43807847194e-05,0.00327228071803
val-gsm8k,e21f6062be8c8538,answer64,calibrated_0.016,1,2.0,7.3847850778e-05,0.0156188628074,6.05498414133e-05,0.0160000397821,0.030508881558,0.0173559491896,0.000190849975198,8.47478799726e-05,0.0062555546271
val-gsm8k,e21f6062be8c8538,answer64,calibrated_0.016,4,1.001,1.16878648249e-05,0.0116919140402,6.08746790985e-05,0.0160000397821,0.0306284145049,0.0174189149311,9.42104597865e-06,3.78497883503e-06,0.0003075916965
val-gsm8k,e21f6062be8c8538,answer64,calibrated_0.016,4,1.05,1.16878648249e-05,0.0116919140402,6.08731941806e-05,0.0160000397821,0.0306225423116,0.0174158208108,9.88147544632e-06,3.98093878763e-06,0.000322686318653
val-gsm8k,e21f6062be8c8538,answer64,calibrated_0.016,4,2.0,1.16878648249e-05,0.0116919140402,6.05498414133e-05,0.0160000397821,0.030508881558,0.0173559491896,1.8806102533e-05,7.85097554726e-06,0.000616414026756
val-gsm8k,e21f6062be8c8538,answer64,calibrated_0.016,8,1.001,2.92890781826e-06,0.00403418782262,6.08746790985e-05,0.0160000397821,0.0306284145049,0.0174189149311,5.55648871048e-06,2.4963763844e-06,0.000181416139239
val-gsm8k,e21f6062be8c8538,answer64,calibrated_0.016,8,1.05,2.92890781826e-06,0.00403418782262,6.08731941806e-05,0.0160000397821,0.0306225423116,0.0174158208108,5.82835556158e-06,2.62110783716e-06,0.000190328925086
val-gsm8k,e21f6062be8c8538,answer64,calibrated_0.016,8,2.0,2.92890781826e-06,0.00403418782262,6.05498414133e-05,0.0160000397821,0.030508881558,0.0173559491896,1.10985411456e-05,5.07713672585e-06,0.00036378066251
val-gsm8k,e21f6062be8c8538,answer64,calibrated_0.016,32,1.001,7.77851345766e-07,0.000651809125901,6.08746790985e-05,0.0160000397821,0.0306284145049,0.0174189149311,1.3672703757e-06,2.65430675295e-07,4.46405861291e-05
val-gsm8k,e21f6062be8c8538,answer64,calibrated_0.016,32,1.05,7.77851345766e-07,0.000651809125901,6.08731941806e-05,0.0160000397821,0.0306225423116,0.0174158208108,1.43419561402e-06,2.80356251646e-07,4.68346357211e-05
val-gsm8k,e21f6062be8c8538,answer64,calibrated_0.016,32,2.0,7.77851345766e-07,0.000651809125901,6.05498414133e-05,0.0160000397821,0.030508881558,0.0173559491896,2.73166871805e-06,6.02351622642e-07,8.95368357852e-05
val-gsm8k,e21f6062be8c8538,answer64,calibrated_0.016,128,1.001,2.76591093296e-07,0.000386178332548,6.08746790985e-05,0.0160000397821,0.0306284145049,0.0174189149311,4.95766373271e-07,1.06622858587e-07,1.61864850429e-05
val-gsm8k,e21f6062be8c8538,answer64,calibrated_0.016,128,1.05,2.76591093296e-07,0.000386178332548,6.08731941806e-05,0.0160000397821,0.0306225423116,0.0174158208108,5.20033691331e-07,1.12667924668e-07,1.69820547896e-05
val-gsm8k,e21f6062be8c8538,answer64,calibrated_0.016,128,2.0,2.76591093296e-07,0.000386178332548,6.05498414133e-05,0.0160000397821,0.030508881558,0.0173559491896,9.90517638269e-07,2.35339602332e-07,3.24665339299e-05
val-gsm8k,e21f6062be8c8538,answer64,calibrated_0.05,1,1.001,7.3847850778e-05,0.0484825252615,6.08741125074e-05,0.0499993254771,0.0921468977296,0.0524092510509,0.000110611861725,4.90135232209e-05,0.00120038617089
val-gsm8k,e21f6062be8c8538,answer64,calibrated_0.05,1,1.05,7.3847850778e-05,0.0484825252615,6.08534592292e-05,0.0499993254771,0.0921412233234,0.0524064501894,0.00011602399216,5.14190711284e-05,0.00125919743601
val-gsm8k,e21f6062be8c8538,answer64,calibrated_0.05,1,2.0,7.3847850778e-05,0.0484825252615,6.0679768879e-05,0.0499993254771,0.0920313410618,0.0523522210325,0.000220947456608,9.80742046396e-05,0.00240078492891
val-gsm8k,e21f6062be8c8538,answer64,calibrated_0.05,4,1.001,1.16878648249e-05,0.0413355604862,6.08741125074e-05,0.0499993254771,0.0921468977296,0.0524092510509,1.17612339042e-05,5.32884609151e-06,0.00012763570119
val-gsm8k,e21f6062be8c8538,answer64,calibrated_0.05,4,1.05,1.16878648249e-05,0.0413355604862,6.08534592292e-05,0.0499993254771,0.0921412233234,0.0524064501894,1.23357215818e-05,5.59609825514e-06,0.000133878422023
val-gsm8k,e21f6062be8c8538,answer64,calibrated_0.05,4,2.0,1.16878648249e-05,0.0413355604862,6.0679768879e-05,0.0499993254771,0.0920313410618,0.0523522210325,2.34706834142e-05,1.08141251964e-05,0.000255029244857
val-gsm8k,e21f6062be8c8538,answer64,calibrated_0.05,8,1.001,2.92890781826e-06,0.0208240130697,6.08741125074e-05,0.0499993254771,0.0921468977296,0.0524092510509,5.63742074704e-06,2.53188177808e-06,6.11786276688e-05
val-gsm8k,e21f6062be8c8538,answer64,calibrated_0.05,8,1.05,2.92890781826e-06,0.0208240130697,6.08534592292e-05,0.0499993254771,0.0921412233234,0.0524064501894,5.91275806387e-06,2.65792057275e-06,6.41706051928e-05
val-gsm8k,e21f6062be8c8538,answer64,calibrated_0.05,8,2.0,2.92890781826e-06,0.0208240130697,6.0679768879e-05,0.0499993254771,0.0920313410618,0.0523522210325,1.12481373543e-05,5.12910217518e-06,0.00012222072638
val-gsm8k,e21f6062be8c8538,answer64,calibrated_0.05,32,1.001,7.77851345766e-07,0.00326989901629,6.08741125074e-05,0.0499993254771,0.0921468977296,0.0524092510509,1.42400017118e-06,2.84685836869e-07,1.54535877633e-05
val-gsm8k,e21f6062be8c8538,answer64,calibrated_0.05,32,1.05,7.77851345766e-07,0.00326989901629,6.08534592292e-05,0.0499993254771,0.0921412233234,0.0524064501894,1.49368812694e-06,3.00177007298e-07,1.62108562603e-05
val-gsm8k,e21f6062be8c8538,answer64,calibrated_0.05,32,2.0,7.77851345766e-07,0.00326989901629,6.0679768879e-05,0.0499993254771,0.0920313410618,0.0523522210325,2.8445051352e-06,6.28017045502e-07,3.09080048426e-05
val-gsm8k,e21f6062be8c8538,answer64,calibrated_0.05,128,1.001,2.76591093296e-07,0.00227537299768,6.08741125074e-05,0.0499993254771,0.0921468977296,0.0524092510509,5.14178348614e-07,1.17877106147e-07,5.57998545022e-06
val-gsm8k,e21f6062be8c8538,answer64,calibrated_0.05,128,1.05,2.76591093296e-07,0.00227537299768,6.08534592292e-05,0.0499993254771,0.0921412233234,0.0524064501894,5.3934268101e-07,1.24304798766e-07,5.85343521127e-06
val-gsm8k,e21f6062be8c8538,answer64,calibrated_0.05,128,2.0,2.76591093296e-07,0.00227537299768,6.0679768879e-05,0.0499993254771,0.0920313410618,0.0523522210325,1.0271979936e-06,2.52995720585e-07,1.11613933009e-05
val-gsm8k,e21f6062be8c8538,answer128,real_base_to_step8,1,1.001,0.296557109541,0.297369028638,0.163139639048,0.00604596297708,0.00477946531647,0.00253540548795,0.00437537110391,0.00220366572765,0.915452004397
val-gsm8k,e21f6062be8c8538,answer128,real_base_to_step8,1,1.05,0.296557109541,0.297369028638,4.2412423121e-06,0.00604596297708,1.51941760285e-07,8.9768013083e-08,1.51941767858e-07,8.97680163476e-08,1.00000004984
val-gsm8k,e21f6062be8c8538,answer128,real_base_to_step8,1,2.0,0.296557109541,0.297369028638,0,0.00604596297708,7.5729168328e-15,5.40847006116e-15,0,0,
val-gsm8k,e21f6062be8c8538,answer128,real_base_to_step8,4,1.001,0.112658833074,0.112232958526,0.163139639048,0.00604596297708,0.00477946531647,0.00253540548795,0.00116318398876,0.000613913857435,0.243371153831
val-gsm8k,e21f6062be8c8538,answer128,real_base_to_step8,4,1.05,0.112658833074,0.112232958526,4.2412423121e-06,0.00604596297708,1.51941760285e-07,8.9768013083e-08,1.51941767858e-07,8.97680163476e-08,1.00000004984
val-gsm8k,e21f6062be8c8538,answer128,real_base_to_step8,4,2.0,0.112658833074,0.112232958526,0,0.00604596297708,7.5729168328e-15,5.40847006116e-15,0,0,
val-gsm8k,e21f6062be8c8538,answer128,real_base_to_step8,8,1.001,0.0109484357022,0.0110933834195,0.163139639048,0.00604596297708,0.00477946531647,0.00253540548795,9.27066830545e-05,2.71190517921e-05,0.0193968732726
val-gsm8k,e21f6062be8c8538,answer128,real_base_to_step8,8,1.05,0.0109484357022,0.0110933834195,4.2412423121e-06,0.00604596297708,1.51941760285e-07,8.9768013083e-08,1.51941767858e-07,8.97680163476e-08,1.00000004984
val-gsm8k,e21f6062be8c8538,answer128,real_base_to_step8,8,2.0,0.0109484357022,0.0110933834195,0,0.00604596297708,7.5729168328e-15,5.40847006116e-15,0,0,
val-gsm8k,e21f6062be8c8538,answer128,real_base_to_step8,32,1.001,0.000610716394623,0.000615555641494,0.163139639048,0.00604596297708,0.00477946531647,0.00253540548795,8.28796561542e-06,2.03651515682e-06,0.00173407799129
val-gsm8k,e21f6062be8c8538,answer128,real_base_to_step8,32,1.05,0.000610716394623,0.000615555641494,4.2412423121e-06,0.00604596297708,1.51941760285e-07,8.9768013083e-08,1.51941767858e-07,8.97680163476e-08,1.00000004984
val-gsm8k,e21f6062be8c8538,answer128,real_base_to_step8,32,2.0,0.000610716394623,0.000615555641494,0,0.00604596297708,7.5729168328e-15,5.40847006116e-15,0,0,
val-gsm8k,e21f6062be8c8538,answer128,real_base_to_step8,128,1.001,0.000115336882114,0.000116233425787,0.163139639048,0.00604596297708,0.00477946531647,0.00253540548795,1.45769086015e-06,2.8923162785e-07,0.000304990362652
val-gsm8k,e21f6062be8c8538,answer128,real_base_to_step8,128,1.05,0.000115336882114,0.000116233425787,4.2412423121e-06,0.00604596297708,1.51941760285e-07,8.9768013083e-08,8.91090366321e-09,4.23811822108e-09,0.0586468370939
val-gsm8k,e21f6062be8c8538,answer128,real_base_to_step8,128,2.0,0.000115336882114,0.000116233425787,0,0.00604596297708,7.5729168328e-15,5.40847006116e-15,0,0,
val-gsm8k,e21f6062be8c8538,answer128,calibrated_0.016,1,1.001,0.296557109541,0.292244204521,0.788693365798,0.0159998085527,0.00586914479502,0.00293504105097,0.00650046188851,0.00363857765317,1.10756543168
val-gsm8k,e21f6062be8c8538,answer128,calibrated_0.016,1,1.05,0.296557109541,0.292244204521,0.0389824362205,0.0159998085527,0.00152673128843,0.000951953301993,0.00152673128844,0.000951953301996,1
val-gsm8k,e21f6062be8c8538,answer128,calibrated_0.016,1,2.0,0.296557109541,0.292244204521,0,0.0159998085527,7.35959081266e-15,5.29056405385e-15,0,0,
val-gsm8k,e21f6062be8c8538,answer128,calibrated_0.016,4,1.001,0.112658833074,0.116126593425,0.788693365798,0.0159998085527,0.00586914479502,0.00293504105097,0.00298539295542,0.00163804310226,0.508658937491
val-gsm8k,e21f6062be8c8538,answer128,calibrated_0.016,4,1.05,0.112658833074,0.116126593425,0.0389824362205,0.0159998085527,0.00152673128843,0.000951953301993,0.00152673128844,0.000951953301996,1
val-gsm8k,e21f6062be8c8538,answer128,calibrated_0.016,4,2.0,0.112658833074,0.116126593425,0,0.0159998085527,7.35959081266e-15,5.29056405385e-15,0,0,
val-gsm8k,e21f6062be8c8538,answer128,calibrated_0.016,8,1.001,0.0109484357022,0.0108227487805,0.788693365798,0.0159998085527,0.00586914479502,0.00293504105097,9.61935112233e-05,4.10079135447e-05,0.0163896980877
val-gsm8k,e21f6062be8c8538,answer128,calibrated_0.016,8,1.05,0.0109484357022,0.0108227487805,0.0389824362205,0.0159998085527,0.00152673128843,0.000951953301993,3.60318564181e-06,2.12105649966e-06,0.00236006536914
val-gsm8k,e21f6062be8c8538,answer128,calibrated_0.016,8,2.0,0.0109484357022,0.0108227487805,0,0.0159998085527,7.35959081266e-15,5.29056405385e-15,0,0,
val-gsm8k,e21f6062be8c8538,answer128,calibrated_0.016,32,1.001,0.000610716394623,0.000601746806694,0.788693365798,0.0159998085527,0.00586914479502,0.00293504105097,7.97905863827e-06,3.10413362105e-06,0.00135949255248
val-gsm8k,e21f6062be8c8538,answer128,calibrated_0.016,32,1.05,0.000610716394623,0.000601746806694,0.0389824362205,0.0159998085527,0.00152673128843,0.000951953301993,1.45653123806e-07,7.7907210355e-08,9.54019380554e-05
val-gsm8k,e21f6062be8c8538,answer128,calibrated_0.016,32,2.0,0.000610716394623,0.000601746806694,0,0.0159998085527,7.35959081266e-15,5.29056405385e-15,0,0,
val-gsm8k,e21f6062be8c8538,answer128,calibrated_0.016,128,1.001,0.000115336882114,0.000113340071564,0.788693365798,0.0159998085527,0.00586914479502,0.00293504105097,1.08866025941e-06,3.97218421711e-07,0.0001854887377
val-gsm8k,e21f6062be8c8538,answer128,calibrated_0.016,128,1.05,0.000115336882114,0.000113340071564,0.0389824362205,0.0159998085527,0.00152673128843,0.000951953301993,3.10400517514e-08,1.33288702747e-08,2.03310510413e-05
val-gsm8k,e21f6062be8c8538,answer128,calibrated_0.016,128,2.0,0.000115336882114,0.000113340071564,0,0.0159998085527,7.35959081266e-15,5.29056405385e-15,0,0,
val-gsm8k,e21f6062be8c8538,answer128,calibrated_0.05,1,1.001,0.296557109541,0.284174902142,0.788693366936,0.0500005808548,0.0197221729036,0.0101126600106,0.0219654496949,0.0124796077968,1.11374389639
val-gsm8k,e21f6062be8c8538,answer128,calibrated_0.05,1,1.05,0.296557109541,0.284174902142,0.0830110420912,0.0500005808548,0.0145839626472,0.00910534918851,0.0145839626472,0.00910534918852,1
val-gsm8k,e21f6062be8c8538,answer128,calibrated_0.05,1,2.0,0.296557109541,0.284174902142,0,0.0500005808548,1.22354599847e-14,8.88031455403e-15,0,0,
val-gsm8k,e21f6062be8c8538,answer128,calibrated_0.05,4,1.001,0.112658833074,0.124279054051,0.788693366936,0.0500005808548,0.0197221729036,0.0101126600106,0.00968121210648,0.00531801223188,0.490879587853
val-gsm8k,e21f6062be8c8538,answer128,calibrated_0.05,4,1.05,0.112658833074,0.124279054051,0.0830110420912,0.0500005808548,0.0145839626472,0.00910534918851,0.0100216359354,0.00545550959745,0.687168239378
val-gsm8k,e21f6062be8c8538,answer128,calibrated_0.05,4,2.0,0.112658833074,0.124279054051,0,0.0500005808548,1.22354599847e-14,8.88031455403e-15,0,0,
val-gsm8k,e21f6062be8c8538,answer128,calibrated_0.05,8,1.001,0.0109484357022,0.0105457165742,0.788693366936,0.0500005808548,0.0197221729036,0.0101126600106,0.000320373432292,0.000137832656706,0.0162443273294
val-gsm8k,e21f6062be8c8538,answer128,calibrated_0.05,8,1.05,0.0109484357022,0.0105457165742,0.0830110420912,0.0500005808548,0.0145839626472,0.00910534918851,0.000147148753757,7.02182436841e-05,0.0100897648545
val-gsm8k,e21f6062be8c8538,answer128,calibrated_0.05,8,2.0,0.0109484357022,0.0105457165742,0,0.0500005808548,1.22354599847e-14,8.88031455403e-15,0,0,
val-gsm8k,e21f6062be8c8538,answer128,calibrated_0.05,32,1.001,0.000610716394623,0.000583140349864,0.788693366936,0.0500005808548,0.0197221729036,0.0101126600106,2.63832952852e-05,1.03505780438e-05,0.00133774789493
val-gsm8k,e21f6062be8c8538,answer128,calibrated_0.05,32,1.05,0.000610716394623,0.000583140349864,0.0830110420912,0.0500005808548,0.0145839626472,0.00910534918851,1.07076276113e-05,4.29522009461e-06,0.000734205638779
val-gsm8k,e21f6062be8c8538,answer128,calibrated_0.05,32,2.0,0.000610716394623,0.000583140349864,0,0.0500005808548,1.22354599847e-14,8.88031455403e-15,0,0,
val-gsm8k,e21f6062be8c8538,answer128,calibrated_0.05,128,1.001,0.000115336882114,0.000109166516737,0.788693366936,0.0500005808548,0.0197221729036,0.0101126600106,3.6134194381e-06,1.33163436583e-06,0.000183216091643
val-gsm8k,e21f6062be8c8538,answer128,calibrated_0.05,128,1.05,0.000115336882114,0.000109166516737,0.0830110420912,0.0500005808548,0.0145839626472,0.00910534918851,1.56072654436e-06,5.85594705045e-07,0.000107016630673
val-gsm8k,e21f6062be8c8538,answer128,calibrated_0.05,128,2.0,0.000115336882114,0.000109166516737,0,0.0500005808548,1.22354599847e-14,8.88031455403e-15,0,0,
val-gsm8k,e21f6062be8c8538,answer256,real_base_to_step8,1,1.001,0.359167771828,0.358558283733,0.0854577642323,0.0042741190294,0.00263850953091,0.00162877211939,0.00263850953094,0.00162877211941,1.00000000001
val-gsm8k,e21f6062be8c8538,answer256,real_base_to_step8,1,1.05,0.359167771828,0.358558283733,7.04920133026e-05,0.0042741190294,3.30022660701e-06,2.0036417641e-06,3.30022664298e-06,2.00364177833e-06,1.0000000109
val-gsm8k,e21f6062be8c8538,answer256,real_base_to_step8,1,2.0,0.359167771828,0.358558283733,0,0.0042741190294,3.59790792348e-14,2.49376146487e-14,0,0,
val-gsm8k,e21f6062be8c8538,answer256,real_base_to_step8,4,1.001,0.00270761306684,0.00272752874272,0.0854577642323,0.0042741190294,0.00263850953091,0.00162877211939,4.4303589448e-05,1.65717709329e-05,0.0167911424723
val-gsm8k,e21f6062be8c8538,answer256,real_base_to_step8,4,1.05,0.00270761306684,0.00272752874272,7.04920133026e-05,0.0042741190294,3.30022660701e-06,2.0036417641e-06,3.30022664298e-06,2.00364177833e-06,1.0000000109
val-gsm8k,e21f6062be8c8538,answer256,real_base_to_step8,4,2.0,0.00270761306684,0.00272752874272,0,0.0042741190294,3.59790792348e-14,2.49376146487e-14,0,0,
val-gsm8k,e21f6062be8c8538,answer256,real_base_to_step8,8,1.001,0.00160909785786,0.00161279409948,0.0854577642323,0.0042741190294,0.00263850953091,0.00162877211939,2.5346009872e-05,1.00720595949e-05,0.00960618469446
val-gsm8k,e21f6062be8c8538,answer256,real_base_to_step8,8,1.05,0.00160909785786,0.00161279409948,7.04920133026e-05,0.0042741190294,3.30022660701e-06,2.0036417641e-06,3.30022664298e-06,2.00364177833e-06,1.0000000109
val-gsm8k,e21f6062be8c8538,answer256,real_base_to_step8,8,2.0,0.00160909785786,0.00161279409948,0,0.0042741190294,3.59790792348e-14,2.49376146487e-14,0,0,
val-gsm8k,e21f6062be8c8538,answer256,real_base_to_step8,32,1.001,6.76981637815e-05,6.82474728838e-05,0.0854577642323,0.0042741190294,0.00263850953091,0.00162877211939,6.63516329827e-07,1.54641262518e-07,0.000251473918155
val-gsm8k,e21f6062be8c8538,answer256,real_base_to_step8,32,1.05,6.76981637815e-05,6.82474728838e-05,7.04920133026e-05,0.0042741190294,3.30022660701e-06,2.0036417641e-06,9.54291610464e-09,5.76323419362e-09,0.00289159419671
val-gsm8k,e21f6062be8c8538,answer256,real_base_to_step8,32,2.0,6.76981637815e-05,6.82474728838e-05,0,0.0042741190294,3.59790792348e-14,2.49376146487e-14,0,0,
val-gsm8k,e21f6062be8c8538,answer256,real_base_to_step8,128,1.001,7.60137736767e-06,7.64737635454e-06,0.0854577642323,0.0042741190294,0.00263850953091,0.00162877211939,7.5166588488e-08,1.49121657891e-08,2.84882762816e-05
val-gsm8k,e21f6062be8c8538,answer256,real_base_to_step8,128,1.05,7.60137736767e-06,7.64737635454e-06,7.04920133026e-05,0.0042741190294,3.30022660701e-06,2.0036417641e-06,1.01700166445e-10,4.44783491025e-11,3.08161161506e-05
val-gsm8k,e21f6062be8c8538,answer256,real_base_to_step8,128,2.0,7.60137736767e-06,7.64737635454e-06,0,0.0042741190294,3.59790792348e-14,2.49376146487e-14,0,0,
val-gsm8k,e21f6062be8c8538,answer256,calibrated_0.016,1,1.001,0.359167771828,0.367036717815,0.333239536015,0.0159998014176,0.0101385417325,0.0060445597513,0.0029597607848,0.00176367805666,0.291931607415
val-gsm8k,e21f6062be8c8538,answer256,calibrated_0.016,1,1.05,0.359167771828,0.367036717815,7.97646518124e-06,0.0159998014176,4.33069792698e-07,1.81999558116e-07,4.33069828281e-07,1.81999578144e-07,1.00000008216
val-gsm8k,e21f6062be8c8538,answer256,calibrated_0.016,1,2.0,0.359167771828,0.367036717815,0,0.0159998014176,3.55828291485e-14,2.44785083177e-14,0,0,
val-gsm8k,e21f6062be8c8538,answer256,calibrated_0.016,4,1.001,0.00270761306684,0.00264243790865,0.333239536015,0.0159998014176,0.0101385417325,0.0060445597513,4.39114463896e-05,2.00451368906e-05,0.00433114027129
val-gsm8k,e21f6062be8c8538,answer256,calibrated_0.016,4,1.05,0.00270761306684,0.00264243790865,7.97646518124e-06,0.0159998014176,4.33069792698e-07,1.81999558116e-07,4.33069828281e-07,1.81999578144e-07,1.00000008216
val-gsm8k,e21f6062be8c8538,answer256,calibrated_0.016,4,2.0,0.00270761306684,0.00264243790865,0,0.0159998014176,3.55828291485e-14,2.44785083177e-14,0,0,
val-gsm8k,e21f6062be8c8538,answer256,calibrated_0.016,8,1.001,0.00160909785786,0.00155921692525,0.333239536015,0.0159998014176,0.0101385417325,0.0060445597513,1.89308502744e-05,7.7316934088e-06,0.00186721628948
val-gsm8k,e21f6062be8c8538,answer256,calibrated_0.016,8,1.05,0.00160909785786,0.00155921692525,7.97646518124e-06,0.0159998014176,4.33069792698e-07,1.81999558116e-07,4.33069828281e-07,1.81999578144e-07,1.00000008216
val-gsm8k,e21f6062be8c8538,answer256,calibrated_0.016,8,2.0,0.00160909785786,0.00155921692525,0,0.0159998014176,3.55828291485e-14,2.44785083177e-14,0,0,
val-gsm8k,e21f6062be8c8538,answer256,calibrated_0.016,32,1.001,6.76981637815e-05,6.56532797039e-05,0.333239536015,0.0159998014176,0.0101385417325,0.0060445597513,1.71005787649e-06,6.58493560238e-07,0.000168669017855
val-gsm8k,e21f6062be8c8538,answer256,calibrated_0.016,32,1.05,6.76981637815e-05,6.56532797039e-05,7.97646518124e-06,0.0159998014176,4.33069792698e-07,1.81999558116e-07,4.33069828281e-07,1.81999578144e-07,1.00000008216
val-gsm8k,e21f6062be8c8538,answer256,calibrated_0.016,32,2.0,6.76981637815e-05,6.56532797039e-05,0,0.0159998014176,3.55828291485e-14,2.44785083177e-14,0,0,
val-gsm8k,e21f6062be8c8538,answer256,calibrated_0.016,128,1.001,7.60137736767e-06,7.45638434997e-06,0.333239536015,0.0159998014176,0.0101385417325,0.0060445597513,1.96196302884e-07,6.860970162e-08,1.93515308277e-05
val-gsm8k,e21f6062be8c8538,answer256,calibrated_0.016,128,1.05,7.60137736767e-06,7.45638434997e-06,7.97646518124e-06,0.0159998014176,4.33069792698e-07,1.81999558116e-07,4.14115266651e-08,1.51755703196e-08,0.0956232167732
val-gsm8k,e21f6062be8c8538,answer256,calibrated_0.016,128,2.0,7.60137736767e-06,7.45638434997e-06,0,0.0159998014176,3.55828291485e-14,2.44785083177e-14,0,0,
val-gsm8k,e21f6062be8c8538,answer256,calibrated_0.05,1,1.001,0.359167771828,0.38392577873,0.333239540252,0.0499998096019,0.0319852909479,0.0190664116634,0.0092722479401,0.00555286343076,0.289890998809
val-gsm8k,e21f6062be8c8538,answer256,calibrated_0.05,1,1.05,0.359167771828,0.38392577873,0.333122259885,0.0499998096019,0.0115725965734,0.00783001596482,0.0094879577938,0.00579093263324,0.819864214016
val-gsm8k,e21f6062be8c8538,answer256,calibrated_0.05,1,2.0,0.359167771828,0.38392577873,0,0.0499998096019,3.06257454542e-14,2.07351667751e-14,0,0,
val-gsm8k,e21f6062be8c8538,answer256,calibrated_0.05,4,1.001,0.00270761306684,0.00252232253025,0.333239540252,0.0499998096019,0.0319852909479,0.0190664116634,0.000143198635378,6.48365372939e-05,0.0044770152509
val-gsm8k,e21f6062be8c8538,answer256,calibrated_0.05,4,1.05,0.00270761306684,0.00252232253025,0.333122259885,0.0499998096019,0.0115725965734,0.00783001596482,7.72445659315e-05,3.75047713384e-05,0.00667478257289
val-gsm8k,e21f6062be8c8538,answer256,calibrated_0.05,4,2.0,0.00270761306684,0.00252232253025,0,0.0499998096019,3.06257454542e-14,2.07351667751e-14,0,0,
val-gsm8k,e21f6062be8c8538,answer256,calibrated_0.05,8,1.001,0.00160909785786,0.00146722928072,0.333239540252,0.0499998096019,0.0319852909479,0.0190664116634,6.15149508007e-05,2.4810536581e-05,0.00192322623861
val-gsm8k,e21f6062be8c8538,answer256,calibrated_0.05,8,1.05,0.00160909785786,0.00146722928072,0.333122259885,0.0499998096019,0.0115725965734,0.00783001596482,2.46577823459e-05,1.00061304545e-05,0.002130704392
val-gsm8k,e21f6062be8c8538,answer256,calibrated_0.05,8,2.0,0.00160909785786,0.00146722928072,0,0.0499998096019,3.06257454542e-14,2.07351667751e-14,0,0,
val-gsm8k,e21f6062be8c8538,answer256,calibrated_0.05,32,1.001,6.76981637815e-05,6.21798249721e-05,0.333239540252,0.0499998096019,0.0319852909479,0.0190664116634,5.75054335303e-06,2.18856540578e-06,0.000179787120349
val-gsm8k,e21f6062be8c8538,answer256,calibrated_0.05,32,1.05,6.76981637815e-05,6.21798249721e-05,0.333122259885,0.0499998096019,0.0115725965734,0.00783001596482,4.07129470775e-06,1.58256474444e-06,0.000351804772759
val-gsm8k,e21f6062be8c8538,answer256,calibrated_0.05,32,2.0,6.76981637815e-05,6.21798249721e-05,0,0.0499998096019,3.06257454542e-14,2.07351667751e-14,0,0,
val-gsm8k,e21f6062be8c8538,answer256,calibrated_0.05,128,1.001,7.60137736767e-06,7.22076067504e-06,0.333239540252,0.0499998096019,0.0319852909479,0.0190664116634,6.56167217671e-07,2.26124985691e-07,2.05146552751e-05
val-gsm8k,e21f6062be8c8538,answer256,calibrated_0.05,128,1.05,7.60137736767e-06,7.22076067504e-06,0.333122259885,0.0499998096019,0.0115725965734,0.00783001596482,4.3385046544e-07,1.50616646474e-07,3.74894659713e-05
val-gsm8k,e21f6062be8c8538,answer256,calibrated_0.05,128,2.0,7.60137736767e-06,7.22076067504e-06,0,0.0499998096019,3.06257454542e-14,2.07351667751e-14,0,0,
val-gsm8k,52bb4e1ef15551fc,prompt,real_base_to_step8,1,1.001,0.000483812152827,0.000476276692034,9.01212239837e-05,1.89124496039e-05,3.55045996711e-06,1.79814717353e-06,3.55045996377e-06,1.79814717024e-06,0.999999999062
val-gsm8k,52bb4e1ef15551fc,prompt,real_base_to_step8,1,1.05,0.000483812152827,0.000476276692034,5.10029484023e-06,1.89124496039e-05,2.57081093506e-07,1.67297777813e-07,2.57081090174e-07,1.67297775256e-07,0.999999987038
val-gsm8k,52bb4e1ef15551fc,prompt,real_base_to_step8,1,2.0,0.000483812152827,0.000476276692034,0,1.89124496039e-05,3.33225526846e-15,3.3306691045e-15,0,0,
val-gsm8k,52bb4e1ef15551fc,prompt,real_base_to_step8,4,1.001,0.000287749907183,0.000285315198853,9.01212239837e-05,1.89124496039e-05,3.55045996711e-06,1.79814717353e-06,3.55045996377e-06,1.79814717024e-06,0.999999999062
val-gsm8k,52bb4e1ef15551fc,prompt,real_base_to_step8,4,1.05,0.000287749907183,0.000285315198853,5.10029484023e-06,1.89124496039e-05,2.57081093506e-07,1.67297777813e-07,2.57081090174e-07,1.67297775256e-07,0.999999987038
val-gsm8k,52bb4e1ef15551fc,prompt,real_base_to_step8,4,2.0,0.000287749907183,0.000285315198853,0,1.89124496039e-05,3.33225526846e-15,3.3306691045e-15,0,0,
val-gsm8k,52bb4e1ef15551fc,prompt,real_base_to_step8,8,1.001,0.000234110754461,0.000232837167382,9.01212239837e-05,1.89124496039e-05,3.55045996711e-06,1.79814717353e-06,3.55045996377e-06,1.79814717024e-06,0.999999999062
val-gsm8k,52bb4e1ef15551fc,prompt,real_base_to_step8,8,1.05,0.000234110754461,0.000232837167382,5.10029484023e-06,1.89124496039e-05,2.57081093506e-07,1.67297777813e-07,2.57081090174e-07,1.67297775256e-07,0.999999987038
val-gsm8k,52bb4e1ef15551fc,prompt,real_base_to_step8,8,2.0,0.000234110754461,0.000232837167382,0,1.89124496039e-05,3.33225526846e-15,3.3306691045e-15,0,0,
val-gsm8k,52bb4e1ef15551fc,prompt,real_base_to_step8,32,1.001,0.000184770308932,0.000183599434817,9.01212239837e-05,1.89124496039e-05,3.55045996711e-06,1.79814717353e-06,2.47402486849e-06,1.23859126279e-06,0.69681812819
val-gsm8k,52bb4e1ef15551fc,prompt,real_base_to_step8,32,1.05,0.000184770308932,0.000183599434817,5.10029484023e-06,1.89124496039e-05,2.57081093506e-07,1.67297777813e-07,4.2916678274e-08,2.17899902352e-08,0.166938290516
val-gsm8k,52bb4e1ef15551fc,prompt,real_base_to_step8,32,2.0,0.000184770308932,0.000183599434817,0,1.89124496039e-05,3.33225526846e-15,3.3306691045e-15,0,0,
val-gsm8k,52bb4e1ef15551fc,prompt,real_base_to_step8,128,1.001,0.000140638046019,0.000139878016385,9.01212239837e-05,1.89124496039e-05,3.55045996711e-06,1.79814717353e-06,1.90570282673e-06,9.53284913079e-07,0.536748152178
val-gsm8k,52bb4e1ef15551fc,prompt,real_base_to_step8,128,1.05,0.000140638046019,0.000139878016385,5.10029484023e-06,1.89124496039e-05,2.57081093506e-07,1.67297777813e-07,4.2916678274e-08,2.17899902352e-08,0.166938290516
val-gsm8k,52bb4e1ef15551fc,prompt,real_base_to_step8,128,2.0,0.000140638046019,0.000139878016385,0,1.89124496039e-05,3.33225526846e-15,3.3306691045e-15,0,0,
val-gsm8k,52bb4e1ef15551fc,prompt,calibrated_0.016,1,1.001,0.000483812152827,0.0145865709158,0.000167675298428,0.0159999754297,0.0283714473896,0.0149906573275,0.000831120398237,0.000325232133311,0.029294254425
val-gsm8k,52bb4e1ef15551fc,prompt,calibrated_0.016,1,1.05,0.000483812152827,0.0145865709158,0.000140384136246,0.0159999754297,0.0283576169097,0.014983399249,0.000871751476688,0.000342780964565,0.0307413517667
val-gsm8k,52bb4e1ef15551fc,prompt,calibrated_0.016,1,2.0,0.000483812152827,0.0145865709158,0.000130175282802,0.0159999754297,0.0281060849987,0.0148577597301,0.00165905446729,0.000697304436522,0.0590283017847
val-gsm8k,52bb4e1ef15551fc,prompt,calibrated_0.016,4,1.001,0.000287749907183,0.014205907192,0.000167675298428,0.0159999754297,0.0283714473896,0.0149906573275,0.000480574587,0.000184805922371,0.0169386700791
val-gsm8k,52bb4e1ef15551fc,prompt,calibrated_0.016,4,1.05,0.000287749907183,0.014205907192,0.000140384136246,0.0159999754297,0.0283576169097,0.014983399249,0.000504068246159,0.000194855191981,0.0177754092583
val-gsm8k,52bb4e1ef15551fc,prompt,calibrated_0.016,4,2.0,0.000287749907183,0.014205907192,0.000130175282802,0.0159999754297,0.0281060849987,0.0148577597301,0.00095940178274,0.000394927598157,0.0341350203269
val-gsm8k,52bb4e1ef15551fc,prompt,calibrated_0.016,8,1.001,0.000234110754461,0.00974885864183,0.000167675298428,0.0159999754297,0.0283714473896,0.0149906573275,0.000416495397668,0.000151701419484,0.0146800898787
val-gsm8k,52bb4e1ef15551fc,prompt,calibrated_0.016,8,1.05,0.000234110754461,0.00974885864183,0.000140384136246,0.0159999754297,0.0283576169097,0.014983399249,0.000436863493347,0.000160109374462,0.0154055079712
val-gsm8k,52bb4e1ef15551fc,prompt,calibrated_0.016,8,2.0,0.000234110754461,0.00974885864183,0.000130175282802,0.0159999754297,0.0281060849987,0.0148577597301,0.000831649101087,0.000328519559828,0.0295896458409
val-gsm8k,52bb4e1ef15551fc,prompt,calibrated_0.016,32,1.001,0.000184770308932,0.00952519474761,0.000167675298428,0.0159999754297,0.0283714473896,0.0149906573275,0.00032949413608,0.000116455732073,0.011613582189
val-gsm8k,52bb4e1ef15551fc,prompt,calibrated_0.016,32,1.05,0.000184770308932,0.00952519474761,0.000140384136246,0.0159999754297,0.0283576169097,0.014983399249,0.000345606932769,0.000122975486637,0.0121874462819
val-gsm8k,52bb4e1ef15551fc,prompt,calibrated_0.016,32,2.0,0.000184770308932,0.00952519474761,0.000130175282802,0.0159999754297,0.0281060849987,0.0148577597301,0.000657893924452,0.000254748090108,0.0234075263233
val-gsm8k,52bb4e1ef15551fc,prompt,calibrated_0.016,128,1.001,0.000140638046019,0.00801767134869,0.000167675298428,0.0159999754297,0.0283714473896,0.0149906573275,0.000252558386147,8.89737010566e-05,0.00890185060629
val-gsm8k,52bb4e1ef15551fc,prompt,calibrated_0.016,128,1.05,0.000140638046019,0.00801767134869,0.000140384136246,0.0159999754297,0.0283576169097,0.014983399249,0.000264911070658,9.39349571028e-05,0.00934179594503
val-gsm8k,52bb4e1ef15551fc,prompt,calibrated_0.016,128,2.0,0.000140638046019,0.00801767134869,0.000130175282802,0.0159999754297,0.0281060849987,0.0148577597301,0.000504322965926,0.000194897253436,0.0179435508698
val-gsm8k,52bb4e1ef15551fc,prompt,calibrated_0.05,1,1.001,0.000483812152827,0.0472754563033,0.000140527140388,0.0500005841317,0.0897298136879,0.0469700564482,0.000846706084133,0.00031660329211,0.0094361734337
val-gsm8k,52bb4e1ef15551fc,prompt,calibrated_0.05,1,1.05,0.000483812152827,0.0472754563033,0.000140046800206,0.0500005841317,0.089716783755,0.0469636032318,0.000887945953396,0.000333908454497,0.00989721115974
val-gsm8k,52bb4e1ef15551fc,prompt,calibrated_0.05,1,2.0,0.000483812152827,0.0472754563033,0.000130954719803,0.0500005841317,0.089473712037,0.0468431493029,0.00168702465967,0.000674689429931,0.0188549756265
val-gsm8k,52bb4e1ef15551fc,prompt,calibrated_0.05,4,1.001,0.000287749907183,0.0467784383922,0.000140527140388,0.0500005841317,0.0897298136879,0.0469700564482,0.000483595175705,0.000181048968224,0.00538945926475
val-gsm8k,52bb4e1ef15551fc,prompt,calibrated_0.05,4,1.05,0.000287749907183,0.0467784383922,0.000140046800206,0.0500005841317,0.089716783755,0.0469636032318,0.000507182286266,0.000190721774207,0.0056531483301
val-gsm8k,52bb4e1ef15551fc,prompt,calibrated_0.05,4,2.0,0.000287749907183,0.0467784383922,0.000130954719803,0.0500005841317,0.089473712037,0.0468431493029,0.000964020252269,0.000382778818407,0.0107743406451
val-gsm8k,52bb4e1ef15551fc,prompt,calibrated_0.05,8,1.001,0.000234110754461,0.0370190683632,0.000140527140388,0.0500005841317,0.0897298136879,0.0469700564482,0.000424207934088,0.000156303065257,0.00472761411902
val-gsm8k,52bb4e1ef15551fc,prompt,calibrated_0.05,8,1.05,0.000234110754461,0.0370190683632,0.000140046800206,0.0500005841317,0.089716783755,0.0469636032318,0.000444909310049,0.000164718344173,0.00495904212598
val-gsm8k,52bb4e1ef15551fc,prompt,calibrated_0.05,8,2.0,0.000234110754461,0.0370190683632,0.000130954719803,0.0500005841317,0.089473712037,0.0468431493029,0.000845896849928,0.000332378210771,0.00945413832364
val-gsm8k,52bb4e1ef15551fc,prompt,calibrated_0.05,32,1.001,0.000184770308932,0.0366395334808,0.000140527140388,0.0500005841317,0.0897298136879,0.0469700564482,0.000335525860991,0.000120346847958,0.00373929073516
val-gsm8k,52bb4e1ef15551fc,prompt,calibrated_0.05,32,1.05,0.000184770308932,0.0366395334808,0.000140046800206,0.0500005841317,0.089716783755,0.0469636032318,0.000351896538156,0.000126878975974,0.00392230442764
val-gsm8k,52bb4e1ef15551fc,prompt,calibrated_0.05,32,2.0,0.000184770308932,0.0366395334808,0.000130954719803,0.0500005841317,0.089473712037,0.0468431493029,0.000668924615384,0.000257999133625,0.00747621396447
val-gsm8k,52bb4e1ef15551fc,prompt,calibrated_0.05,128,1.001,0.000140638046019,0.0326883306349,0.000140527140388,0.0500005841317,0.0897298136879,0.0469700564482,0.000258163593478,9.24583386352e-05,0.00287712169309
val-gsm8k,52bb4e1ef15551fc,prompt,calibrated_0.05,128,1.05,0.000140638046019,0.0326883306349,0.000140046800206,0.0500005841317,0.089716783755,0.0469636032318,0.000270764444708,9.74603655591e-05,0.00301799098648
val-gsm8k,52bb4e1ef15551fc,prompt,calibrated_0.05,128,2.0,0.000140638046019,0.0326883306349,0.000130954719803,0.0500005841317,0.089473712037,0.0468431493029,0.000514774279336,0.000198390055417,0.00575335780327
val-gsm8k,52bb4e1ef15551fc,answer16,real_base_to_step8,1,1.001,0.0775860802379,0.0769312070438,0.0156979259589,0.00182286986145,0.000464991169647,0.000239926257496,0.000464991169692,0.000239926257535,1.0000000001
val-gsm8k,52bb4e1ef15551fc,answer16,real_base_to_step8,1,1.05,0.0775860802379,0.0769312070438,1.32853972498e-07,0.00182286986145,1.34263842287e-09,8.82228781111e-10,1.34268532485e-09,8.82259267797e-10,1.0000349327
val-gsm8k,52bb4e1ef15551fc,answer16,real_base_to_step8,1,2.0,0.0775860802379,0.0769312070438,0,0.00182286986145,4.69019956366e-14,4.33515235384e-14,0,0,
val-gsm8k,52bb4e1ef15551fc,answer16,real_base_to_step8,4,1.001,0.0132656345718,0.0133525571666,0.0156979259589,0.00182286986145,0.000464991169647,0.000239926257496,0.000239967880618,0.000117949539431,0.516069758487
val-gsm8k,52bb4e1ef15551fc,answer16,real_base_to_step8,4,1.05,0.0132656345718,0.0133525571666,1.32853972498e-07,0.00182286986145,1.34263842287e-09,8.82228781111e-10,1.34268532485e-09,8.82259267797e-10,1.0000349327
val-gsm8k,52bb4e1ef15551fc,answer16,real_base_to_step8,4,2.0,0.0132656345718,0.0133525571666,0,0.00182286986145,4.69019956366e-14,4.33515235384e-14,0,0,
val-gsm8k,52bb4e1ef15551fc,answer16,real_base_to_step8,8,1.001,0.00404718517513,0.00396939181772,0.0156979259589,0.00182286986145,0.000464991169647,0.000239926257496,5.57756275246e-05,2.70698878585e-05,0.119949863923
val-gsm8k,52bb4e1ef15551fc,answer16,real_base_to_step8,8,1.05,0.00404718517513,0.00396939181772,1.32853972498e-07,0.00182286986145,1.34263842287e-09,8.82228781111e-10,1.34268532485e-09,8.82259267797e-10,1.0000349327
val-gsm8k,52bb4e1ef15551fc,answer16,real_base_to_step8,8,2.0,0.00404718517513,0.00396939181772,0,0.00182286986145,4.69019956366e-14,4.33515235384e-14,0,0,
val-gsm8k,52bb4e1ef15551fc,answer16,real_base_to_step8,32,1.001,0.000395890046781,0.000397210860506,0.0156979259589,0.00182286986145,0.000464991169647,0.000239926257496,5.07093684953e-06,2.03711013138e-06,0.0109054476311
val-gsm8k,52bb4e1ef15551fc,answer16,real_base_to_step8,32,1.05,0.000395890046781,0.000397210860506,1.32853972498e-07,0.00182286986145,1.34263842287e-09,8.82228781111e-10,1.34268532485e-09,8.82259267797e-10,1.0000349327
val-gsm8k,52bb4e1ef15551fc,answer16,real_base_to_step8,32,2.0,0.000395890046781,0.000397210860506,0,0.00182286986145,4.69019956366e-14,4.33515235384e-14,0,0,
val-gsm8k,52bb4e1ef15551fc,answer16,real_base_to_step8,128,1.001,6.06624843911e-05,6.09199292583e-05,0.0156979259589,0.00182286986145,0.000464991169647,0.000239926257496,7.0217273278e-07,2.46378032032e-07,0.00151007756408
val-gsm8k,52bb4e1ef15551fc,answer16,real_base_to_step8,128,1.05,6.06624843911e-05,6.09199292583e-05,1.32853972498e-07,0.00182286986145,1.34263842287e-09,8.82228781111e-10,1.34268532485e-09,8.82259267797e-10,1.0000349327
val-gsm8k,52bb4e1ef15551fc,answer16,real_base_to_step8,128,2.0,6.06624843911e-05,6.09199292583e-05,0,0.00182286986145,4.69019956366e-14,4.33515235384e-14,0,0,
val-gsm8k,52bb4e1ef15551fc,answer16,calibrated_0.016,1,1.001,0.0775860802379,0.0827242106054,0.0602769109863,0.0159998971329,0.0148692311864,0.00904923466258,0.00720761595089,0.00420762688861,0.48473359924
val-gsm8k,52bb4e1ef15551fc,answer16,calibrated_0.016,1,1.05,0.0775860802379,0.0827242106054,0.0602302214137,0.0159998971329,0.00936962738775,0.00596337334828,0.00746388091462,0.00482131997021,0.79660381419
val-gsm8k,52bb4e1ef15551fc,answer16,calibrated_0.016,1,2.0,0.0775860802379,0.0827242106054,0,0.0159998971329,6.30577346624e-14,5.79326447903e-14,0,0,
val-gsm8k,52bb4e1ef15551fc,answer16,calibrated_0.016,4,1.001,0.0132656345718,0.0105398714197,0.0602769109863,0.0159998971329,0.0148692311864,0.00904923466258,0.000126528999088,7.60859815263e-05,0.00850945132952
val-gsm8k,52bb4e1ef15551fc,answer16,calibrated_0.016,4,1.05,0.0132656345718,0.0105398714197,0.0602302214137,0.0159998971329,0.00936962738775,0.00596337334828,8.76998737624e-05,5.50904503973e-05,0.00936001722727
val-gsm8k,52bb4e1ef15551fc,answer16,calibrated_0.016,4,2.0,0.0132656345718,0.0105398714197,0,0.0159998971329,6.30577346624e-14,5.79326447903e-14,0,0,
val-gsm8k,52bb4e1ef15551fc,answer16,calibrated_0.016,8,1.001,0.00404718517513,0.00307072609555,0.0602769109863,0.0159998971329,0.0148692311864,0.00904923466258,0.000126528999088,7.60859815263e-05,0.00850945132952
val-gsm8k,52bb4e1ef15551fc,answer16,calibrated_0.016,8,1.05,0.00404718517513,0.00307072609555,0.0602302214137,0.0159998971329,0.00936962738775,0.00596337334828,8.76998737624e-05,5.50904503973e-05,0.00936001722727
val-gsm8k,52bb4e1ef15551fc,answer16,calibrated_0.016,8,2.0,0.00404718517513,0.00307072609555,0,0.0159998971329,6.30577346624e-14,5.79326447903e-14,0,0,
val-gsm8k,52bb4e1ef15551fc,answer16,calibrated_0.016,32,1.001,0.000395890046781,0.000312492874952,0.0602769109863,0.0159998971329,0.0148692311864,0.00904923466258,3.34436254452e-06,1.60702805864e-06,0.00022491832312
val-gsm8k,52bb4e1ef15551fc,answer16,calibrated_0.016,32,1.05,0.000395890046781,0.000312492874952,0.0602302214137,0.0159998971329,0.00936962738775,0.00596337334828,1.73893245213e-06,8.52389722675e-07,0.000185592487317
val-gsm8k,52bb4e1ef15551fc,answer16,calibrated_0.016,32,2.0,0.000395890046781,0.000312492874952,0,0.0159998971329,6.30577346624e-14,5.79326447903e-14,0,0,
val-gsm8k,52bb4e1ef15551fc,answer16,calibrated_0.016,128,1.001,6.06624843911e-05,4.97503266304e-05,0.0602769109863,0.0159998971329,0.0148692311864,0.00904923466258,1.45855176684e-06,6.89400013923e-07,9.80919422504e-05
val-gsm8k,52bb4e1ef15551fc,answer16,calibrated_0.016,128,1.05,6.06624843911e-05,4.97503266304e-05,0.0602302214137,0.0159998971329,0.00936962738775,0.00596337334828,8.32704133171e-07,3.96874323362e-07,8.8872705254e-05
val-gsm8k,52bb4e1ef15551fc,answer16,calibrated_0.016,128,2.0,6.06624843911e-05,4.97503266304e-05,0,0.0159998971329,6.30577346624e-14,5.79326447903e-14,0,0,
val-gsm8k,52bb4e1ef15551fc,answer16,calibrated_0.05,1,1.001,0.0775860802379,0.0973308298597,0.0602768893647,0.0499998448199,0.0473020739017,0.029055781147,0.0182547144052,0.0107752917195,0.3859178446
val-gsm8k,52bb4e1ef15551fc,answer16,calibrated_0.05,1,1.05,0.0775860802379,0.0973308298597,0.0602311382248,0.0499998448199,0.0419081585116,0.0260043522114,0.0191114548412,0.0115277013076,0.456031844872
val-gsm8k,52bb4e1ef15551fc,answer16,calibrated_0.05,1,2.0,0.0775860802379,0.0973308298597,1.41977252498e-07,0.0499998448199,6.52737773321e-08,3.35877476966e-08,6.52738550595e-08,3.35878095325e-08,1.00000119079
val-gsm8k,52bb4e1ef15551fc,answer16,calibrated_0.05,4,1.001,0.0132656345718,0.00760736451516,0.0602768893647,0.0499998448199,0.0473020739017,0.029055781147,0.000413559837432,0.000249031323084,0.00874295360266
val-gsm8k,52bb4e1ef15551fc,answer16,calibrated_0.05,4,1.05,0.0132656345718,0.00760736451516,0.0602311382248,0.0499998448199,0.0419081585116,0.0260043522114,0.000374073303789,0.000227979187994,0.00892602579244
val-gsm8k,52bb4e1ef15551fc,answer16,calibrated_0.05,4,2.0,0.0132656345718,0.00760736451516,1.41977252498e-07,0.0499998448199,6.52737773321e-08,3.35877476966e-08,6.52738550595e-08,3.35878095325e-08,1.00000119079
val-gsm8k,52bb4e1ef15551fc,answer16,calibrated_0.05,8,1.001,0.00404718517513,0.00209049360705,0.0602768893647,0.0499998448199,0.0473020739017,0.029055781147,0.000413559837432,0.000249031323084,0.00874295360266
val-gsm8k,52bb4e1ef15551fc,answer16,calibrated_0.05,8,1.05,0.00404718517513,0.00209049360705,0.0602311382248,0.0499998448199,0.0419081585116,0.0260043522114,0.000374073303789,0.000227979187994,0.00892602579244
val-gsm8k,52bb4e1ef15551fc,answer16,calibrated_0.05,8,2.0,0.00404718517513,0.00209049360705,1.41977252498e-07,0.0499998448199,6.52737773321e-08,3.35877476966e-08,6.52738550595e-08,3.35878095325e-08,1.00000119079
val-gsm8k,52bb4e1ef15551fc,answer16,calibrated_0.05,32,1.001,0.000395890046781,0.000220855236228,0.0602768893647,0.0499998448199,0.0473020739017,0.029055781147,1.03091754632e-05,4.89555151456e-06,0.000217943413741
val-gsm8k,52bb4e1ef15551fc,answer16,calibrated_0.05,32,1.05,0.000395890046781,0.000220855236228,0.0602311382248,0.0499998448199,0.0419081585116,0.0260043522114,8.62334346888e-06,4.11360842723e-06,0.000205767654202
val-gsm8k,52bb4e1ef15551fc,answer16,calibrated_0.05,32,2.0,0.000395890046781,0.000220855236228,1.41977252498e-07,0.0499998448199,6.52737773321e-08,3.35877476966e-08,6.52738550595e-08,3.35878095325e-08,1.00000119079
val-gsm8k,52bb4e1ef15551fc,answer16,calibrated_0.05,128,1.001,6.06624843911e-05,3.7670342954e-05,0.0602768893647,0.0499998448199,0.0473020739017,0.029055781147,4.5398977101e-06,2.11634536638e-06,9.59767159371e-05
val-gsm8k,52bb4e1ef15551fc,answer16,calibrated_0.05,128,1.05,6.06624843911e-05,3.7670342954e-05,0.0602311382248,0.0499998448199,0.0419081585116,0.0260043522114,3.83226724072e-06,1.79186079166e-06,9.14444198176e-05
val-gsm8k,52bb4e1ef15551fc,answer16,calibrated_0.05,128,2.0,6.06624843911e-05,3.7670342954e-05,1.41977252498e-07,0.0499998448199,6.52737773321e-08,3.35877476966e-08,6.52738550595e-08,3.35878095325e-08,1.00000119079
val-gsm8k,52bb4e1ef15551fc,answer32,real_base_to_step8,1,1.001,1.21118258044e-05,1.24006344088e-05,1.03366575338e-05,5.72753033e-07,5.59796041258e-07,3.61121931599e-07,3.19740962029e-07,1.84234966721e-07,0.571174032083
val-gsm8k,52bb4e1ef15551fc,answer32,real_base_to_step8,1,1.05,1.21118258044e-05,1.24006344088e-05,2.65362394681e-06,5.72753033e-07,1.87853628866e-07,1.32795219186e-07,1.87853986138e-07,1.32795471882e-07,1.00000190186
val-gsm8k,52bb4e1ef15551fc,answer32,real_base_to_step8,1,2.0,1.21118258044e-05,1.24006344088e-05,0,5.72753033e-07,3.57274199659e-13,3.57269769333e-13,0,0,
val-gsm8k,52bb4e1ef15551fc,answer32,real_base_to_step8,4,1.001,2.20858729037e-06,2.21838578919e-06,1.03366575338e-05,5.72753033e-07,5.59796041258e-07,3.61121931599e-07,7.69052634781e-09,2.79295791489e-09,0.0137380863404
val-gsm8k,52bb4e1ef15551fc,answer32,real_base_to_step8,4,1.05,2.20858729037e-06,2.21838578919e-06,2.65362394681e-06,5.72753033e-07,1.87853628866e-07,1.32795219186e-07,1.03892166906e-10,5.77426796754e-11,0.000553048495967
val-gsm8k,52bb4e1ef15551fc,answer32,real_base_to_step8,4,2.0,2.20858729037e-06,2.21838578919e-06,0,5.72753033e-07,3.57274199659e-13,3.57269769333e-13,0,0,
val-gsm8k,52bb4e1ef15551fc,answer32,real_base_to_step8,8,1.001,6.06758949592e-07,6.08404047025e-07,1.03366575338e-05,5.72753033e-07,5.59796041258e-07,3.61121931599e-07,6.20341997159e-09,2.67336145658e-09,0.0110815717054
val-gsm8k,52bb4e1ef15551fc,answer32,real_base_to_step8,8,1.05,6.06758949592e-07,6.08404047025e-07,2.65362394681e-06,5.72753033e-07,1.87853628866e-07,1.32795219186e-07,1.03892166906e-10,5.77426796754e-11,0.000553048495967
val-gsm8k,52bb4e1ef15551fc,answer32,real_base_to_step8,8,2.0,6.06758949592e-07,6.08404047025e-07,0,5.72753033e-07,3.57274199659e-13,3.57269769333e-13,0,0,
val-gsm8k,52bb4e1ef15551fc,answer32,real_base_to_step8,32,1.001,8.60477799204e-08,8.69342575394e-08,1.03366575338e-05,5.72753033e-07,5.59796041258e-07,3.61121931599e-07,1.00148478013e-09,1.95913175274e-10,0.00178901726043
val-gsm8k,52bb4e1ef15551fc,answer32,real_base_to_step8,32,1.05,8.60477799204e-08,8.69342575394e-08,2.65362394681e-06,5.72753033e-07,1.87853628866e-07,1.32795219186e-07,4.43003284079e-11,2.42347399564e-11,0.000235823649909
val-gsm8k,52bb4e1ef15551fc,answer32,real_base_to_step8,32,2.0,8.60477799204e-08,8.69342575394e-08,0,5.72753033e-07,3.57274199659e-13,3.57269769333e-13,0,0,
val-gsm8k,52bb4e1ef15551fc,answer32,real_base_to_step8,128,1.001,2.05521769762e-08,2.0856306011e-08,1.03366575338e-05,5.72753033e-07,5.59796041258e-07,3.61121931599e-07,2.90946238034e-10,4.92477180912e-11,0.000519736147793
val-gsm8k,52bb4e1ef15551fc,answer32,real_base_to_step8,128,1.05,2.05521769762e-08,2.0856306011e-08,2.65362394681e-06,5.72753033e-07,1.87853628866e-07,1.32795219186e-07,2.66722220327e-11,1.40307475924e-11,0.000141984065965
val-gsm8k,52bb4e1ef15551fc,answer32,real_base_to_step8,128,2.0,2.05521769762e-08,2.0856306011e-08,0,5.72753033e-07,3.57274199659e-13,3.57269769333e-13,0,0,
val-gsm8k,52bb4e1ef15551fc,answer32,calibrated_0.016,1,1.001,1.21118258044e-05,0.0157245673299,8.23138110588e-09,0.0160003781091,0.0309544306675,0.0216830538496,2.38667201423e-05,1.66541504347e-05,0.000771027592096
val-gsm8k,52bb4e1ef15551fc,answer32,calibrated_0.016,1,1.05,1.21118258044e-05,0.0157245673299,8.2298886814e-09,0.0160003781091,0.0309544298736,0.0216830535706,2.5034891007e-05,1.74722298571e-05,0.000808766018603
val-gsm8k,52bb4e1ef15551fc,answer32,calibrated_0.016,1,2.0,1.21118258044e-05,0.0157245673299,6.14451032805e-09,0.0160003781091,0.030954415185,0.0216830483659,4.76830923503e-05,3.33332524448e-05,0.00154042943682
val-gsm8k,52bb4e1ef15551fc,answer32,calibrated_0.016,4,1.001,2.20858729037e-06,0.0157245116878,8.23138110588e-09,0.0160003781091,0.0309544306675,0.0216830538496,4.35185813097e-06,3.02303533782e-06,0.000140589183426
val-gsm8k,52bb4e1ef15551fc,answer32,calibrated_0.016,4,1.05,2.20858729037e-06,0.0157245116878,8.2298886814e-09,0.0160003781091,0.0309544298736,0.0216830535706,4.56484169044e-06,3.17198003928e-06,0.000147469738873
val-gsm8k,52bb4e1ef15551fc,answer32,calibrated_0.016,4,2.0,2.20858729037e-06,0.0157245116878,6.14451032805e-09,0.0160003781091,0.030954415185,0.0216830483659,8.69410548501e-06,6.05994530887e-06,0.000280868025872
val-gsm8k,52bb4e1ef15551fc,answer32,calibrated_0.016,8,1.001,6.06758949592e-07,0.0157244929851,8.23138110588e-09,0.0160003781091,0.0309544306675,0.0216830538496,1.19557082302e-06,8.24895360085e-07,3.86235765684e-05
val-gsm8k,52bb4e1ef15551fc,answer32,calibrated_0.016,8,1.05,6.06758949592e-07,0.0157244929851,8.2298886814e-09,0.0160003781091,0.0309544298736,0.0216830535706,1.2540795989e-06,8.65612616018e-07,4.05137359668e-05
val-gsm8k,52bb4e1ef15551fc,answer32,calibrated_0.016,8,2.0,6.06758949592e-07,0.0157244929851,6.14451032805e-09,0.0160003781091,0.030954415185,0.0216830483659,2.38842412184e-06,1.65525275059e-06,7.7159400608e-05
val-gsm8k,52bb4e1ef15551fc,answer32,calibrated_0.016,32,1.001,8.60477799204e-08,0.0157244840824,8.23138110588e-09,0.0160003781091,0.0309544306675,0.0216830538496,1.696910142e-07,1.12409400442e-07,5.48196205005e-06
val-gsm8k,52bb4e1ef15551fc,answer32,calibrated_0.016,32,1.05,8.60477799204e-08,0.0157244840824,8.2298886814e-09,0.0160003781091,0.0309544298736,0.0216830535706,1.77995598015e-07,1.17952356253e-07,5.75024636996e-06
val-gsm8k,52bb4e1ef15551fc,answer32,calibrated_0.016,32,2.0,8.60477799204e-08,0.0157244840824,6.14451032805e-09,0.0160003781091,0.030954415185,0.0216830483659,3.38993545846e-07,2.25612096398e-07,1.09513794339e-05
val-gsm8k,52bb4e1ef15551fc,answer32,calibrated_0.016,128,1.001,2.05521769762e-08,0.0157235671132,8.23138110588e-09,0.0160003781091,0.0309544306675,0.0216830538496,4.04896525999e-08,2.65985266216e-08,1.30804061735e-06
val-gsm8k,52bb4e1ef15551fc,answer32,calibrated_0.016,128,1.05,2.05521769762e-08,0.0157235671132,8.2298886814e-09,0.0160003781091,0.0309544298736,0.0216830535706,4.24712565498e-08,2.79088581746e-08,1.37205746393e-06
val-gsm8k,52bb4e1ef15551fc,answer32,calibrated_0.016,128,2.0,2.05521769762e-08,0.0157235671132,6.14451032805e-09,0.0160003781091,0.030954415185,0.0216830483659,8.0886170516e-08,5.33940094922e-08,2.61307377422e-06
val-gsm8k,52bb4e1ef15551fc,answer32,calibrated_0.05,1,1.001,1.21118258044e-05,0.0486171917812,8.2307875827e-09,0.0499968424443,0.0925069764606,0.0649946846684,2.30747602077e-05,1.61570893779e-05,0.000249438054194
val-gsm8k,52bb4e1ef15551fc,answer32,calibrated_0.05,1,1.05,1.21118258044e-05,0.0486171917812,8.22789674244e-09,0.0499968424443,0.0925069756935,0.064994684409,2.42039545143e-05,1.69502262896e-05,0.000261644641746
val-gsm8k,52bb4e1ef15551fc,answer32,calibrated_0.05,1,2.0,1.21118258044e-05,0.0486171917812,6.14450948739e-09,0.0499968424443,0.0925069617949,0.064994679583,4.60964664378e-05,3.23276418597e-05,0.000498302674127
val-gsm8k,52bb4e1ef15551fc,answer32,calibrated_0.05,4,1.001,2.20858729037e-06,0.0486171464102,8.2307875827e-09,0.0499968424443,0.0925069764606,0.0649946846684,4.20905076238e-06,2.9337037442e-06,4.54998198344e-05
val-gsm8k,52bb4e1ef15551fc,answer32,calibrated_0.05,4,1.05,2.20858729037e-06,0.0486171464102,8.22789674244e-09,0.0499968424443,0.0925069756935,0.064994684409,4.41496476391e-06,3.07811651837e-06,4.77257496617e-05
val-gsm8k,52bb4e1ef15551fc,answer32,calibrated_0.05,4,2.0,2.20858729037e-06,0.0486171464102,6.14450948739e-09,0.0499968424443,0.0925069617949,0.064994679583,8.40714424391e-06,5.87820706284e-06,9.08812059199e-05
val-gsm8k,52bb4e1ef15551fc,answer32,calibrated_0.05,8,1.001,6.06758949592e-07,0.0486171297437,8.2307875827e-09,0.0499968424443,0.0925069764606,0.0649946846684,1.15703456198e-06,8.00815271538e-07,1.25075384176e-05
val-gsm8k,52bb4e1ef15551fc,answer32,calibrated_0.05,8,1.05,6.06758949592e-07,0.0486171297437,8.22789674244e-09,0.0499968424443,0.0925069756935,0.064994684409,1.21362848676e-06,8.40301703747e-07,1.31193185991e-05
val-gsm8k,52bb4e1ef15551fc,answer32,calibrated_0.05,8,2.0,6.06758949592e-07,0.0486171297437,6.14450948739e-09,0.0499968424443,0.0925069617949,0.064994679583,2.31082689237e-06,1.60607507051e-06,2.49800322866e-05
val-gsm8k,52bb4e1ef15551fc,answer32,calibrated_0.05,32,1.001,8.60477799204e-08,0.0486171216618,8.2307875827e-09,0.0499968424443,0.0925069764606,0.0649946846684,1.6468913476e-07,1.09308032688e-07,1.78028880697e-06
val-gsm8k,52bb4e1ef15551fc,answer32,calibrated_0.05,32,1.05,8.60477799204e-08,0.0486171216618,8.22789674244e-09,0.0499968424443,0.0925069756935,0.064994684409,1.72745169033e-07,1.14693515197e-07,1.86737451677e-06
val-gsm8k,52bb4e1ef15551fc,answer32,calibrated_0.05,32,2.0,8.60477799204e-08,0.0486171216618,6.14450948739e-09,0.0499968424443,0.0925069617949,0.064994679583,3.2890284287e-07,2.19297509965e-07,3.55543881767e-06
val-gsm8k,52bb4e1ef15551fc,answer32,calibrated_0.05,128,1.001,2.05521769762e-08,0.048615913662,8.2307875827e-09,0.0499968424443,0.0925069764606,0.0649946846684,3.93311761261e-08,2.58776078423e-08,4.25169837249e-07
val-gsm8k,52bb4e1ef15551fc,answer32,calibrated_0.05,128,1.05,2.05521769762e-08,0.048615913662,8.22789674244e-09,0.0499968424443,0.0925069756935,0.064994684409,4.12553228738e-08,2.7151374644e-08,4.45969858646e-07
val-gsm8k,52bb4e1ef15551fc,answer32,calibrated_0.05,128,2.0,2.05521769762e-08,0.048615913662,6.14450948739e-09,0.0499968424443,0.0925069617949,0.064994679583,7.85475263519e-08,5.19244116807e-08,8.49098541642e-07
val-gsm8k,52bb4e1ef15551fc,answer64,real_base_to_step8,1,1.001,0.388309540382,0.389246230436,0.125099310552,0.0061441808033,0.00516228028408,0.00323434776679,0.004941767628,0.00302804315076,0.957283866055
val-gsm8k,52bb4e1ef15551fc,answer64,real_base_to_step8,1,1.05,0.388309540382,0.389246230436,0,0.0061441808033,4.6684689577e-14,3.13762197103e-14,0,0,
val-gsm8k,52bb4e1ef15551fc,answer64,real_base_to_step8,1,2.0,0.388309540382,0.389246230436,0,0.0061441808033,4.6684689577e-14,3.13762197103e-14,0,0,
val-gsm8k,52bb4e1ef15551fc,answer64,real_base_to_step8,4,1.001,0.0054751444914,0.00535502273145,0.125099310552,0.0061441808033,0.00516228028408,0.00323434776679,7.7275643364e-06,3.91998896205e-06,0.00149692847175
val-gsm8k,52bb4e1ef15551fc,answer64,real_base_to_step8,4,1.05,0.0054751444914,0.00535502273145,0,0.0061441808033,4.6684689577e-14,3.13762197103e-14,0,0,
val-gsm8k,52bb4e1ef15551fc,answer64,real_base_to_step8,4,2.0,0.0054751444914,0.00535502273145,0,0.0061441808033,4.6684689577e-14,3.13762197103e-14,0,0,
val-gsm8k,52bb4e1ef15551fc,answer64,real_base_to_step8,8,1.001,0.000314710780945,0.000311774576518,0.125099310552,0.0061441808033,0.00516228028408,0.00323434776679,1.96619925907e-06,8.71051676432e-07,0.000380878052116
val-gsm8k,52bb4e1ef15551fc,answer64,real_base_to_step8,8,1.05,0.000314710780945,0.000311774576518,0,0.0061441808033,4.6684689577e-14,3.13762197103e-14,0,0,
val-gsm8k,52bb4e1ef15551fc,answer64,real_base_to_step8,8,2.0,0.000314710780945,0.000311774576518,0,0.0061441808033,4.6684689577e-14,3.13762197103e-14,0,0,
val-gsm8k,52bb4e1ef15551fc,answer64,real_base_to_step8,32,1.001,3.75023575162e-05,3.69329377637e-05,0.125099310552,0.0061441808033,0.00516228028408,0.00323434776679,6.82396688707e-08,2.59915861058e-08,1.3218900392e-05
val-gsm8k,52bb4e1ef15551fc,answer64,real_base_to_step8,32,1.05,3.75023575162e-05,3.69329377637e-05,0,0.0061441808033,4.6684689577e-14,3.13762197103e-14,0,0,
val-gsm8k,52bb4e1ef15551fc,answer64,real_base_to_step8,32,2.0,3.75023575162e-05,3.69329377637e-05,0,0.0061441808033,4.6684689577e-14,3.13762197103e-14,0,0,
val-gsm8k,52bb4e1ef15551fc,answer64,real_base_to_step8,128,1.001,4.57733505538e-06,4.52173607745e-06,0.125099310552,0.0061441808033,0.00516228028408,0.00323434776679,1.16617648107e-08,4.26939898955e-09,2.25903363804e-06
val-gsm8k,52bb4e1ef15551fc,answer64,real_base_to_step8,128,1.05,4.57733505538e-06,4.52173607745e-06,0,0.0061441808033,4.6684689577e-14,3.13762197103e-14,0,0,
val-gsm8k,52bb4e1ef15551fc,answer64,real_base_to_step8,128,2.0,4.57733505538e-06,4.52173607745e-06,0,0.0061441808033,4.6684689577e-14,3.13762197103e-14,0,0,
val-gsm8k,52bb4e1ef15551fc,answer64,calibrated_0.016,1,1.001,0.388309540382,0.38438087598,0.741385361331,0.0160002553152,0.00591981158786,0.00359160701135,0.00678570293284,0.00423188611699,1.14627008514
val-gsm8k,52bb4e1ef15551fc,answer64,calibrated_0.016,1,1.05,0.388309540382,0.38438087598,3.47185776663e-08,0.0160002553152,4.40832479597e-10,2.52541480894e-10,4.40854659485e-10,2.52550282675e-10,1.00005031364
val-gsm8k,52bb4e1ef15551fc,answer64,calibrated_0.016,1,2.0,0.388309540382,0.38438087598,0,0.0160002553152,2.21798896333e-14,1.4955843653e-14,0,0,
val-gsm8k,52bb4e1ef15551fc,answer64,calibrated_0.016,4,1.001,0.0054751444914,0.00554481838364,0.741385361331,0.0160002553152,0.00591981158786,0.00359160701135,6.84842265842e-05,4.15146697083e-05,0.0115686497058
val-gsm8k,52bb4e1ef15551fc,answer64,calibrated_0.016,4,1.05,0.0054751444914,0.00554481838364,3.47185776663e-08,0.0160002553152,4.40832479597e-10,2.52541480894e-10,4.40854659485e-10,2.52550282675e-10,1.00005031364
val-gsm8k,52bb4e1ef15551fc,answer64,calibrated_0.016,4,2.0,0.0054751444914,0.00554481838364,0,0.0160002553152,2.21798896333e-14,1.4955843653e-14,0,0,
val-gsm8k,52bb4e1ef15551fc,answer64,calibrated_0.016,8,1.001,0.000314710780945,0.000316081267817,0.741385361331,0.0160002553152,0.00591981158786,0.00359160701135,3.88034716534e-06,1.29831055809e-06,0.000655484909908
val-gsm8k,52bb4e1ef15551fc,answer64,calibrated_0.016,8,1.05,0.000314710780945,0.000316081267817,3.47185776663e-08,0.0160002553152,4.40832479597e-10,2.52541480894e-10,4.40854659485e-10,2.52550282675e-10,1.00005031364
val-gsm8k,52bb4e1ef15551fc,answer64,calibrated_0.016,8,2.0,0.000314710780945,0.000316081267817,0,0.0160002553152,2.21798896333e-14,1.4955843653e-14,0,0,
val-gsm8k,52bb4e1ef15551fc,answer64,calibrated_0.016,32,1.001,3.75023575162e-05,3.76510186943e-05,0.741385361331,0.0160002553152,0.00591981158786,0.00359160701135,4.85508559297e-07,1.38662310671e-07,8.20141911767e-05
val-gsm8k,52bb4e1ef15551fc,answer64,calibrated_0.016,32,1.05,3.75023575162e-05,3.76510186943e-05,3.47185776663e-08,0.0160002553152,4.40832479597e-10,2.52541480894e-10,4.40854659485e-10,2.52550282675e-10,1.00005031364
val-gsm8k,52bb4e1ef15551fc,answer64,calibrated_0.016,32,2.0,3.75023575162e-05,3.76510186943e-05,0,0.0160002553152,2.21798896333e-14,1.4955843653e-14,0,0,
val-gsm8k,52bb4e1ef15551fc,answer64,calibrated_0.016,128,1.001,4.57733505538e-06,4.59917995738e-06,0.741385361331,0.0160002553152,0.00591981158786,0.00359160701135,5.97915940014e-08,1.52163022617e-08,1.01002528736e-05
val-gsm8k,52bb4e1ef15551fc,answer64,calibrated_0.016,128,1.05,4.57733505538e-06,4.59917995738e-06,3.47185776663e-08,0.0160002553152,4.40832479597e-10,2.52541480894e-10,4.40854659485e-10,2.52550282675e-10,1.00005031364
val-gsm8k,52bb4e1ef15551fc,answer64,calibrated_0.016,128,2.0,4.57733505538e-06,4.59917995738e-06,0,0.0160002553152,2.21798896333e-14,1.4955843653e-14,0,0,
val-gsm8k,52bb4e1ef15551fc,answer64,calibrated_0.05,1,1.001,0.388309540382,0.376638002238,0.741385448066,0.049998833703,0.0190854259598,0.0115442781528,0.0221714101084,0.0138933031421,1.16169322891
val-gsm8k,52bb4e1ef15551fc,answer64,calibrated_0.05,1,1.05,0.388309540382,0.376638002238,0.126453615338,0.049998833703,0.011518063511,0.00720570632401,0.0115180635111,0.00720570632402,1
val-gsm8k,52bb4e1ef15551fc,answer64,calibrated_0.05,1,2.0,0.388309540382,0.376638002238,0,0.049998833703,1.26477378919e-14,8.56593006237e-15,0,0,
val-gsm8k,52bb4e1ef15551fc,answer64,calibrated_0.05,4,1.001,0.0054751444914,0.00569486254015,0.741385448066,0.049998833703,0.0190854259598,0.0115442781528,0.000219015012833,0.000133177830047,0.0114755108581
val-gsm8k,52bb4e1ef15551fc,answer64,calibrated_0.05,4,1.05,0.0054751444914,0.00569486254015,0.126453615338,0.049998833703,0.011518063511,0.00720570632401,0.00019284756711,0.000114539466827,0.0167430546745
val-gsm8k,52bb4e1ef15551fc,answer64,calibrated_0.05,4,2.0,0.0054751444914,0.00569486254015,0,0.049998833703,1.26477378919e-14,8.56593006237e-15,0,0,
val-gsm8k,52bb4e1ef15551fc,answer64,calibrated_0.05,8,1.001,0.000314710780945,0.000318878490785,0.741385448066,0.049998833703,0.0190854259598,0.0115442781528,1.2286941957e-05,4.06025387155e-06,0.000643786624562
val-gsm8k,52bb4e1ef15551fc,answer64,calibrated_0.05,8,1.05,0.000314710780945,0.000318878490785,0.126453615338,0.049998833703,0.011518063511,0.00720570632401,4.88049739541e-06,2.0719326522e-06,0.000423725515207
val-gsm8k,52bb4e1ef15551fc,answer64,calibrated_0.05,8,2.0,0.000314710780945,0.000318878490785,0,0.049998833703,1.26477378919e-14,8.56593006237e-15,0,0,
val-gsm8k,52bb4e1ef15551fc,answer64,calibrated_0.05,32,1.001,3.75023575162e-05,3.79545385244e-05,0.741385448066,0.049998833703,0.0190854259598,0.0115442781528,1.53814413884e-06,4.26468401245e-07,8.05926020244e-05
val-gsm8k,52bb4e1ef15551fc,answer64,calibrated_0.05,32,1.05,3.75023575162e-05,3.79545385244e-05,0.126453615338,0.049998833703,0.011518063511,0.00720570632401,4.75624879871e-07,1.68786346498e-07,4.12938233423e-05
val-gsm8k,52bb4e1ef15551fc,answer64,calibrated_0.05,32,2.0,3.75023575162e-05,3.79545385244e-05,0,0.049998833703,1.26477378919e-14,8.56593006237e-15,0,0,
val-gsm8k,52bb4e1ef15551fc,answer64,calibrated_0.05,128,1.001,4.57733505538e-06,4.64500086728e-06,0.741385448066,0.049998833703,0.0190854259598,0.0115442781528,1.89302925488e-07,4.6444063615e-08,9.91871629625e-06
val-gsm8k,52bb4e1ef15551fc,answer64,calibrated_0.05,128,1.05,4.57733505538e-06,4.64500086728e-06,0.126453615338,0.049998833703,0.011518063511,0.00720570632401,7.38439416225e-08,2.58024436932e-08,6.41114207711e-06
val-gsm8k,52bb4e1ef15551fc,answer64,calibrated_0.05,128,2.0,4.57733505538e-06,4.64500086728e-06,0,0.049998833703,1.26477378919e-14,8.56593006237e-15,0,0,
val-gsm8k,52bb4e1ef15551fc,answer128,real_base_to_step8,1,1.001,0.411752210323,0.407341508596,0.644138074086,0.00976405102714,0.00296470826312,0.00172474322614,0.000747070171427,0.000429359288308,0.251987752293
val-gsm8k,52bb4e1ef15551fc,answer128,real_base_to_step8,1,1.05,0.411752210323,0.407341508596,1.2454457054e-05,0.00976405102714,7.29281272894e-07,4.30112965849e-07,7.29281260735e-07,4.30112961502e-07,0.999999983327
val-gsm8k,52bb4e1ef15551fc,answer128,real_base_to_step8,1,2.0,0.411752210323,0.407341508596,0,0.00976405102714,1.21597981505e-14,7.89863612921e-15,0,0,
val-gsm8k,52bb4e1ef15551fc,answer128,real_base_to_step8,4,1.001,0.0100268000199,0.00997769568952,0.644138074086,0.00976405102714,0.00296470826312,0.00172474322614,6.41040819545e-05,3.1790218855e-05,0.0216223912322
val-gsm8k,52bb4e1ef15551fc,answer128,real_base_to_step8,4,1.05,0.0100268000199,0.00997769568952,1.2454457054e-05,0.00976405102714,7.29281272894e-07,4.30112965849e-07,7.29281260735e-07,4.30112961502e-07,0.999999983327
val-gsm8k,52bb4e1ef15551fc,answer128,real_base_to_step8,4,2.0,0.0100268000199,0.00997769568952,0,0.00976405102714,1.21597981505e-14,7.89863612921e-15,0,0,
val-gsm8k,52bb4e1ef15551fc,answer128,real_base_to_step8,8,1.001,0.00135336666787,0.00135307495815,0.644138074086,0.00976405102714,0.00296470826312,0.00172474322614,1.39911411215e-05,5.24670107951e-06,0.00471923031871
val-gsm8k,52bb4e1ef15551fc,answer128,real_base_to_step8,8,1.05,0.00135336666787,0.00135307495815,1.2454457054e-05,0.00976405102714,7.29281272894e-07,4.30112965849e-07,7.29281260735e-07,4.30112961502e-07,0.999999983327
val-gsm8k,52bb4e1ef15551fc,answer128,real_base_to_step8,8,2.0,0.00135336666787,0.00135307495815,0,0.00976405102714,1.21597981505e-14,7.89863612921e-15,0,0,
val-gsm8k,52bb4e1ef15551fc,answer128,real_base_to_step8,32,1.001,0.000645292815135,0.00064391554994,0.644138074086,0.00976405102714,0.00296470826312,0.00172474322614,3.84365559115e-06,1.27629262547e-06,0.00129647009082
val-gsm8k,52bb4e1ef15551fc,answer128,real_base_to_step8,32,1.05,0.000645292815135,0.00064391554994,1.2454457054e-05,0.00976405102714,7.29281272894e-07,4.30112965849e-07,1.10913873439e-08,6.36935657041e-09,0.0152086550911
val-gsm8k,52bb4e1ef15551fc,answer128,real_base_to_step8,32,2.0,0.000645292815135,0.00064391554994,0,0.00976405102714,1.21597981505e-14,7.89863612921e-15,0,0,
val-gsm8k,52bb4e1ef15551fc,answer128,real_base_to_step8,128,1.001,0.000319191913242,0.000318608545076,0.644138074086,0.00976405102714,0.00296470826312,0.00172474322614,1.64680765913e-06,5.36852674207e-07,0.000555470391342
val-gsm8k,52bb4e1ef15551fc,answer128,real_base_to_step8,128,1.05,0.000319191913242,0.000318608545076,1.2454457054e-05,0.00976405102714,7.29281272894e-07,4.30112965849e-07,1.10913873439e-08,6.36935657041e-09,0.0152086550911
val-gsm8k,52bb4e1ef15551fc,answer128,real_base_to_step8,128,2.0,0.000319191913242,0.000318608545076,0,0.00976405102714,1.21597981505e-14,7.89863612921e-15,0,0,
val-gsm8k,52bb4e1ef15551fc,answer128,calibrated_0.016,1,1.001,0.411752210323,0.416420710661,0.293673735214,0.0159996528293,0.0108137829845,0.00589213479737,0.00722161380343,0.00359787704871,0.667815676879
val-gsm8k,52bb4e1ef15551fc,answer128,calibrated_0.016,1,1.05,0.411752210323,0.416420710661,0.0502792034362,0.0159996528293,0.000991759794953,0.000554025536879,0.000991759794952,0.000554025536878,0.999999999998
val-gsm8k,52bb4e1ef15551fc,answer128,calibrated_0.016,1,2.0,0.411752210323,0.416420710661,0,0.0159996528293,1.73183904987e-15,1.10604419774e-15,0,0,
val-gsm8k,52bb4e1ef15551fc,answer128,calibrated_0.016,4,1.001,0.0100268000199,0.0103044012638,0.293673735214,0.0159996528293,0.0108137829845,0.00589213479737,0.000226055509597,8.82569909608e-05,0.0209043874766
val-gsm8k,52bb4e1ef15551fc,answer128,calibrated_0.016,4,1.05,0.0100268000199,0.0103044012638,0.0502792034362,0.0159996528293,0.000991759794953,0.000554025536879,0.000111876978086,3.82187447848e-05,0.112806527
val-gsm8k,52bb4e1ef15551fc,answer128,calibrated_0.016,4,2.0,0.0100268000199,0.0103044012638,0,0.0159996528293,1.73183904987e-15,1.10604419774e-15,0,0,
val-gsm8k,52bb4e1ef15551fc,answer128,calibrated_0.016,8,1.001,0.00135336666787,0.00142637647383,0.293673735214,0.0159996528293,0.0108137829845,0.00589213479737,8.43356756514e-05,1.51329234746e-05,0.00779890587523
val-gsm8k,52bb4e1ef15551fc,answer128,calibrated_0.016,8,1.05,0.00135336666787,0.00142637647383,0.0502792034362,0.0159996528293,0.000991759794953,0.000554025536879,8.84287145633e-05,2.83783523327e-05,0.0891634395882
val-gsm8k,52bb4e1ef15551fc,answer128,calibrated_0.016,8,2.0,0.00135336666787,0.00142637647383,0,0.0159996528293,1.73183904987e-15,1.10604419774e-15,0,0,
val-gsm8k,52bb4e1ef15551fc,answer128,calibrated_0.016,32,1.001,0.000645292815135,0.000673916744171,0.293673735214,0.0159996528293,0.0108137829845,0.00589213479737,4.19544063402e-05,7.36838117303e-06,0.00387971595141
val-gsm8k,52bb4e1ef15551fc,answer128,calibrated_0.016,32,1.05,0.000645292815135,0.000673916744171,0.0502792034362,0.0159996528293,0.000991759794953,0.000554025536879,4.01654044747e-05,1.31877278123e-05,0.0404991255736
val-gsm8k,52bb4e1ef15551fc,answer128,calibrated_0.016,32,2.0,0.000645292815135,0.000673916744171,0,0.0159996528293,1.73183904987e-15,1.10604419774e-15,0,0,
val-gsm8k,52bb4e1ef15551fc,answer128,calibrated_0.016,128,1.001,0.000319191913242,0.000333474327887,0.293673735214,0.0159996528293,0.0108137829845,0.00589213479737,1.86987179706e-05,2.84581650521e-06,0.00172915602221
val-gsm8k,52bb4e1ef15551fc,answer128,calibrated_0.016,128,1.05,0.000319191913242,0.000333474327887,0.0502792034362,0.0159996528293,0.000991759794953,0.000554025536879,1.78289680288e-05,5.75757150884e-06,0.017977103044
val-gsm8k,52bb4e1ef15551fc,answer128,calibrated_0.016,128,2.0,0.000319191913242,0.000333474327887,0,0.0159996528293,1.73183904987e-15,1.10604419774e-15,0,0,
val-gsm8k,52bb4e1ef15551fc,answer128,calibrated_0.05,1,1.001,0.411752210323,0.426851580766,0.293674165427,0.0499998883475,0.0341198140598,0.0186346135349,0.0215893958973,0.0108270844357,0.63275244875
val-gsm8k,52bb4e1ef15551fc,answer128,calibrated_0.05,1,1.05,0.411752210323,0.426851580766,0.287676256131,0.0499998883475,0.0147096274223,0.00899228714528,0.0147096274223,0.00899228714528,1
val-gsm8k,52bb4e1ef15551fc,answer128,calibrated_0.05,1,2.0,0.411752210323,0.426851580766,2.88008825944e-05,0.0499998883475,4.99884109767e-06,2.25008516933e-06,4.99884109187e-06,2.25008516672e-06,0.99999999884
val-gsm8k,52bb4e1ef15551fc,answer128,calibrated_0.05,4,1.001,0.0100268000199,0.0109409798137,0.293674165427,0.0499998883475,0.0341198140598,0.0186346135349,0.000725363089524,0.000288255746442,0.0212592919836
val-gsm8k,52bb4e1ef15551fc,answer128,calibrated_0.05,4,1.05,0.0100268000199,0.0109409798137,0.287676256131,0.0499998883475,0.0147096274223,0.00899228714528,0.00076036651541,0.000276561040185,0.0516917589806
val-gsm8k,52bb4e1ef15551fc,answer128,calibrated_0.05,4,2.0,0.0100268000199,0.0109409798137,2.88008825944e-05,0.0499998883475,4.99884109767e-06,2.25008516933e-06,4.99884109187e-06,2.25008516672e-06,0.99999999884
val-gsm8k,52bb4e1ef15551fc,answer128,calibrated_0.05,8,1.001,0.00135336666787,0.00162327226776,0.293674165427,0.0499998883475,0.0341198140598,0.0186346135349,0.000260388731582,4.54706512974e-05,0.00763159878673
val-gsm8k,52bb4e1ef15551fc,answer128,calibrated_0.05,8,1.05,0.00135336666787,0.00162327226776,0.287676256131,0.0499998883475,0.0147096274223,0.00899228714528,0.000273107769256,5.53481800888e-05,0.0185666000514
val-gsm8k,52bb4e1ef15551fc,answer128,calibrated_0.05,8,2.0,0.00135336666787,0.00162327226776,2.88008825944e-05,0.0499998883475,4.99884109767e-06,2.25008516933e-06,4.99884109187e-06,2.25008516672e-06,0.99999999884
val-gsm8k,52bb4e1ef15551fc,answer128,calibrated_0.05,32,1.001,0.000645292815135,0.000752734057247,0.293674165427,0.0499998883475,0.0341198140598,0.0186346135349,0.000128600444552,2.13656562315e-05,0.00376908397938
val-gsm8k,52bb4e1ef15551fc,answer128,calibrated_0.05,32,1.05,0.000645292815135,0.000752734057247,0.287676256131,0.0499998883475,0.0147096274223,0.00899228714528,0.000134887461726,2.79593083799e-05,0.00917001211883
val-gsm8k,52bb4e1ef15551fc,answer128,calibrated_0.05,32,2.0,0.000645292815135,0.000752734057247,2.88008825944e-05,0.0499998883475,4.99884109767e-06,2.25008516933e-06,3.2930365756e-06,1.70294829882e-06,0.658760002819
val-gsm8k,52bb4e1ef15551fc,answer128,calibrated_0.05,128,1.001,0.000319191913242,0.000371116233852,0.293674165427,0.0499998883475,0.0341198140598,0.0186346135349,5.70366759254e-05,8.07573109234e-06,0.00167165846289
val-gsm8k,52bb4e1ef15551fc,answer128,calibrated_0.05,128,1.05,0.000319191913242,0.000371116233852,0.287676256131,0.0499998883475,0.0147096274223,0.00899228714528,5.98267675306e-05,1.12767500455e-05,0.0040671844237
val-gsm8k,52bb4e1ef15551fc,answer128,calibrated_0.05,128,2.0,0.000319191913242,0.000371116233852,2.88008825944e-05,0.0499998883475,4.99884109767e-06,2.25008516933e-06,3.15292353254e-07,1.17168459668e-07,0.0630730897609
val-gsm8k,52bb4e1ef15551fc,answer256,real_base_to_step8,1,1.001,0.579940118765,0.583912123773,0.153120443832,0.0247201160582,0.0207599538535,0.0114497557548,0.0199919169208,0.0106731305169,0.963003919076
val-gsm8k,52bb4e1ef15551fc,answer256,real_base_to_step8,1,1.05,0.579940118765,0.583912123773,0.130886733688,0.0247201160582,0.00964059738215,0.00542905098612,0.00964059738215,0.00542905098612,1
val-gsm8k,52bb4e1ef15551fc,answer256,real_base_to_step8,1,2.0,0.579940118765,0.583912123773,0,0.0247201160582,5.63320540109e-16,2.57221506852e-16,0,0,
val-gsm8k,52bb4e1ef15551fc,answer256,real_base_to_step8,4,1.001,0.266984397869,0.263622082333,0.153120443832,0.0247201160582,0.0207599538535,0.0114497557548,0.00138585262533,0.00042846950069,0.0667560551967
val-gsm8k,52bb4e1ef15551fc,answer256,real_base_to_step8,4,1.05,0.266984397869,0.263622082333,0.130886733688,0.0247201160582,0.00964059738215,0.00542905098612,4.91405216435e-05,1.61614185258e-05,0.00509724861392
val-gsm8k,52bb4e1ef15551fc,answer256,real_base_to_step8,4,2.0,0.266984397869,0.263622082333,0,0.0247201160582,5.63320540109e-16,2.57221506852e-16,0,0,
val-gsm8k,52bb4e1ef15551fc,answer256,real_base_to_step8,8,1.001,0.0508903064826,0.0510554006456,0.153120443832,0.0247201160582,0.0207599538535,0.0114497557548,0.00126542172889,0.000377041788072,0.0609549393905
val-gsm8k,52bb4e1ef15551fc,answer256,real_base_to_step8,8,1.05,0.0508903064826,0.0510554006456,0.130886733688,0.0247201160582,0.00964059738215,0.00542905098612,4.91405216435e-05,1.61614185258e-05,0.00509724861392
val-gsm8k,52bb4e1ef15551fc,answer256,real_base_to_step8,8,2.0,0.0508903064826,0.0510554006456,0,0.0247201160582,5.63320540109e-16,2.57221506852e-16,0,0,
val-gsm8k,52bb4e1ef15551fc,answer256,real_base_to_step8,32,1.001,0.0048621452283,0.00492004265048,0.153120443832,0.0247201160582,0.0207599538535,0.0114497557548,0.000102517426287,1.78191785789e-05,0.0049382299696
val-gsm8k,52bb4e1ef15551fc,answer256,real_base_to_step8,32,1.05,0.0048621452283,0.00492004265048,0.130886733688,0.0247201160582,0.00964059738215,0.00542905098612,1.6302027561e-05,5.28886068624e-06,0.00169097690888
val-gsm8k,52bb4e1ef15551fc,answer256,real_base_to_step8,32,2.0,0.0048621452283,0.00492004265048,0,0.0247201160582,5.63320540109e-16,2.57221506852e-16,0,0,
val-gsm8k,52bb4e1ef15551fc,answer256,real_base_to_step8,128,1.001,0.0013166928685,0.00133298994638,0.153120443832,0.0247201160582,0.0207599538535,0.0114497557548,2.35133645955e-05,2.80257830807e-06,0.00113263087006
val-gsm8k,52bb4e1ef15551fc,answer256,real_base_to_step8,128,1.05,0.0013166928685,0.00133298994638,0.130886733688,0.0247201160582,0.00964059738215,0.00542905098612,1.71740368652e-06,4.38961336027e-07,0.000178142870037
val-gsm8k,52bb4e1ef15551fc,answer256,real_base_to_step8,128,2.0,0.0013166928685,0.00133298994638,0,0.0247201160582,5.63320540109e-16,2.57221506852e-16,0,0,
val-gsm8k,52bb4e1ef15551fc,answer256,calibrated_0.016,1,1.001,0.579940118765,0.582951940364,0.366071585749,0.0160002953977,0.01019034634,0.00434120639002,0.00907849751261,0.00353732358355,0.890891949079
val-gsm8k,52bb4e1ef15551fc,answer256,calibrated_0.016,1,1.05,0.579940118765,0.582951940364,0.00169288397287,0.0160002953977,0.000124942429425,4.87787824723e-05,0.000124942429429,4.87787824732e-05,1.00000000003
val-gsm8k,52bb4e1ef15551fc,answer256,calibrated_0.016,1,2.0,0.579940118765,0.582951940364,0,0.0160002953977,3.3351114908e-15,1.56319370297e-15,0,0,
val-gsm8k,52bb4e1ef15551fc,answer256,calibrated_0.016,4,1.001,0.266984397869,0.266976158891,0.366071585749,0.0160002953977,0.01019034634,0.00434120639002,0.0043239128502,0.00170537081511,0.424314611687
val-gsm8k,52bb4e1ef15551fc,answer256,calibrated_0.016,4,1.05,0.266984397869,0.266976158891,0.00169288397287,0.0160002953977,0.000124942429425,4.87787824723e-05,0.000124942429429,4.87787824732e-05,1.00000000003
val-gsm8k,52bb4e1ef15551fc,answer256,calibrated_0.016,4,2.0,0.266984397869,0.266976158891,0,0.0160002953977,3.3351114908e-15,1.56319370297e-15,0,0,
val-gsm8k,52bb4e1ef15551fc,answer256,calibrated_0.016,8,1.001,0.0508903064826,0.0515539828665,0.366071585749,0.0160002953977,0.01019034634,0.00434120639002,0.00119036502867,0.000280826083794,0.116813009976
val-gsm8k,52bb4e1ef15551fc,answer256,calibrated_0.016,8,1.05,0.0508903064826,0.0515539828665,0.00169288397287,0.0160002953977,0.000124942429425,4.87787824723e-05,0.000124942429429,4.87787824732e-05,1.00000000003
val-gsm8k,52bb4e1ef15551fc,answer256,calibrated_0.016,8,2.0,0.0508903064826,0.0515539828665,0,0.0160002953977,3.3351114908e-15,1.56319370297e-15,0,0,
val-gsm8k,52bb4e1ef15551fc,answer256,calibrated_0.016,32,1.001,0.0048621452283,0.00490538746732,0.366071585749,0.0160002953977,0.01019034634,0.00434120639002,0.000170863798169,3.64487183714e-05,0.0167672218851
val-gsm8k,52bb4e1ef15551fc,answer256,calibrated_0.016,32,1.05,0.0048621452283,0.00490538746732,0.00169288397287,0.0160002953977,0.000124942429425,4.87787824723e-05,3.69319793401e-05,1.25084654269e-05,0.29559197392
val-gsm8k,52bb4e1ef15551fc,answer256,calibrated_0.016,32,2.0,0.0048621452283,0.00490538746732,0,0.0160002953977,3.3351114908e-15,1.56319370297e-15,0,0,
val-gsm8k,52bb4e1ef15551fc,answer256,calibrated_0.016,128,1.001,0.0013166928685,0.00132459103604,0.366071585749,0.0160002953977,0.01019034634,0.00434120639002,4.19182042098e-05,8.53886550235e-06,0.00411352105329
val-gsm8k,52bb4e1ef15551fc,answer256,calibrated_0.016,128,1.05,0.0013166928685,0.00132459103604,0.00169288397287,0.0160002953977,0.000124942429425,4.87787824723e-05,8.33800163596e-06,2.04566995205e-06,0.0667347487505
val-gsm8k,52bb4e1ef15551fc,answer256,calibrated_0.016,128,2.0,0.0013166928685,0.00132459103604,0,0.0160002953977,3.3351114908e-15,1.56319370297e-15,0,0,
val-gsm8k,52bb4e1ef15551fc,answer256,calibrated_0.05,1,1.001,0.579940118765,0.589724877628,0.366072427678,0.0499993126418,0.0321084908638,0.0137594140646,0.0278003154387,0.0107507842167,0.865824418739
val-gsm8k,52bb4e1ef15551fc,answer256,calibrated_0.05,1,1.05,0.579940118765,0.589724877628,0.311518507231,0.0499993126418,0.0141679613778,0.00626984098842,0.0141679613778,0.00626984098842,1
val-gsm8k,52bb4e1ef15551fc,answer256,calibrated_0.05,1,2.0,0.579940118765,0.589724877628,0,0.0499993126418,3.66038591097e-15,1.69990044256e-15,0,0,
val-gsm8k,52bb4e1ef15551fc,answer256,calibrated_0.05,4,1.001,0.266984397869,0.267113918532,0.366072427678,0.0499993126418,0.0321084908638,0.0137594140646,0.0139203201262,0.0054737256253,0.433540155633
val-gsm8k,52bb4e1ef15551fc,answer256,calibrated_0.05,4,1.05,0.266984397869,0.267113918532,0.311518507231,0.0499993126418,0.0141679613778,0.00626984098842,0.00593640780773,0.00212932517684,0.419002257941
val-gsm8k,52bb4e1ef15551fc,answer256,calibrated_0.05,4,2.0,0.266984397869,0.267113918532,0,0.0499993126418,3.66038591097e-15,1.69990044256e-15,0,0,
val-gsm8k,52bb4e1ef15551fc,answer256,calibrated_0.05,8,1.001,0.0508903064826,0.0530750262877,0.366072427678,0.0499993126418,0.0321084908638,0.0137594140646,0.00360506445679,0.0008439076506,0.112277605076
val-gsm8k,52bb4e1ef15551fc,answer256,calibrated_0.05,8,1.05,0.0508903064826,0.0530750262877,0.311518507231,0.0499993126418,0.0141679613778,0.00626984098842,0.00324074554188,0.000942327311244,0.228737604194
val-gsm8k,52bb4e1ef15551fc,answer256,calibrated_0.05,8,2.0,0.0508903064826,0.0530750262877,0,0.0499993126418,3.66038591097e-15,1.69990044256e-15,0,0,
val-gsm8k,52bb4e1ef15551fc,answer256,calibrated_0.05,32,1.001,0.0048621452283,0.00502054916628,0.366072427678,0.0499993126418,0.0321084908638,0.0137594140646,0.000529013642847,0.000109565305758,0.0164758177235
val-gsm8k,52bb4e1ef15551fc,answer256,calibrated_0.05,32,1.05,0.0048621452283,0.00502054916628,0.311518507231,0.0499993126418,0.0141679613778,0.00626984098842,0.000462680213739,0.000120568994321,0.0326567952438
val-gsm8k,52bb4e1ef15551fc,answer256,calibrated_0.05,32,2.0,0.0048621452283,0.00502054916628,0,0.0499993126418,3.66038591097e-15,1.69990044256e-15,0,0,
val-gsm8k,52bb4e1ef15551fc,answer256,calibrated_0.05,128,1.001,0.0013166928685,0.00134696650383,0.366072427678,0.0499993126418,0.0321084908638,0.0137594140646,0.000130064105428,2.48057974352e-05,0.00405076980977
val-gsm8k,52bb4e1ef15551fc,answer256,calibrated_0.05,128,1.05,0.0013166928685,0.00134696650383,0.311518507231,0.0499993126418,0.0141679613778,0.00626984098842,0.000102334436448,2.42046544911e-05,0.00722294716361
val-gsm8k,52bb4e1ef15551fc,answer256,calibrated_0.05,128,2.0,0.0013166928685,0.00134696650383,0,0.0499993126418,3.66038591097e-15,1.69990044256e-15,0,0,
val-gsm8k,c75896d63fe7da0a,prompt,real_base_to_step8,1,1.001,0.000691187659338,0.000672302357645,6.53871494333e-05,4.02044811646e-05,1.9375432312e-06,9.74564291575e-07,1.9375432272e-06,9.74564287605e-07,0.999999997936
val-gsm8k,c75896d63fe7da0a,prompt,real_base_to_step8,1,1.05,0.000691187659338,0.000672302357645,1.9454039145e-06,4.02044811646e-05,1.08123367554e-07,6.85365417625e-08,1.08123363555e-07,6.85365386119e-08,0.99999996301
val-gsm8k,c75896d63fe7da0a,prompt,real_base_to_step8,1,2.0,0.000691187659338,0.000672302357645,0,4.02044811646e-05,3.99947900937e-15,3.99680306158e-15,0,0,
val-gsm8k,c75896d63fe7da0a,prompt,real_base_to_step8,4,1.001,0.000301234988475,0.000294691240328,6.53871494333e-05,4.02044811646e-05,1.9375432312e-06,9.74564291575e-07,1.9375432272e-06,9.74564287605e-07,0.999999997936
val-gsm8k,c75896d63fe7da0a,prompt,real_base_to_step8,4,1.05,0.000301234988475,0.000294691240328,1.9454039145e-06,4.02044811646e-05,1.08123367554e-07,6.85365417625e-08,1.08123363555e-07,6.85365386119e-08,0.99999996301
val-gsm8k,c75896d63fe7da0a,prompt,real_base_to_step8,4,2.0,0.000301234988475,0.000294691240328,0,4.02044811646e-05,3.99947900937e-15,3.99680306158e-15,0,0,
val-gsm8k,c75896d63fe7da0a,prompt,real_base_to_step8,8,1.001,0.000235625376071,0.000231545344767,6.53871494333e-05,4.02044811646e-05,1.9375432312e-06,9.74564291575e-07,1.91976048428e-06,9.65688253149e-07,0.990822012829
val-gsm8k,c75896d63fe7da0a,prompt,real_base_to_step8,8,1.05,0.000235625376071,0.000231545344767,1.9454039145e-06,4.02044811646e-05,1.08123367554e-07,6.85365417625e-08,1.08123363555e-07,6.85365386119e-08,0.99999996301
val-gsm8k,c75896d63fe7da0a,prompt,real_base_to_step8,8,2.0,0.000235625376071,0.000231545344767,0,4.02044811646e-05,3.99947900937e-15,3.99680306158e-15,0,0,
val-gsm8k,c75896d63fe7da0a,prompt,real_base_to_step8,32,1.001,0.0001840341802,0.000181289353503,6.53871494333e-05,4.02044811646e-05,1.9375432312e-06,9.74564291575e-07,1.82441798173e-06,9.17274252993e-07,0.941614077223
val-gsm8k,c75896d63fe7da0a,prompt,real_base_to_step8,32,1.05,0.0001840341802,0.000181289353503,1.9454039145e-06,4.02044811646e-05,1.08123367554e-07,6.85365417625e-08,1.08123363555e-07,6.85365386119e-08,0.99999996301
val-gsm8k,c75896d63fe7da0a,prompt,real_base_to_step8,32,2.0,0.0001840341802,0.000181289353503,0,4.02044811646e-05,3.99947900937e-15,3.99680306158e-15,0,0,
val-gsm8k,c75896d63fe7da0a,prompt,real_base_to_step8,128,1.001,0.000139473789387,0.000137348210882,6.53871494333e-05,4.02044811646e-05,1.9375432312e-06,9.74564291575e-07,1.20018990743e-06,6.00472720603e-07,0.619439033979
val-gsm8k,c75896d63fe7da0a,prompt,real_base_to_step8,128,1.05,0.000139473789387,0.000137348210882,1.9454039145e-06,4.02044811646e-05,1.08123367554e-07,6.85365417625e-08,2.39417654378e-08,1.22465380858e-08,0.221430075471
val-gsm8k,c75896d63fe7da0a,prompt,real_base_to_step8,128,2.0,0.000139473789387,0.000137348210882,0,4.02044811646e-05,3.99947900937e-15,3.99680306158e-15,0,0,
val-gsm8k,c75896d63fe7da0a,prompt,calibrated_0.016,1,1.001,0.000691187659338,0.0147246478803,0.000149902455483,0.0160000237673,0.0285884276424,0.0150076995869,0.00116486519973,0.000500067702253,0.0407460394221
val-gsm8k,c75896d63fe7da0a,prompt,calibrated_0.016,1,1.05,0.000691187659338,0.0147246478803,0.000148352748272,0.0160000237673,0.0285740858998,0.0150002469069,0.00122179051642,0.000527599384117,0.0427586912389
val-gsm8k,c75896d63fe7da0a,prompt,calibrated_0.016,1,2.0,0.000691187659338,0.0147246478803,0.000129656861365,0.0160000237673,0.0283170587097,0.0148657752716,0.00232513950183,0.00107175602243,0.0821109115065
val-gsm8k,c75896d63fe7da0a,prompt,calibrated_0.016,4,1.001,0.000301234988475,0.0105358757234,0.000149902455483,0.0160000237673,0.0285884276424,0.0150076995869,0.000499957476751,0.000157103917946,0.0174881068314
val-gsm8k,c75896d63fe7da0a,prompt,calibrated_0.016,4,1.05,0.000301234988475,0.0105358757234,0.000148352748272,0.0160000237673,0.0285740858998,0.0150002469069,0.000524387124715,0.000166801781484,0.0183518425245
val-gsm8k,c75896d63fe7da0a,prompt,calibrated_0.016,4,2.0,0.000301234988475,0.0105358757234,0.000129656861365,0.0160000237673,0.0283170587097,0.0148657752716,0.000997811518632,0.000365359052614,0.0352371172749
val-gsm8k,c75896d63fe7da0a,prompt,calibrated_0.016,8,1.001,0.000235625376071,0.009330836536,0.000149902455483,0.0160000237673,0.0285884276424,0.0150076995869,0.000401837831714,0.000117031775315,0.0140559612701
val-gsm8k,c75896d63fe7da0a,prompt,calibrated_0.016,8,1.05,0.000235625376071,0.009330836536,0.000148352748272,0.0160000237673,0.0285740858998,0.0150002469069,0.00042148046401,0.000124204348152,0.0147504443532
val-gsm8k,c75896d63fe7da0a,prompt,calibrated_0.016,8,2.0,0.000235625376071,0.009330836536,0.000129656861365,0.0160000237673,0.0283170587097,0.0148657752716,0.000802121517336,0.000273510854596,0.0283264418653
val-gsm8k,c75896d63fe7da0a,prompt,calibrated_0.016,32,1.001,0.0001840341802,0.00878975453446,0.000149902455483,0.0160000237673,0.0285884276424,0.0150076995869,0.000315282408598,8.91471468102e-05,0.0110283228075
val-gsm8k,c75896d63fe7da0a,prompt,calibrated_0.016,32,1.05,0.0001840341802,0.00878975453446,0.000148352748272,0.0160000237673,0.0285740858998,0.0150002469069,0.00033069792547,9.44928870161e-05,0.0115733509946
val-gsm8k,c75896d63fe7da0a,prompt,calibrated_0.016,32,2.0,0.0001840341802,0.00878975453446,0.000129656861365,0.0160000237673,0.0283170587097,0.0148657752716,0.000629395182648,0.000208124896492,0.022226714614
val-gsm8k,c75896d63fe7da0a,prompt,calibrated_0.016,128,1.001,0.000139473789387,0.00767862549707,0.000149902455483,0.0160000237673,0.0285884276424,0.0150076995869,0.000239422670277,6.70346872818e-05,0.00837481071964
val-gsm8k,c75896d63fe7da0a,prompt,calibrated_0.016,128,1.05,0.000139473789387,0.00767862549707,0.000148352748272,0.0160000237673,0.0285740858998,0.0150002469069,0.0002511304617,7.10761651838e-05,0.00878874874878
val-gsm8k,c75896d63fe7da0a,prompt,calibrated_0.016,128,2.0,0.000139473789387,0.00767862549707,0.000129656861365,0.0160000237673,0.0283170587097,0.0148657752716,0.000478026175796,0.00015548593531,0.0168812086275
val-gsm8k,c75896d63fe7da0a,prompt,calibrated_0.05,1,1.001,0.000691187659338,0.0473677095286,0.000148656667422,0.0499990948355,0.0898699998548,0.0467243089771,0.00116286609807,0.000495487343345,0.012939424724
val-gsm8k,c75896d63fe7da0a,prompt,calibrated_0.05,1,1.05,0.000691187659338,0.0473677095286,0.000148057349203,0.0499990948355,0.089856249431,0.0467172691438,0.00121955125457,0.000522023276323,0.0135722474763
val-gsm8k,c75896d63fe7da0a,prompt,calibrated_0.05,1,2.0,0.000691187659338,0.0473677095286,0.000131968879003,0.0499990948355,0.0896076865802,0.0465893315188,0.00231768115424,0.00104514542119,0.025864758289
val-gsm8k,c75896d63fe7da0a,prompt,calibrated_0.05,4,1.001,0.000301234988475,0.0385226122548,0.000148656667422,0.0499990948355,0.0898699998548,0.0467243089771,0.000515456759247,0.000168181944069,0.00573558206386
val-gsm8k,c75896d63fe7da0a,prompt,calibrated_0.05,4,1.05,0.000301234988475,0.0385226122548,0.000148057349203,0.0499990948355,0.089856249431,0.0467172691438,0.00054055152297,0.000177955592086,0.00601573653911
val-gsm8k,c75896d63fe7da0a,prompt,calibrated_0.05,4,2.0,0.000301234988475,0.0385226122548,0.000131968879003,0.0499990948355,0.0896076865802,0.0465893315188,0.00102638763563,0.00037600237523,0.0114542365148
val-gsm8k,c75896d63fe7da0a,prompt,calibrated_0.05,8,1.001,0.000235625376071,0.036037551851,0.000148656667422,0.0499990948355,0.0898699998548,0.0467243089771,0.000418876398058,0.000126622141496,0.00466091464042
val-gsm8k,c75896d63fe7da0a,prompt,calibrated_0.05,8,1.05,0.000235625376071,0.036037551851,0.000148057349203,0.0499990948355,0.089856249431,0.0467172691438,0.000439285822126,0.00013393872922,0.00488876204947
val-gsm8k,c75896d63fe7da0a,prompt,calibrated_0.05,8,2.0,0.000235625376071,0.036037551851,0.000131968879003,0.0499990948355,0.0896076865802,0.0465893315188,0.000834332494422,0.000284048473105,0.0093109478245
val-gsm8k,c75896d63fe7da0a,prompt,calibrated_0.05,32,1.001,0.0001840341802,0.0348963670154,0.000148656667422,0.0499990948355,0.0898699998548,0.0467243089771,0.000328933464175,9.68058941122e-05,0.00366010309009
val-gsm8k,c75896d63fe7da0a,prompt,calibrated_0.05,32,1.05,0.0001840341802,0.0348963670154,0.000148057349203,0.0499990948355,0.089856249431,0.0467172691438,0.000344972316665,0.000102300189708,0.00383915775307
val-gsm8k,c75896d63fe7da0a,prompt,calibrated_0.05,32,2.0,0.0001840341802,0.0348963670154,0.000131968879003,0.0499990948355,0.0896076865802,0.0465893315188,0.000655303883595,0.000216797375762,0.00731303204674
val-gsm8k,c75896d63fe7da0a,prompt,calibrated_0.05,128,1.001,0.000139473789387,0.0317457568738,0.000148656667422,0.0499990948355,0.0898699998548,0.0467243089771,0.000250790131139,7.38103339108e-05,0.0027905878663
val-gsm8k,c75896d63fe7da0a,prompt,calibrated_0.05,128,1.05,0.000139473789387,0.0317457568738,0.000148057349203,0.0499990948355,0.089856249431,0.0467172691438,0.000263021274088,7.80062868487e-05,0.0029271339028
val-gsm8k,c75896d63fe7da0a,prompt,calibrated_0.05,128,2.0,0.000139473789387,0.0317457568738,0.000131968879003,0.0499990948355,0.0896076865802,0.0465893315188,0.000499820947363,0.000164022092092,0.00557788027387
val-gsm8k,c75896d63fe7da0a,answer16,real_base_to_step8,1,1.001,0.00112437348153,0.00108597870756,1.19739045983e-06,7.79913383954e-05,1.86368140778e-08,1.23273257986e-08,1.86368223023e-08,1.23273320021e-08,1.00000044131
val-gsm8k,c75896d63fe7da0a,answer16,real_base_to_step8,1,1.05,0.00112437348153,0.00108597870756,0,7.79913383954e-05,8.22457018781e-15,8.21565125702e-15,0,0,
val-gsm8k,c75896d63fe7da0a,answer16,real_base_to_step8,1,2.0,0.00112437348153,0.00108597870756,0,7.79913383954e-05,8.22457018781e-15,8.21565125702e-15,0,0,
val-gsm8k,c75896d63fe7da0a,answer16,real_base_to_step8,4,1.001,0.000382688674702,0.000365760198247,1.19739045983e-06,7.79913383954e-05,1.86368140778e-08,1.23273257986e-08,1.86368223023e-08,1.23273320021e-08,1.00000044131
val-gsm8k,c75896d63fe7da0a,answer16,real_base_to_step8,4,1.05,0.000382688674702,0.000365760198247,0,7.79913383954e-05,8.22457018781e-15,8.21565125702e-15,0,0,
val-gsm8k,c75896d63fe7da0a,answer16,real_base_to_step8,4,2.0,0.000382688674702,0.000365760198247,0,7.79913383954e-05,8.22457018781e-15,8.21565125702e-15,0,0,
val-gsm8k,c75896d63fe7da0a,answer16,real_base_to_step8,8,1.001,0.000191266107777,0.000182438679654,1.19739045983e-06,7.79913383954e-05,1.86368140778e-08,1.23273257986e-08,1.86368223023e-08,1.23273320021e-08,1.00000044131
val-gsm8k,c75896d63fe7da0a,answer16,real_base_to_step8,8,1.05,0.000191266107777,0.000182438679654,0,7.79913383954e-05,8.22457018781e-15,8.21565125702e-15,0,0,
val-gsm8k,c75896d63fe7da0a,answer16,real_base_to_step8,8,2.0,0.000191266107777,0.000182438679654,0,7.79913383954e-05,8.22457018781e-15,8.21565125702e-15,0,0,
val-gsm8k,c75896d63fe7da0a,answer16,real_base_to_step8,32,1.001,5.8554629678e-05,5.56682437187e-05,1.19739045983e-06,7.79913383954e-05,1.86368140778e-08,1.23273257986e-08,1.86368223023e-08,1.23273320021e-08,1.00000044131
val-gsm8k,c75896d63fe7da0a,answer16,real_base_to_step8,32,1.05,5.8554629678e-05,5.56682437187e-05,0,7.79913383954e-05,8.22457018781e-15,8.21565125702e-15,0,0,
val-gsm8k,c75896d63fe7da0a,answer16,real_base_to_step8,32,2.0,5.8554629678e-05,5.56682437187e-05,0,7.79913383954e-05,8.22457018781e-15,8.21565125702e-15,0,0,
val-gsm8k,c75896d63fe7da0a,answer16,real_base_to_step8,128,1.001,1.78889343683e-05,1.69482461512e-05,1.19739045983e-06,7.79913383954e-05,1.86368140778e-08,1.23273257986e-08,7.91850147971e-10,5.24553733858e-10,0.042488493187
val-gsm8k,c75896d63fe7da0a,answer16,real_base_to_step8,128,1.05,1.78889343683e-05,1.69482461512e-05,0,7.79913383954e-05,8.22457018781e-15,8.21565125702e-15,0,0,
val-gsm8k,c75896d63fe7da0a,answer16,real_base_to_step8,128,2.0,1.78889343683e-05,1.69482461512e-05,0,7.79913383954e-05,8.22457018781e-15,8.21565125702e-15,0,0,
val-gsm8k,c75896d63fe7da0a,answer16,calibrated_0.016,1,1.001,0.00112437348153,0.0151339872421,0.000610177971051,0.0159999671503,0.0283394122154,0.0164158452397,0.00188976839226,0.000778966316091,0.0666834011197
val-gsm8k,c75896d63fe7da0a,answer16,calibrated_0.016,1,1.05,0.00112437348153,0.0151339872421,0.000610089518491,0.0159999671503,0.0282805173147,0.0163894799572,0.00198208813413,0.000819545799432,0.0700867000442
val-gsm8k,c75896d63fe7da0a,answer16,calibrated_0.016,1,2.0,0.00112437348153,0.0151339872421,0.000125252389974,0.0159999671503,0.0272574806512,0.0159242771855,0.00377065120287,0.00162422022005,0.138334545702
val-gsm8k,c75896d63fe7da0a,answer16,calibrated_0.016,4,1.001,0.000382688674702,0.0141134536257,0.000610177971051,0.0159999671503,0.0283394122154,0.0164158452397,0.000628771498756,0.000296382766543,0.0221871750189
val-gsm8k,c75896d63fe7da0a,answer16,calibrated_0.016,4,1.05,0.000382688674702,0.0141134536257,0.000610089518491,0.0159999671503,0.0282805173147,0.0163894799572,0.000659514712846,0.000311835962665,0.0233204614154
val-gsm8k,c75896d63fe7da0a,answer16,calibrated_0.016,4,2.0,0.000382688674702,0.0141134536257,0.000125252389974,0.0159999671503,0.0272574806512,0.0159242771855,0.00125544221238,0.000614976695242,0.0460586298654
val-gsm8k,c75896d63fe7da0a,answer16,calibrated_0.016,8,1.001,0.000191266107777,0.0062792651138,0.000610177971051,0.0159999671503,0.0283394122154,0.0164158452397,0.000325162252407,0.000146554097385,0.0114738530897
val-gsm8k,c75896d63fe7da0a,answer16,calibrated_0.016,8,1.05,0.000191266107777,0.0062792651138,0.000610089518491,0.0159999671503,0.0282805173147,0.0163894799572,0.000341070542234,0.000154190356153,0.0120602653211
val-gsm8k,c75896d63fe7da0a,answer16,calibrated_0.016,8,2.0,0.000191266107777,0.0062792651138,0.000125252389974,0.0159999671503,0.0272574806512,0.0159242771855,0.000649446844245,0.00030521752475,0.0238263709165
val-gsm8k,c75896d63fe7da0a,answer16,calibrated_0.016,32,1.001,5.8554629678e-05,0.00557116059481,0.000610177971051,0.0159999671503,0.0283394122154,0.0164158452397,0.000103034365016,4.67089146746e-05,0.0036357269598
val-gsm8k,c75896d63fe7da0a,answer16,calibrated_0.016,32,1.05,5.8554629678e-05,0.00557116059481,0.000610089518491,0.0159999671503,0.0282805173147,0.0163894799572,0.000108074080177,4.92033099632e-05,0.00382150294404
val-gsm8k,c75896d63fe7da0a,answer16,calibrated_0.016,32,2.0,5.8554629678e-05,0.00557116059481,0.000125252389974,0.0159999671503,0.0272574806512,0.0159242771855,0.000205772261857,9.83568087508e-05,0.00754920326239
val-gsm8k,c75896d63fe7da0a,answer16,calibrated_0.016,128,1.001,1.78889343683e-05,0.00120095652101,0.000610177971051,0.0159999671503,0.0283394122154,0.0164158452397,3.04922545681e-05,1.18571063801e-05,0.00107596637278
val-gsm8k,c75896d63fe7da0a,answer16,calibrated_0.016,128,1.05,1.78889343683e-05,0.00120095652101,0.000610089518491,0.0159999671503,0.0282805173147,0.0163894799572,3.19846371421e-05,1.25101217128e-05,0.00113097779599
val-gsm8k,c75896d63fe7da0a,answer16,calibrated_0.016,128,2.0,1.78889343683e-05,0.00120095652101,0.000125252389974,0.0159999671503,0.0272574806512,0.0159242771855,6.09173060996e-05,2.56234574841e-05,0.00223488395275
val-gsm8k,c75896d63fe7da0a,answer16,calibrated_0.05,1,1.001,0.00112437348153,0.0477504817756,0.000610142039491,0.0500001053509,0.0895767130499,0.0516291733498,0.00201885581738,0.000802328743444,0.0225377304954
val-gsm8k,c75896d63fe7da0a,answer16,calibrated_0.05,1,1.05,0.00112437348153,0.0477504817756,0.000610063144133,0.0500001053509,0.089519788944,0.0516041318728,0.00211718580429,0.000843508205892,0.0236504780592
val-gsm8k,c75896d63fe7da0a,answer16,calibrated_0.05,1,2.0,0.00112437348153,0.0477504817756,0.000605132103675,0.0500001053509,0.0884525299027,0.0511236643253,0.00402324483066,0.00164860797194,0.0454847909391
val-gsm8k,c75896d63fe7da0a,answer16,calibrated_0.05,4,1.001,0.000382688674702,0.0466610464118,0.000610142039491,0.0500001053509,0.0895767130499,0.0516291733498,0.000640047513037,0.000291160474345,0.00714524446415
val-gsm8k,c75896d63fe7da0a,answer16,calibrated_0.05,4,1.05,0.000382688674702,0.0466610464118,0.000610063144133,0.0500001053509,0.089519788944,0.0516041318728,0.000671288806069,0.00030609891766,0.0074987755667
val-gsm8k,c75896d63fe7da0a,answer16,calibrated_0.05,4,2.0,0.000382688674702,0.0466610464118,0.000605132103675,0.0500001053509,0.0884525299027,0.0511236643253,0.00127665553358,0.000598543937528,0.0144332280263
val-gsm8k,c75896d63fe7da0a,answer16,calibrated_0.05,8,1.001,0.000191266107777,0.0252610155655,0.000610142039491,0.0500001053509,0.0895767130499,0.0516291733498,0.000344435052486,0.000157560515876,0.00384514055895
val-gsm8k,c75896d63fe7da0a,answer16,calibrated_0.05,8,1.05,0.000191266107777,0.0252610155655,0.000610063144133,0.0500001053509,0.089519788944,0.0516041318728,0.000361268085728,0.000165588307091,0.0040356226259
val-gsm8k,c75896d63fe7da0a,answer16,calibrated_0.05,8,2.0,0.000191266107777,0.0252610155655,0.000605132103675,0.0500001053509,0.0884525299027,0.0511236643253,0.000687446755827,0.000323445018757,0.00777192870101
val-gsm8k,c75896d63fe7da0a,answer16,calibrated_0.05,32,1.001,5.8554629678e-05,0.0240161909936,0.000610142039491,0.0500001053509,0.0895767130499,0.0516291733498,0.000105406574301,4.8254057613e-05,0.00117671848757
val-gsm8k,c75896d63fe7da0a,answer16,calibrated_0.05,32,1.05,5.8554629678e-05,0.0240161909936,0.000610063144133,0.0500001053509,0.089519788944,0.0516041318728,0.000110551651758,5.07801303179e-05,0.00123494093386
val-gsm8k,c75896d63fe7da0a,answer16,calibrated_0.05,32,2.0,5.8554629678e-05,0.0240161909936,0.000605132103675,0.0500001053509,0.0884525299027,0.0511236643253,0.000210264524909,0.000100348832333,0.00237714540376
val-gsm8k,c75896d63fe7da0a,answer16,calibrated_0.05,128,1.001,1.78889343683e-05,0.00558948239522,0.000610142039491,0.0500001053509,0.0895767130499,0.0516291733498,3.20641083182e-05,1.37434001083e-05,0.000357951382971
val-gsm8k,c75896d63fe7da0a,answer16,calibrated_0.05,128,1.05,1.78889343683e-05,0.00558948239522,0.000610063144133,0.0500001053509,0.089519788944,0.0516041318728,3.36326794475e-05,1.44684443153e-05,0.000375701058327
val-gsm8k,c75896d63fe7da0a,answer16,calibrated_0.05,128,2.0,1.78889343683e-05,0.00558948239522,0.000605132103675,0.0500001053509,0.0884525299027,0.0511236643253,6.40388291418e-05,2.88366811389e-05,0.00072399092725
val-gsm8k,c75896d63fe7da0a,answer32,real_base_to_step8,1,1.001,0.00649484275159,0.00658790553599,0.00480240821241,0.000223386433757,0.000213909330302,0.000149435104244,8.63832234582e-05,5.13144757464e-05,0.403831021939
val-gsm8k,c75896d63fe7da0a,answer32,real_base_to_step8,1,1.05,0.00649484275159,0.00658790553599,9.81990948934e-13,0.000223386433757,1.37485222598e-13,1.34794782413e-13,3.82185513478e-15,2.68708675547e-15,
val-gsm8k,c75896d63fe7da0a,answer32,real_base_to_step8,1,2.0,0.00649484275159,0.00658790553599,0,0.000223386433757,1.37686190884e-13,1.36781239377e-13,0,0,
val-gsm8k,c75896d63fe7da0a,answer32,real_base_to_step8,4,1.001,0.0001336705598,0.00013603467324,0.00480240821241,0.000223386433757,0.000213909330302,0.000149435104244,1.81387348644e-06,7.51533060881e-07,0.0084796370681
val-gsm8k,c75896d63fe7da0a,answer32,real_base_to_step8,4,1.05,0.0001336705598,0.00013603467324,9.81990948934e-13,0.000223386433757,1.37485222598e-13,1.34794782413e-13,3.82185513478e-15,2.68708675547e-15,
val-gsm8k,c75896d63fe7da0a,answer32,real_base_to_step8,4,2.0,0.0001336705598,0.00013603467324,0,0.000223386433757,1.37686190884e-13,1.36781239377e-13,0,0,
val-gsm8k,c75896d63fe7da0a,answer32,real_base_to_step8,8,1.001,1.91892430607e-05,1.90974193281e-05,0.00480240821241,0.000223386433757,0.000213909330302,0.000149435104244,1.76927869017e-07,9.24652234407e-08,0.000827116184073
val-gsm8k,c75896d63fe7da0a,answer32,real_base_to_step8,8,1.05,1.91892430607e-05,1.90974193281e-05,9.81990948934e-13,0.000223386433757,1.37485222598e-13,1.34794782413e-13,3.82185513478e-15,2.68708675547e-15,
val-gsm8k,c75896d63fe7da0a,answer32,real_base_to_step8,8,2.0,1.91892430607e-05,1.90974193281e-05,0,0.000223386433757,1.37686190884e-13,1.36781239377e-13,0,0,
val-gsm8k,c75896d63fe7da0a,answer32,real_base_to_step8,32,1.001,2.22684622006e-06,2.23750857465e-06,0.00480240821241,0.000223386433757,0.000213909330302,0.000149435104244,2.39982013674e-08,8.54500382455e-09,0.000112188661119
val-gsm8k,c75896d63fe7da0a,answer32,real_base_to_step8,32,1.05,2.22684622006e-06,2.23750857465e-06,9.81990948934e-13,0.000223386433757,1.37485222598e-13,1.34794782413e-13,3.82185513478e-15,2.68708675547e-15,
val-gsm8k,c75896d63fe7da0a,answer32,real_base_to_step8,32,2.0,2.22684622006e-06,2.23750857465e-06,0,0.000223386433757,1.37686190884e-13,1.36781239377e-13,0,0,
val-gsm8k,c75896d63fe7da0a,answer32,real_base_to_step8,128,1.001,3.95641974012e-07,3.9656534293e-07,0.00480240821241,0.000223386433757,0.000213909330302,0.000149435104244,3.7647119646e-09,1.62733905062e-09,1.75995687485e-05
val-gsm8k,c75896d63fe7da0a,answer32,real_base_to_step8,128,1.05,3.95641974012e-07,3.9656534293e-07,9.81990948934e-13,0.000223386433757,1.37485222598e-13,1.34794782413e-13,3.82185513478e-15,2.68708675547e-15,
val-gsm8k,c75896d63fe7da0a,answer32,real_base_to_step8,128,2.0,3.95641974012e-07,3.9656534293e-07,0,0.000223386433757,1.37686190884e-13,1.36781239377e-13,0,0,
val-gsm8k,c75896d63fe7da0a,answer32,calibrated_0.016,1,1.001,0.00649484275159,0.0173633955731,0.00649375292529,0.015999932575,0.0213480849063,0.0123924373967,0.00261615098545,0.00126963049495,0.122547338411
val-gsm8k,c75896d63fe7da0a,answer32,calibrated_0.016,1,1.05,0.00649484275159,0.0173633955731,0.00649370024433,0.015999932575,0.0207227484773,0.0120116229412,0.00274421412516,0.001331780393,0.132425200651
val-gsm8k,c75896d63fe7da0a,answer32,calibrated_0.016,1,2.0,0.00649484275159,0.0173633955731,0.00484541422934,0.015999932575,0.0093615796893,0.00533540175432,0.00522412683725,0.00244132779444,0.558039028736
val-gsm8k,c75896d63fe7da0a,answer32,calibrated_0.016,4,1.001,0.0001336705598,0.00371393476143,0.00649375292529,0.015999932575,0.0213480849063,0.0123924373967,0.000161338591006,7.30837277327e-05,0.00755752057922
val-gsm8k,c75896d63fe7da0a,answer32,calibrated_0.016,4,1.05,0.0001336705598,0.00371393476143,0.00649370024433,0.015999932575,0.0207227484773,0.0120116229412,0.000169236113439,7.66613907407e-05,0.00816668279425
val-gsm8k,c75896d63fe7da0a,answer32,calibrated_0.016,4,2.0,0.0001336705598,0.00371393476143,0.00484541422934,0.015999932575,0.0093615796893,0.00533540175432,0.000322168163926,0.000142715861603,0.034413867597
val-gsm8k,c75896d63fe7da0a,answer32,calibrated_0.016,8,1.001,1.91892430607e-05,0.00177767869309,0.00649375292529,0.015999932575,0.0213480849063,0.0123924373967,2.1663897939e-05,1.11314028728e-05,0.0010147935065
val-gsm8k,c75896d63fe7da0a,answer32,calibrated_0.016,8,1.05,1.91892430607e-05,0.00177767869309,0.00649370024433,0.015999932575,0.0207227484773,0.0120116229412,2.27242857979e-05,1.16774481534e-05,0.00109658647948
val-gsm8k,c75896d63fe7da0a,answer32,calibrated_0.016,8,2.0,1.91892430607e-05,0.00177767869309,0.00484541422934,0.015999932575,0.0093615796893,0.00533540175432,4.32764169951e-05,2.23861106733e-05,0.00462276863857
val-gsm8k,c75896d63fe7da0a,answer32,calibrated_0.016,32,1.001,2.22684622006e-06,1.71568747105e-05,0.00649375292529,0.015999932575,0.0213480849063,0.0123924373967,2.43884439332e-06,5.6837122622e-07,0.000114241834995
val-gsm8k,c75896d63fe7da0a,answer32,calibrated_0.016,32,1.05,2.22684622006e-06,1.71568747105e-05,0.00649370024433,0.015999932575,0.0207227484773,0.0120116229412,2.55822795126e-06,6.02566019362e-07,0.000123450224475
val-gsm8k,c75896d63fe7da0a,answer32,calibrated_0.016,32,2.0,2.22684622006e-06,1.71568747105e-05,0.00484541422934,0.015999932575,0.0093615796893,0.00533540175432,4.87280063969e-06,1.45604341e-06,0.000520510512266
val-gsm8k,c75896d63fe7da0a,answer32,calibrated_0.016,128,1.001,3.95641974012e-07,2.68262114263e-06,0.00649375292529,0.015999932575,0.0213480849063,0.0123924373967,3.8292398625e-07,5.77528802348e-08,1.79371586693e-05
val-gsm8k,c75896d63fe7da0a,answer32,calibrated_0.016,128,1.05,3.95641974012e-07,2.68262114263e-06,0.00649370024433,0.015999932575,0.0207227484773,0.0120116229412,4.01668507947e-07,6.18703686073e-08,1.93829746275e-05
val-gsm8k,c75896d63fe7da0a,answer32,calibrated_0.016,128,2.0,3.95641974012e-07,2.68262114263e-06,0.00484541422934,0.015999932575,0.0093615796893,0.00533540175432,7.65082535473e-07,1.7942231138e-07,8.17257942426e-05
val-gsm8k,c75896d63fe7da0a,answer32,calibrated_0.05,1,1.001,0.00649484275159,0.0484000266107,0.00649375084145,0.049999610738,0.0797429911138,0.0458308411278,0.00775792697066,0.00408497559409,0.0972866312424
val-gsm8k,c75896d63fe7da0a,answer32,calibrated_0.05,1,1.05,0.00649484275159,0.0484000266107,0.00649370010626,0.049999610738,0.0791374102836,0.0455211660782,0.00813768453805,0.00428493935952,0.102829805889
val-gsm8k,c75896d63fe7da0a,answer32,calibrated_0.05,1,2.0,0.00649484275159,0.0484000266107,0.00644829964538,0.049999610738,0.0674346852411,0.0397915898426,0.0154993185771,0.008161678694,0.229841935521
val-gsm8k,c75896d63fe7da0a,answer32,calibrated_0.05,4,1.001,0.0001336705598,0.0295600659851,0.00649375084145,0.049999610738,0.0797429911138,0.0458308411278,0.000175943794125,9.17646969575e-05,0.00220638568565
val-gsm8k,c75896d63fe7da0a,answer32,calibrated_0.05,4,1.05,0.0001336705598,0.0295600659851,0.00649370010626,0.049999610738,0.0791374102836,0.0455211660782,0.000184555339809,9.62564833949e-05,0.00233208717783
val-gsm8k,c75896d63fe7da0a,answer32,calibrated_0.05,4,2.0,0.0001336705598,0.0295600659851,0.00644829964538,0.049999610738,0.0674346852411,0.0397915898426,0.000350508518904,0.000180582943535,0.00519774827524
val-gsm8k,c75896d63fe7da0a,answer32,calibrated_0.05,8,1.001,1.91892430607e-05,0.0194466884905,0.00649375084145,0.049999610738,0.0797429911138,0.0458308411278,2.31283628181e-05,1.190032317e-05,0.000290036309085
val-gsm8k,c75896d63fe7da0a,answer32,calibrated_0.05,8,1.05,1.91892430607e-05,0.0194466884905,0.00649370010626,0.049999610738,0.0791374102836,0.0455211660782,2.42598090163e-05,1.24835047887e-05,0.000306552980813
val-gsm8k,c75896d63fe7da0a,answer32,calibrated_0.05,8,2.0,1.91892430607e-05,0.0194466884905,0.00644829964538,0.049999610738,0.0674346852411,0.0397915898426,4.614692244e-05,2.38184592462e-05,0.000684320276353
val-gsm8k,c75896d63fe7da0a,answer32,calibrated_0.05,32,1.001,2.22684622006e-06,7.70923591788e-05,0.00649375084145,0.049999610738,0.0797429911138,0.0458308411278,3.14557153723e-06,8.37479718731e-07,3.94463700608e-05
val-gsm8k,c75896d63fe7da0a,answer32,calibrated_0.05,32,1.05,2.22684622006e-06,7.70923591788e-05,0.00649370010626,0.049999610738,0.0791374102836,0.0455211660782,3.29954877123e-06,8.82742640575e-07,4.1693918962e-05
val-gsm8k,c75896d63fe7da0a,answer32,calibrated_0.05,32,2.0,2.22684622006e-06,7.70923591788e-05,0.00644829964538,0.049999610738,0.0674346852411,0.0397915898426,6.28480053025e-06,1.85229793175e-06,9.31983371432e-05
val-gsm8k,c75896d63fe7da0a,answer32,calibrated_0.05,128,1.001,3.95641974012e-07,1.06226751325e-05,0.00649375084145,0.049999610738,0.0797429911138,0.0458308411278,5.19803687504e-07,1.03271380919e-07,6.51848745881e-06
val-gsm8k,c75896d63fe7da0a,answer32,calibrated_0.05,128,1.05,3.95641974012e-07,1.06226751325e-05,0.00649370010626,0.049999610738,0.0791374102836,0.0455211660782,5.45248589151e-07,1.09056454279e-07,6.88989679086e-06
val-gsm8k,c75896d63fe7da0a,answer32,calibrated_0.05,128,2.0,3.95641974012e-07,1.06226751325e-05,0.00644829964538,0.049999610738,0.0674346852411,0.0397915898426,1.03856759909e-06,2.39579025715e-07,1.54010891483e-05
val-gsm8k,c75896d63fe7da0a,answer64,real_base_to_step8,1,1.001,0.106005366438,0.112253646777,0.106004264426,0.0123406219892,0.0109055935457,0.00768614137256,8.41889953505e-05,5.21411362767e-05,0.00771979947701
val-gsm8k,c75896d63fe7da0a,answer64,real_base_to_step8,1,1.05,0.106005366438,0.112253646777,0.104466211213,0.0123406219892,0.00174090195582,0.00122957486353,8.1504514436e-05,4.95872171884e-05,0.046817406439
val-gsm8k,c75896d63fe7da0a,answer64,real_base_to_step8,1,2.0,0.106005366438,0.112253646777,0,0.0123406219892,7.52821921817e-14,6.73521663361e-14,0,0,
val-gsm8k,c75896d63fe7da0a,answer64,real_base_to_step8,4,1.001,0.000110591809531,0.00011325437888,0.106004264426,0.0123406219892,0.0109055935457,0.00768614137256,1.49820830984e-06,8.76504314849e-07,0.000137379804553
val-gsm8k,c75896d63fe7da0a,answer64,real_base_to_step8,4,1.05,0.000110591809531,0.00011325437888,0.104466211213,0.0123406219892,0.00174090195582,0.00122957486353,9.61780416291e-07,5.95134381352e-07,0.000552460989015
val-gsm8k,c75896d63fe7da0a,answer64,real_base_to_step8,4,2.0,0.000110591809531,0.00011325437888,0,0.0123406219892,7.52821921817e-14,6.73521663361e-14,0,0,
val-gsm8k,c75896d63fe7da0a,answer64,real_base_to_step8,8,1.001,5.58667714895e-06,5.81590177459e-06,0.106004264426,0.0123406219892,0.0109055935457,0.00768614137256,1.41838478888e-07,3.96951707015e-08,1.30060301893e-05
val-gsm8k,c75896d63fe7da0a,answer64,real_base_to_step8,8,1.05,5.58667714895e-06,5.81590177459e-06,0.104466211213,0.0123406219892,0.00174090195582,0.00122957486353,9.48986421466e-08,4.44181183306e-08,5.45111927925e-05
val-gsm8k,c75896d63fe7da0a,answer64,real_base_to_step8,8,2.0,5.58667714895e-06,5.81590177459e-06,0,0.0123406219892,7.52821921817e-14,6.73521663361e-14,0,0,
val-gsm8k,c75896d63fe7da0a,answer64,real_base_to_step8,32,1.001,1.35433412252e-06,1.43206508481e-06,0.106004264426,0.0123406219892,0.0109055935457,0.00768614137256,2.52362007427e-08,3.61919289589e-09,2.3140602698e-06
val-gsm8k,c75896d63fe7da0a,answer64,real_base_to_step8,32,1.05,1.35433412252e-06,1.43206508481e-06,0.104466211213,0.0123406219892,0.00174090195582,0.00122957486353,2.64715278458e-08,8.31851693889e-09,1.52056396727e-05
val-gsm8k,c75896d63fe7da0a,answer64,real_base_to_step8,32,2.0,1.35433412252e-06,1.43206508481e-06,0,0.0123406219892,7.52821921817e-14,6.73521663361e-14,0,0,
val-gsm8k,c75896d63fe7da0a,answer64,real_base_to_step8,128,1.001,3.2322780102e-07,3.41174348327e-07,0.106004264426,0.0123406219892,0.0109055935457,0.00768614137256,4.8829880368e-09,3.7882271891e-10,4.47750781866e-07
val-gsm8k,c75896d63fe7da0a,answer64,real_base_to_step8,128,1.05,3.2322780102e-07,3.41174348327e-07,0.104466211213,0.0123406219892,0.00174090195582,0.00122957486353,5.12201471783e-09,1.62779970757e-09,2.94216150468e-06
val-gsm8k,c75896d63fe7da0a,answer64,real_base_to_step8,128,2.0,3.2322780102e-07,3.41174348327e-07,0,0.0123406219892,7.52821921817e-14,6.73521663361e-14,0,0,
val-gsm8k,c75896d63fe7da0a,answer64,calibrated_0.016,1,1.001,0.106005366438,0.09816155956,0.893995092312,0.0159999571012,0.00136440815877,0.00095896808644,6.25181322124e-08,3.32726975213e-08,4.58206965495e-05
val-gsm8k,c75896d63fe7da0a,answer64,calibrated_0.016,1,1.05,0.106005366438,0.09816155956,2.82203063303e-07,0.0159999571012,2.88209416399e-08,1.58678144508e-08,2.88210211568e-08,1.58678738689e-08,1.000002759
val-gsm8k,c75896d63fe7da0a,answer64,calibrated_0.016,1,2.0,0.106005366438,0.09816155956,0,0.0159999571012,7.95168906054e-14,7.21328243657e-14,0,0,
val-gsm8k,c75896d63fe7da0a,answer64,calibrated_0.016,4,1.001,0.000110591809531,6.59618534077e-05,0.893995092312,0.0159999571012,0.00136440815877,0.00095896808644,6.25181322124e-08,3.32726975213e-08,4.58206965495e-05
val-gsm8k,c75896d63fe7da0a,answer64,calibrated_0.016,4,1.05,0.000110591809531,6.59618534077e-05,2.82203063303e-07,0.0159999571012,2.88209416399e-08,1.58678144508e-08,2.88210211568e-08,1.58678738689e-08,1.000002759
val-gsm8k,c75896d63fe7da0a,answer64,calibrated_0.016,4,2.0,0.000110591809531,6.59618534077e-05,0,0.0159999571012,7.95168906054e-14,7.21328243657e-14,0,0,
val-gsm8k,c75896d63fe7da0a,answer64,calibrated_0.016,8,1.001,5.58667714895e-06,4.56372996712e-06,0.893995092312,0.0159999571012,0.00136440815877,0.00095896808644,6.25181322124e-08,3.32726975213e-08,4.58206965495e-05
val-gsm8k,c75896d63fe7da0a,answer64,calibrated_0.016,8,1.05,5.58667714895e-06,4.56372996712e-06,2.82203063303e-07,0.0159999571012,2.88209416399e-08,1.58678144508e-08,2.88210211568e-08,1.58678738689e-08,1.000002759
val-gsm8k,c75896d63fe7da0a,answer64,calibrated_0.016,8,2.0,5.58667714895e-06,4.56372996712e-06,0,0.0159999571012,7.95168906054e-14,7.21328243657e-14,0,0,
val-gsm8k,c75896d63fe7da0a,answer64,calibrated_0.016,32,1.001,1.35433412252e-06,1.06369904665e-06,0.893995092312,0.0159999571012,0.00136440815877,0.00095896808644,2.54765979965e-08,1.21191575792e-08,1.86722703414e-05
val-gsm8k,c75896d63fe7da0a,answer64,calibrated_0.016,32,1.05,1.35433412252e-06,1.06369904665e-06,2.82203063303e-07,0.0159999571012,2.88209416399e-08,1.58678144508e-08,1.11139377353e-08,5.28788482714e-09,0.385620215819
val-gsm8k,c75896d63fe7da0a,answer64,calibrated_0.016,32,2.0,1.35433412252e-06,1.06369904665e-06,0,0.0159999571012,7.95168906054e-14,7.21328243657e-14,0,0,
val-gsm8k,c75896d63fe7da0a,answer64,calibrated_0.016,128,1.001,3.2322780102e-07,2.54592545572e-07,0.893995092312,0.0159999571012,0.00136440815877,0.00095896808644,6.77169990588e-09,3.18352086629e-09,4.96310423122e-06
val-gsm8k,c75896d63fe7da0a,answer64,calibrated_0.016,128,1.05,3.2322780102e-07,2.54592545572e-07,2.82203063303e-07,0.0159999571012,2.88209416399e-08,1.58678144508e-08,4.10684878228e-09,1.97959494372e-09,0.142495301978
val-gsm8k,c75896d63fe7da0a,answer64,calibrated_0.016,128,2.0,3.2322780102e-07,2.54592545572e-07,0,0.0159999571012,7.95168906054e-14,7.21328243657e-14,0,0,
val-gsm8k,c75896d63fe7da0a,answer64,calibrated_0.05,1,1.001,0.106005366438,0.0825568843157,0.893995092311,0.0499998878245,0.00372404945017,0.00262219226624,2.27691642249e-07,1.22437847014e-07,6.11408750865e-05
val-gsm8k,c75896d63fe7da0a,answer64,calibrated_0.05,1,1.05,0.106005366438,0.0825568843157,3.37592878014e-07,0.0499998878245,1.84137386596e-07,1.00868872714e-07,1.84137511361e-07,1.0086896933e-07,1.00000067756
val-gsm8k,c75896d63fe7da0a,answer64,calibrated_0.05,1,2.0,0.106005366438,0.0825568843157,3.73396048574e-09,0.0499998878245,3.47336321902e-09,1.94874400465e-09,3.47348798385e-09,1.94883833409e-09,1.00003592047
val-gsm8k,c75896d63fe7da0a,answer64,calibrated_0.05,4,1.001,0.000110591809531,2.1704731298e-05,0.893995092311,0.0499998878245,0.00372404945017,0.00262219226624,2.27691642249e-07,1.22437847014e-07,6.11408750865e-05
val-gsm8k,c75896d63fe7da0a,answer64,calibrated_0.05,4,1.05,0.000110591809531,2.1704731298e-05,3.37592878014e-07,0.0499998878245,1.84137386596e-07,1.00868872714e-07,1.84137511361e-07,1.0086896933e-07,1.00000067756
val-gsm8k,c75896d63fe7da0a,answer64,calibrated_0.05,4,2.0,0.000110591809531,2.1704731298e-05,3.73396048574e-09,0.0499998878245,3.47336321902e-09,1.94874400465e-09,3.47348798385e-09,1.94883833409e-09,1.00003592047
val-gsm8k,c75896d63fe7da0a,answer64,calibrated_0.05,8,1.001,5.58667714895e-06,3.17774330901e-06,0.893995092311,0.0499998878245,0.00372404945017,0.00262219226624,2.27691642249e-07,1.22437847014e-07,6.11408750865e-05
val-gsm8k,c75896d63fe7da0a,answer64,calibrated_0.05,8,1.05,5.58667714895e-06,3.17774330901e-06,3.37592878014e-07,0.0499998878245,1.84137386596e-07,1.00868872714e-07,1.84137511361e-07,1.0086896933e-07,1.00000067756
val-gsm8k,c75896d63fe7da0a,answer64,calibrated_0.05,8,2.0,5.58667714895e-06,3.17774330901e-06,3.73396048574e-09,0.0499998878245,3.47336321902e-09,1.94874400465e-09,3.47348798385e-09,1.94883833409e-09,1.00003592047
val-gsm8k,c75896d63fe7da0a,answer64,calibrated_0.05,32,1.001,1.35433412252e-06,7.08150978128e-07,0.893995092311,0.0499998878245,0.00372404945017,0.00262219226624,9.42176063678e-08,4.53650722277e-08,2.52997731713e-05
val-gsm8k,c75896d63fe7da0a,answer64,calibrated_0.05,32,1.05,1.35433412252e-06,7.08150978128e-07,3.37592878014e-07,0.0499998878245,1.84137386596e-07,1.00868872714e-07,7.7152590105e-08,3.72022856322e-08,0.418994705698
val-gsm8k,c75896d63fe7da0a,answer64,calibrated_0.05,32,2.0,1.35433412252e-06,7.08150978128e-07,3.73396048574e-09,0.0499998878245,3.47336321902e-09,1.94874400465e-09,3.47348798385e-09,1.94883833409e-09,1.00003592047
val-gsm8k,c75896d63fe7da0a,answer64,calibrated_0.05,128,1.001,3.2322780102e-07,1.72557633253e-07,0.893995092311,0.0499998878245,0.00372404945017,0.00262219226624,2.70961117494e-08,1.30179141476e-08,7.27598065277e-06
val-gsm8k,c75896d63fe7da0a,answer64,calibrated_0.05,128,1.05,3.2322780102e-07,1.72557633253e-07,3.37592878014e-07,0.0499998878245,1.84137386596e-07,1.00868872714e-07,2.39630333989e-08,1.15887408769e-08,0.130136708475
val-gsm8k,c75896d63fe7da0a,answer64,calibrated_0.05,128,2.0,3.2322780102e-07,1.72557633253e-07,3.73396048574e-09,0.0499998878245,3.47336321902e-09,1.94874400465e-09,3.47348798385e-09,1.94883833409e-09,1.00003592047
val-gsm8k,c75896d63fe7da0a,answer128,real_base_to_step8,1,1.001,0.463077639614,0.466207836325,0.323977106689,0.0152749269934,0.00977813132332,0.00474666907527,0.0077544169887,0.00339809659375,0.793036699171
val-gsm8k,c75896d63fe7da0a,answer128,real_base_to_step8,1,1.05,0.463077639614,0.466207836325,0.0141147307265,0.0152749269934,0.000161324222339,8.91043734956e-05,0.00016132422235,8.91043734988e-05,1.00000000007
val-gsm8k,c75896d63fe7da0a,answer128,real_base_to_step8,1,2.0,0.463077639614,0.466207836325,0,0.0152749269934,1.10710448832e-14,6.30295569163e-15,0,0,
val-gsm8k,c75896d63fe7da0a,answer128,real_base_to_step8,4,1.001,0.145038078677,0.145669212078,0.323977106689,0.0152749269934,0.00977813132332,0.00474666907527,0.00371967166835,0.00144742401532,0.380407211292
val-gsm8k,c75896d63fe7da0a,answer128,real_base_to_step8,4,1.05,0.145038078677,0.145669212078,0.0141147307265,0.0152749269934,0.000161324222339,8.91043734956e-05,0.00016132422235,8.91043734988e-05,1.00000000007
val-gsm8k,c75896d63fe7da0a,answer128,real_base_to_step8,4,2.0,0.145038078677,0.145669212078,0,0.0152749269934,1.10710448832e-14,6.30295569163e-15,0,0,
val-gsm8k,c75896d63fe7da0a,answer128,real_base_to_step8,8,1.001,0.0368026975304,0.0371153580872,0.323977106689,0.0152749269934,0.00977813132332,0.00474666907527,0.00145773669645,0.000733118562736,0.149081317099
val-gsm8k,c75896d63fe7da0a,answer128,real_base_to_step8,8,1.05,0.0368026975304,0.0371153580872,0.0141147307265,0.0152749269934,0.000161324222339,8.91043734956e-05,0.00016132422235,8.91043734988e-05,1.00000000007
val-gsm8k,c75896d63fe7da0a,answer128,real_base_to_step8,8,2.0,0.0368026975304,0.0371153580872,0,0.0152749269934,1.10710448832e-14,6.30295569163e-15,0,0,
val-gsm8k,c75896d63fe7da0a,answer128,real_base_to_step8,32,1.001,0.000879628705531,0.000887381796822,0.323977106689,0.0152749269934,0.00977813132332,0.00474666907527,1.72934209871e-05,4.11230322133e-06,0.00176858137974
val-gsm8k,c75896d63fe7da0a,answer128,real_base_to_step8,32,1.05,0.000879628705531,0.000887381796822,0.0141147307265,0.0152749269934,0.000161324222339,8.91043734956e-05,1.47085828258e-06,5.79800603532e-07,0.00911740506944
val-gsm8k,c75896d63fe7da0a,answer128,real_base_to_step8,32,2.0,0.000879628705531,0.000887381796822,0,0.0152749269934,1.10710448832e-14,6.30295569163e-15,0,0,
val-gsm8k,c75896d63fe7da0a,answer128,real_base_to_step8,128,1.001,0.000209606004611,0.000211681038938,0.323977106689,0.0152749269934,0.00977813132332,0.00474666907527,4.02828195427e-06,7.19582606259e-07,0.000411968485702
val-gsm8k,c75896d63fe7da0a,answer128,real_base_to_step8,128,1.05,0.000209606004611,0.000211681038938,0.0141147307265,0.0152749269934,0.000161324222339,8.91043734956e-05,1.84702895131e-07,5.56845461111e-08,0.0011449173128
val-gsm8k,c75896d63fe7da0a,answer128,real_base_to_step8,128,2.0,0.000209606004611,0.000211681038938,0,0.0152749269934,1.10710448832e-14,6.30295569163e-15,0,0,
val-gsm8k,c75896d63fe7da0a,answer128,calibrated_0.016,1,1.001,0.463077639614,0.47027656378,0.208485340359,0.0159993362529,0.0123190309298,0.00518719500094,0.00914258686659,0.00356725028764,0.742151466192
val-gsm8k,c75896d63fe7da0a,answer128,calibrated_0.016,1,1.05,0.463077639614,0.47027656378,0.05091782424,0.0159993362529,0.0019394330837,0.000979299436102,0.0019394330837,0.000979299436101,0.999999999999
val-gsm8k,c75896d63fe7da0a,answer128,calibrated_0.016,1,2.0,0.463077639614,0.47027656378,0,0.0159993362529,2.06351598481e-15,1.18441326269e-15,0,0,
val-gsm8k,c75896d63fe7da0a,answer128,calibrated_0.016,4,1.001,0.145038078677,0.151025941574,0.208485340359,0.0159993362529,0.0123190309298,0.00518719500094,0.00283887630576,0.00125889918913,0.230446398093
val-gsm8k,c75896d63fe7da0a,answer128,calibrated_0.016,4,1.05,0.145038078677,0.151025941574,0.05091782424,0.0159993362529,0.0019394330837,0.000979299436102,0.0019394330837,0.000979299436101,0.999999999999
val-gsm8k,c75896d63fe7da0a,answer128,calibrated_0.016,4,2.0,0.145038078677,0.151025941574,0,0.0159993362529,2.06351598481e-15,1.18441326269e-15,0,0,
val-gsm8k,c75896d63fe7da0a,answer128,calibrated_0.016,8,1.001,0.0368026975304,0.0377302352349,0.208485340359,0.0159993362529,0.0123190309298,0.00518719500094,0.000661253838294,0.000276432555207,0.053677423335
val-gsm8k,c75896d63fe7da0a,answer128,calibrated_0.016,8,1.05,0.0368026975304,0.0377302352349,0.05091782424,0.0159993362529,0.0019394330837,0.000979299436102,0.000108096790004,6.00272208415e-05,0.055736282377
val-gsm8k,c75896d63fe7da0a,answer128,calibrated_0.016,8,2.0,0.0368026975304,0.0377302352349,0,0.0159993362529,2.06351598481e-15,1.18441326269e-15,0,0,
val-gsm8k,c75896d63fe7da0a,answer128,calibrated_0.016,32,1.001,0.000879628705531,0.000894828997329,0.208485340359,0.0159993362529,0.0123190309298,0.00518719500094,2.07982398625e-05,3.66456542403e-06,0.00168830161894
val-gsm8k,c75896d63fe7da0a,answer128,calibrated_0.016,32,1.05,0.000879628705531,0.000894828997329,0.05091782424,0.0159993362529,0.0019394330837,0.000979299436102,4.14097916897e-06,1.39152329151e-06,0.00213514928861
val-gsm8k,c75896d63fe7da0a,answer128,calibrated_0.016,32,2.0,0.000879628705531,0.000894828997329,0,0.0159993362529,2.06351598481e-15,1.18441326269e-15,0,0,
val-gsm8k,c75896d63fe7da0a,answer128,calibrated_0.016,128,1.001,0.000209606004611,0.000211608313864,0.208485340359,0.0159993362529,0.0123190309298,0.00518719500094,5.25505978866e-06,1.06203503265e-06,0.000426580614873
val-gsm8k,c75896d63fe7da0a,answer128,calibrated_0.016,128,1.05,0.000209606004611,0.000211608313864,0.05091782424,0.0159993362529,0.0019394330837,0.000979299436102,7.00949937043e-07,2.10477219551e-07,0.000361420016464
val-gsm8k,c75896d63fe7da0a,answer128,calibrated_0.016,128,2.0,0.000209606004611,0.000211608313864,0,0.0159993362529,2.06351598481e-15,1.18441326269e-15,0,0,
val-gsm8k,c75896d63fe7da0a,answer128,calibrated_0.05,1,1.001,0.463077639614,0.485670997387,0.208533954481,0.0499993206282,0.0389632830951,0.0163977173524,0.0283766909758,0.0111982952481,0.728293119102
val-gsm8k,c75896d63fe7da0a,answer128,calibrated_0.05,1,1.05,0.463077639614,0.485670997387,0.194070177836,0.0499993206282,0.0240317231626,0.0104496891972,0.0240317231626,0.0104496891972,1
val-gsm8k,c75896d63fe7da0a,answer128,calibrated_0.05,1,2.0,0.463077639614,0.485670997387,0,0.0499993206282,8.19058280138e-15,4.53427207259e-15,0,0,
val-gsm8k,c75896d63fe7da0a,answer128,calibrated_0.05,4,1.001,0.145038078677,0.164210859007,0.208533954481,0.0499993206282,0.0389632830951,0.0163977173524,0.00877415771904,0.0039234988995,0.225190410614
val-gsm8k,c75896d63fe7da0a,answer128,calibrated_0.05,4,1.05,0.145038078677,0.164210859007,0.194070177836,0.0499993206282,0.0240317231626,0.0104496891972,0.00915107809676,0.00407081841215,0.380791590967
val-gsm8k,c75896d63fe7da0a,answer128,calibrated_0.05,4,2.0,0.145038078677,0.164210859007,0,0.0499993206282,8.19058280138e-15,4.53427207259e-15,0,0,
val-gsm8k,c75896d63fe7da0a,answer128,calibrated_0.05,8,1.001,0.0368026975304,0.0397139071603,0.208533954481,0.0499993206282,0.0389632830951,0.0163977173524,0.00203339714076,0.000854483766848,0.0521875206408
val-gsm8k,c75896d63fe7da0a,answer128,calibrated_0.05,8,1.05,0.0368026975304,0.0397139071603,0.194070177836,0.0499993206282,0.0240317231626,0.0104496891972,0.00211701334398,0.000840317407521,0.0880924488711
val-gsm8k,c75896d63fe7da0a,answer128,calibrated_0.05,8,2.0,0.0368026975304,0.0397139071603,0,0.0499993206282,8.19058280138e-15,4.53427207259e-15,0,0,
val-gsm8k,c75896d63fe7da0a,answer128,calibrated_0.05,32,1.001,0.000879628705531,0.000928131375859,0.208533954481,0.0499993206282,0.0389632830951,0.0163977173524,6.38453836131e-05,1.10045647079e-05,0.00163860379674
val-gsm8k,c75896d63fe7da0a,answer128,calibrated_0.05,32,1.05,0.000879628705531,0.000928131375859,0.194070177836,0.0499993206282,0.0240317231626,0.0104496891972,6.6954303946e-05,1.89718383734e-05,0.00278608002818
val-gsm8k,c75896d63fe7da0a,answer128,calibrated_0.05,32,2.0,0.000879628705531,0.000928131375859,0,0.0499993206282,8.19058280138e-15,4.53427207259e-15,0,0,
val-gsm8k,c75896d63fe7da0a,answer128,calibrated_0.05,128,1.001,0.000209606004611,0.000216158599912,0.208533954481,0.0499993206282,0.0389632830951,0.0163977173524,1.6089446487e-05,3.05120979028e-06,0.000412938674796
val-gsm8k,c75896d63fe7da0a,answer128,calibrated_0.05,128,1.05,0.000209606004611,0.000216158599912,0.194070177836,0.0499993206282,0.0240317231626,0.0104496891972,1.3099935975e-05,3.68170741413e-06,0.000545110139892
val-gsm8k,c75896d63fe7da0a,answer128,calibrated_0.05,128,2.0,0.000209606004611,0.000216158599912,0,0.0499993206282,8.19058280138e-15,4.53427207259e-15,0,0,
val-gsm8k,c75896d63fe7da0a,answer256,real_base_to_step8,1,1.001,0.000100928820423,0.000108493652229,0.000100926976967,1.48592130037e-05,1.49262529206e-05,1.04764724797e-05,5.98335267037e-08,2.9761221313e-08,0.0040086099989
val-gsm8k,c75896d63fe7da0a,answer256,real_base_to_step8,1,1.05,0.000100928820423,0.000108493652229,0.000100474315523,1.48592130037e-05,5.04889943186e-06,3.55263005278e-06,6.27610939184e-08,3.121623751e-08,0.0124306484543
val-gsm8k,c75896d63fe7da0a,answer256,real_base_to_step8,1,2.0,0.000100928820423,0.000108493652229,0,1.48592130037e-05,3.72187129001e-13,3.72146759964e-13,0,0,
val-gsm8k,c75896d63fe7da0a,answer256,real_base_to_step8,4,1.001,8.61507462114e-07,9.11750295673e-07,0.000100926976967,1.48592130037e-05,1.49262529206e-05,1.04764724797e-05,1.91803921775e-08,1.0475726703e-08,0.00128501053007
val-gsm8k,c75896d63fe7da0a,answer256,real_base_to_step8,4,1.05,8.61507462114e-07,9.11750295673e-07,0.000100474315523,1.48592130037e-05,5.04889943186e-06,3.55263005278e-06,2.01192867213e-08,1.18488621605e-08,0.00398488561572
val-gsm8k,c75896d63fe7da0a,answer256,real_base_to_step8,4,2.0,8.61507462114e-07,9.11750295673e-07,0,1.48592130037e-05,3.72187129001e-13,3.72146759964e-13,0,0,
val-gsm8k,c75896d63fe7da0a,answer256,real_base_to_step8,8,1.001,1.16269807197e-07,1.21150141781e-07,0.000100926976967,1.48592130037e-05,1.49262529206e-05,1.04764724797e-05,1.31794175738e-09,2.4711840432e-10,8.82968930239e-05
val-gsm8k,c75896d63fe7da0a,answer256,real_base_to_step8,8,1.05,1.16269807197e-07,1.21150141781e-07,0.000100474315523,1.48592130037e-05,5.04889943186e-06,3.55263005278e-06,9.09894854838e-10,4.70522789118e-10,0.000180216474326
val-gsm8k,c75896d63fe7da0a,answer256,real_base_to_step8,8,2.0,1.16269807197e-07,1.21150141781e-07,0,1.48592130037e-05,3.72187129001e-13,3.72146759964e-13,0,0,
val-gsm8k,c75896d63fe7da0a,answer256,real_base_to_step8,32,1.001,1.82531243084e-08,1.91218143032e-08,0.000100926976967,1.48592130037e-05,1.49262529206e-05,1.04764724797e-05,3.95118582694e-10,5.20514947775e-11,2.64713846667e-05
val-gsm8k,c75896d63fe7da0a,answer256,real_base_to_step8,32,1.05,1.82531243084e-08,1.91218143032e-08,0.000100474315523,1.48592130037e-05,5.04889943186e-06,3.55263005278e-06,3.67084691275e-10,1.85935592062e-10,7.27058829809e-05
val-gsm8k,c75896d63fe7da0a,answer256,real_base_to_step8,32,2.0,1.82531243084e-08,1.91218143032e-08,0,1.48592130037e-05,3.72187129001e-13,3.72146759964e-13,0,0,
val-gsm8k,c75896d63fe7da0a,answer256,real_base_to_step8,128,1.001,5.99483536876e-09,6.27123841576e-09,0.000100926976967,1.48592130037e-05,1.49262529206e-05,1.04764724797e-05,1.04598806648e-10,6.30498824845e-12,7.00770697136e-06
val-gsm8k,c75896d63fe7da0a,answer256,real_base_to_step8,128,1.05,5.99483536876e-09,6.27123841576e-09,0.000100474315523,1.48592130037e-05,5.04889943186e-06,3.55263005278e-06,8.76483780632e-11,4.39832371256e-11,1.73598977849e-05
val-gsm8k,c75896d63fe7da0a,answer256,real_base_to_step8,128,2.0,5.99483536876e-09,6.27123841576e-09,0,1.48592130037e-05,3.72187129001e-13,3.72146759964e-13,0,0,
val-gsm8k,c75896d63fe7da0a,answer256,calibrated_0.016,1,1.001,0.000100928820423,0.0157240465587,0.000100917233901,0.016000393604,0.0307547369027,0.0182118129576,0.000184421539188,0.000111358349139,0.00599652469052
val-gsm8k,c75896d63fe7da0a,answer256,calibrated_0.016,1,1.05,0.000100928820423,0.0157240465587,0.000100917176114,0.016000393604,0.0307450025283,0.0182074489977,0.000193449162912,0.000116809456498,0.00629205226879
val-gsm8k,c75896d63fe7da0a,answer256,calibrated_0.016,1,2.0,0.000100928820423,0.0157240465587,0.00010087042868,0.016000393604,0.0305563242401,0.0181231683337,0.000368473825784,0.000222494075145,0.0120588400257
val-gsm8k,c75896d63fe7da0a,answer256,calibrated_0.016,4,1.001,8.61507462114e-07,0.0141012828634,0.000100917233901,0.016000393604,0.0307547369027,0.0182118129576,1.2356936075e-06,6.45351225239e-07,4.01789685734e-05
val-gsm8k,c75896d63fe7da0a,answer256,calibrated_0.016,4,1.05,8.61507462114e-07,0.0141012828634,0.000100917176114,0.016000393604,0.0307450025283,0.0182074489977,1.29617817361e-06,6.76942631129e-07,4.21589873808e-05
val-gsm8k,c75896d63fe7da0a,answer256,calibrated_0.016,4,2.0,8.61507462114e-07,0.0141012828634,0.00010087042868,0.016000393604,0.0305563242401,0.0181231683337,2.46816633737e-06,1.28844865465e-06,8.07743208237e-05
val-gsm8k,c75896d63fe7da0a,answer256,calibrated_0.016,8,1.001,1.16269807197e-07,0.00857366821615,0.000100917233901,0.016000393604,0.0307547369027,0.0182118129576,2.24845012708e-07,1.2148394564e-07,7.31090672047e-06
val-gsm8k,c75896d63fe7da0a,answer256,calibrated_0.016,8,1.05,1.16269807197e-07,0.00857366821615,0.000100917176114,0.016000393604,0.0307450025283,0.0182074489977,2.35849018614e-07,1.27439206084e-07,7.67113349224e-06
val-gsm8k,c75896d63fe7da0a,answer256,calibrated_0.016,8,2.0,1.16269807197e-07,0.00857366821615,0.00010087042868,0.016000393604,0.0305563242401,0.0181231683337,4.4878310072e-07,2.38390089817e-07,1.46870774506e-05
val-gsm8k,c75896d63fe7da0a,answer256,calibrated_0.016,32,1.001,1.82531243084e-08,0.000126494508552,0.000100917233901,0.016000393604,0.0307547369027,0.0182118129576,3.17021813644e-08,6.7730848573e-09,1.0308064564e-06
val-gsm8k,c75896d63fe7da0a,answer256,calibrated_0.016,32,1.05,1.82531243084e-08,0.000126494508552,0.000100917176114,0.016000393604,0.0307450025283,0.0182074489977,3.32540154779e-08,7.14961391744e-09,1.08160717981e-06
val-gsm8k,c75896d63fe7da0a,answer256,calibrated_0.016,32,2.0,1.82531243084e-08,0.000126494508552,0.00010087042868,0.016000393604,0.0305563242401,0.0181231683337,6.3340407683e-08,1.49921065203e-08,2.07290664889e-06
val-gsm8k,c75896d63fe7da0a,answer256,calibrated_0.016,128,1.001,5.99483536876e-09,8.6507208123e-05,0.000100917233901,0.016000393604,0.0307547369027,0.0182118129576,1.09967098816e-08,2.62261243647e-09,3.57561500732e-07
val-gsm8k,c75896d63fe7da0a,answer256,calibrated_0.016,128,1.05,5.99483536876e-09,8.6507208123e-05,0.000100917176114,0.016000393604,0.0307450025283,0.0182074489977,1.15350069397e-08,2.75873438602e-09,3.75183151442e-07
val-gsm8k,c75896d63fe7da0a,answer256,calibrated_0.016,128,2.0,5.99483536876e-09,8.6507208123e-05,0.00010087042868,0.016000393604,0.0305563242401,0.0181231683337,2.19713502605e-08,5.47313223841e-09,7.19044283202e-07
val-gsm8k,c75896d63fe7da0a,answer256,calibrated_0.05,1,1.001,0.000100928820423,0.0486093289768,0.000100917180593,0.0499973833074,0.0923007042269,0.0569137010272,0.000194086333996,0.000120571235615,0.00210276113949
val-gsm8k,c75896d63fe7da0a,answer256,calibrated_0.05,1,1.05,0.000100928820423,0.0486093289768,0.00010091679315,0.0499973833074,0.0922912951226,0.0569098806873,0.000203587051373,0.000126473321483,0.00220591824075
val-gsm8k,c75896d63fe7da0a,answer256,calibrated_0.05,1,2.0,0.000100928820423,0.0486093289768,0.000100870433475,0.0499973833074,0.0921089250259,0.0568359386891,0.000387782394769,0.000240901038198,0.00421004147709
val-gsm8k,c75896d63fe7da0a,answer256,calibrated_0.05,4,1.001,8.61507462114e-07,0.0464351507932,0.000100917180593,0.0499973833074,0.0923007042269,0.0569137010272,1.2408784699e-06,7.22053004481e-07,1.3443867848e-05
val-gsm8k,c75896d63fe7da0a,answer256,calibrated_0.05,4,1.05,8.61507462114e-07,0.0464351507932,0.00010091679315,0.0499973833074,0.0922912951226,0.0569098806873,1.30160873398e-06,7.57396145455e-07,1.41032665351e-05
val-gsm8k,c75896d63fe7da0a,answer256,calibrated_0.05,4,2.0,8.61507462114e-07,0.0464351507932,0.000100870433475,0.0499973833074,0.0921089250259,0.0568359386891,2.47683409605e-06,1.44122082824e-06,2.68902725263e-05
val-gsm8k,c75896d63fe7da0a,answer256,calibrated_0.05,8,1.001,1.16269807197e-07,0.0336037130666,0.000100917180593,0.0499973833074,0.0923007042269,0.0569137010272,2.25114119302e-07,1.22656313579e-07,2.43892092901e-06
val-gsm8k,c75896d63fe7da0a,answer256,calibrated_0.05,8,1.05,1.16269807197e-07,0.0336037130666,0.00010091679315,0.0499973833074,0.0922912951226,0.0569098806873,2.36125144239e-07,1.28665075517e-07,2.55847687396e-06
val-gsm8k,c75896d63fe7da0a,answer256,calibrated_0.05,8,2.0,1.16269807197e-07,0.0336037130666,0.000100870433475,0.0499973833074,0.0921089250259,0.0568359386891,4.48043475918e-07,2.39984530426e-07,4.86427863306e-06
val-gsm8k,c75896d63fe7da0a,answer256,calibrated_0.05,32,1.001,1.82531243084e-08,0.000371573218324,0.000100917180593,0.0499973833074,0.0923007042269,0.0569137010272,3.22933233796e-08,7.16859445943e-09,3.49870823306e-07
val-gsm8k,c75896d63fe7da0a,answer256,calibrated_0.05,32,1.05,1.82531243084e-08,0.000371573218324,0.00010091679315,0.0499973833074,0.0922912951226,0.0569098806873,3.38740571953e-08,7.55905006408e-09,3.6703415149e-07
val-gsm8k,c75896d63fe7da0a,answer256,calibrated_0.05,32,2.0,1.82531243084e-08,0.000371573218324,0.000100870433475,0.0499973833074,0.0921089250259,0.0568359386891,6.45204473414e-08,1.55732511404e-08,7.00479864717e-07
val-gsm8k,c75896d63fe7da0a,answer256,calibrated_0.05,128,1.001,5.99483536876e-09,0.000276382756296,0.000100917180593,0.0499973833074,0.0923007042269,0.0569137010272,1.11681353082e-08,2.69869340211e-09,1.2099729251e-07
val-gsm8k,c75896d63fe7da0a,answer256,calibrated_0.05,128,1.05,5.99483536876e-09,0.000276382756296,0.00010091679315,0.0499973833074,0.0922912951226,0.0569098806873,1.17148167585e-08,2.83752959383e-09,1.26933062787e-07
val-gsm8k,c75896d63fe7da0a,answer256,calibrated_0.05,128,2.0,5.99483536876e-09,0.000276382756296,0.000100870433475,0.0499973833074,0.0921089250259,0.0568359386891,2.23136668889e-08,5.59418603175e-09,2.42253037723e-07
val-gsm8k,53c5ed9ea123af8d,prompt,real_base_to_step8,1,1.001,0.000563664832229,0.000554080331259,0.00010429549877,2.35205174619e-05,3.97990032239e-06,2.00603658103e-06,3.97990031861e-06,2.00603657728e-06,0.999999999051
val-gsm8k,53c5ed9ea123af8d,prompt,real_base_to_step8,1,1.05,0.000563664832229,0.000554080331259,5.88752622085e-06,2.35205174619e-05,2.3709390125e-07,1.4583505683e-07,2.37093897473e-07,1.45835053763e-07,0.99999998407
val-gsm8k,53c5ed9ea123af8d,prompt,real_base_to_step8,1,2.0,0.000563664832229,0.000554080331259,0,2.35205174619e-05,3.77684363933e-15,3.77475834773e-15,0,0,
val-gsm8k,53c5ed9ea123af8d,prompt,real_base_to_step8,4,1.001,0.000304720758806,0.000301298362087,0.00010429549877,2.35205174619e-05,3.97990032239e-06,2.00603658103e-06,3.97990031861e-06,2.00603657728e-06,0.999999999051
val-gsm8k,53c5ed9ea123af8d,prompt,real_base_to_step8,4,1.05,0.000304720758806,0.000301298362087,5.88752622085e-06,2.35205174619e-05,2.3709390125e-07,1.4583505683e-07,2.37093897473e-07,1.45835053763e-07,0.99999998407
val-gsm8k,53c5ed9ea123af8d,prompt,real_base_to_step8,4,2.0,0.000304720758806,0.000301298362087,0,2.35205174619e-05,3.77684363933e-15,3.77475834773e-15,0,0,
val-gsm8k,53c5ed9ea123af8d,prompt,real_base_to_step8,8,1.001,0.000251988042934,0.00025033523634,0.00010429549877,2.35205174619e-05,3.97990032239e-06,2.00603658103e-06,3.73088560186e-06,1.87856509656e-06,0.937431920311
val-gsm8k,53c5ed9ea123af8d,prompt,real_base_to_step8,8,1.05,0.000251988042934,0.00025033523634,5.88752622085e-06,2.35205174619e-05,2.3709390125e-07,1.4583505683e-07,2.37093897473e-07,1.45835053763e-07,0.99999998407
val-gsm8k,53c5ed9ea123af8d,prompt,real_base_to_step8,8,2.0,0.000251988042934,0.00025033523634,0,2.35205174619e-05,3.77684363933e-15,3.77475834773e-15,0,0,
val-gsm8k,53c5ed9ea123af8d,prompt,real_base_to_step8,32,1.001,0.000197423443076,0.000196178929814,0.00010429549877,2.35205174619e-05,3.97990032239e-06,2.00603658103e-06,2.87902782165e-06,1.44178208342e-06,0.723391941616
val-gsm8k,53c5ed9ea123af8d,prompt,real_base_to_step8,32,1.05,0.000197423443076,0.000196178929814,5.88752622085e-06,2.35205174619e-05,2.3709390125e-07,1.4583505683e-07,5.93951937435e-08,3.0246817089e-08,0.250513376474
val-gsm8k,53c5ed9ea123af8d,prompt,real_base_to_step8,32,2.0,0.000197423443076,0.000196178929814,0,2.35205174619e-05,3.77684363933e-15,3.77475834773e-15,0,0,
val-gsm8k,53c5ed9ea123af8d,prompt,real_base_to_step8,128,1.001,0.000149618111001,0.000148589109323,0.00010429549877,2.35205174619e-05,3.97990032239e-06,2.00603658103e-06,2.05121409824e-06,1.02603268012e-06,0.515393334527
val-gsm8k,53c5ed9ea123af8d,prompt,real_base_to_step8,128,1.05,0.000149618111001,0.000148589109323,5.88752622085e-06,2.35205174619e-05,2.3709390125e-07,1.4583505683e-07,5.29593274884e-08,2.69061075663e-08,0.223368577636
val-gsm8k,53c5ed9ea123af8d,prompt,real_base_to_step8,128,2.0,0.000149618111001,0.000148589109323,0,2.35205174619e-05,3.77684363933e-15,3.77475834773e-15,0,0,
val-gsm8k,53c5ed9ea123af8d,prompt,calibrated_0.016,1,1.001,0.000563664832229,0.0147907238226,0.000314058154737,0.0160000560159,0.0284375765954,0.0187870725453,0.000656293903336,0.000363425217775,0.0230784047696
val-gsm8k,53c5ed9ea123af8d,prompt,calibrated_0.016,1,1.05,0.000563664832229,0.0147907238226,0.000313207919765,0.0160000560159,0.0284073296153,0.018769964395,0.000688359769627,0.000382404902894,0.0242317662008
val-gsm8k,53c5ed9ea123af8d,prompt,calibrated_0.016,1,2.0,0.000563664832229,0.0147907238226,0.000296482338712,0.0160000560159,0.0278390959954,0.018445177429,0.00130979501603,0.000756562162716,0.0470487625118
val-gsm8k,53c5ed9ea123af8d,prompt,calibrated_0.016,4,1.001,0.000304720758806,0.00153903824654,0.000314058154737,0.0160000560159,0.0284375765954,0.0187870725453,0.000468681168638,0.000179413015566,0.0164810516489
val-gsm8k,53c5ed9ea123af8d,prompt,calibrated_0.016,4,1.05,0.000304720758806,0.00153903824654,0.000313207919765,0.0160000560159,0.0284073296153,0.018769964395,0.000491617977653,0.000190144606457,0.0173060257444
val-gsm8k,53c5ed9ea123af8d,prompt,calibrated_0.016,4,2.0,0.000304720758806,0.00153903824654,0.000296482338712,0.0160000560159,0.0278390959954,0.018445177429,0.000936285535837,0.000407210046469,0.0336320380514
val-gsm8k,53c5ed9ea123af8d,prompt,calibrated_0.016,8,1.001,0.000251988042934,0.00153495589136,0.000314058154737,0.0160000560159,0.0284375765954,0.0187870725453,0.000374697505305,0.000131230453295,0.0131761405213
val-gsm8k,53c5ed9ea123af8d,prompt,calibrated_0.016,8,1.05,0.000251988042934,0.00153495589136,0.000313207919765,0.0160000560159,0.0284073296153,0.018769964395,0.000393034403248,0.000139403550879,0.0138356687718
val-gsm8k,53c5ed9ea123af8d,prompt,calibrated_0.016,8,2.0,0.000251988042934,0.00153495589136,0.000296482338712,0.0160000560159,0.0278390959954,0.018445177429,0.000748520658994,0.000306863809875,0.0268873909956
val-gsm8k,53c5ed9ea123af8d,prompt,calibrated_0.016,32,1.001,0.000197423443076,0.00132104268941,0.000314058154737,0.0160000560159,0.0284375765954,0.0187870725453,0.000300595517522,0.000103120706126,0.010570363354
val-gsm8k,53c5ed9ea123af8d,prompt,calibrated_0.016,32,1.05,0.000197423443076,0.00132104268941,0.000313207919765,0.0160000560159,0.0284073296153,0.018769964395,0.000315306672751,0.000109528116577,0.0110994830215
val-gsm8k,53c5ed9ea123af8d,prompt,calibrated_0.016,32,2.0,0.000197423443076,0.00132104268941,0.000296482338712,0.0160000560159,0.0278390959954,0.018445177429,0.000600503028734,0.000242024828727,0.0215704931235
val-gsm8k,53c5ed9ea123af8d,prompt,calibrated_0.016,128,1.001,0.000149618111001,0.001124772826,0.000314058154737,0.0160000560159,0.0284375765954,0.0187870725453,0.000233766780046,7.87835674425e-05,0.0082203481461
val-gsm8k,53c5ed9ea123af8d,prompt,calibrated_0.016,128,1.05,0.000149618111001,0.001124772826,0.000313207919765,0.0160000560159,0.0284073296153,0.018769964395,0.000245207867808,8.36205291535e-05,0.00863185210043
val-gsm8k,53c5ed9ea123af8d,prompt,calibrated_0.016,128,2.0,0.000149618111001,0.001124772826,0.000296482338712,0.0160000560159,0.0278390959954,0.018445177429,0.000467010006013,0.000184608122062,0.0167753294176
val-gsm8k,53c5ed9ea123af8d,prompt,calibrated_0.05,1,1.001,0.000563664832229,0.0473017433229,0.000313557630456,0.0499995724258,0.0894709542806,0.0587198619361,0.00067989094681,0.000359235222939,0.00759901302357
val-gsm8k,53c5ed9ea123af8d,prompt,calibrated_0.05,1,1.05,0.000563664832229,0.0473017433229,0.000312654004977,0.0499995724258,0.0894418072274,0.0587034201373,0.000713026152422,0.000377661961235,0.00797195600721
val-gsm8k,53c5ed9ea123af8d,prompt,calibrated_0.05,1,2.0,0.000563664832229,0.0473017433229,0.000299468924653,0.0499995724258,0.0888904061188,0.0583897339857,0.00135479726046,0.000739304749378,0.0152412090305
val-gsm8k,53c5ed9ea123af8d,prompt,calibrated_0.05,4,1.001,0.000304720758806,0.00602274816705,0.000313557630456,0.0499995724258,0.0894709542806,0.0587198619361,0.000518899239554,0.000187587637549,0.00579963904181
val-gsm8k,53c5ed9ea123af8d,prompt,calibrated_0.05,4,1.05,0.000304720758806,0.00602274816705,0.000312654004977,0.0499995724258,0.0894418072274,0.0587034201373,0.000544282835541,0.000198161281967,0.00608532913648
val-gsm8k,53c5ed9ea123af8d,prompt,calibrated_0.05,4,2.0,0.000304720758806,0.00602274816705,0.000299468924653,0.0499995724258,0.0888904061188,0.0583897339857,0.00103633247132,0.000409901788096,0.0116585413046
val-gsm8k,53c5ed9ea123af8d,prompt,calibrated_0.05,8,1.001,0.000251988042934,0.00602068138268,0.000313557630456,0.0499995724258,0.0894709542806,0.0587198619361,0.000420948873192,0.000138787360064,0.00470486625047
val-gsm8k,53c5ed9ea123af8d,prompt,calibrated_0.05,8,1.05,0.000251988042934,0.00602068138268,0.000312654004977,0.0499995724258,0.0894418072274,0.0587034201373,0.000441539027346,0.000146867524372,0.00493660672825
val-gsm8k,53c5ed9ea123af8d,prompt,calibrated_0.05,8,2.0,0.000251988042934,0.00602068138268,0.000299468924653,0.0499995724258,0.0888904061188,0.0583897339857,0.000840655545758,0.000310254857584,0.00945721346614
val-gsm8k,53c5ed9ea123af8d,prompt,calibrated_0.05,32,1.001,0.000197423443076,0.00557496602733,0.000313557630456,0.0499995724258,0.0894709542806,0.0587198619361,0.000338136555853,0.000109327173095,0.0037792885811
val-gsm8k,53c5ed9ea123af8d,prompt,calibrated_0.05,32,1.05,0.000197423443076,0.00557496602733,0.000312654004977,0.0499995724258,0.0894418072274,0.0587034201373,0.000354677234797,0.000115684685813,0.00396545246336
val-gsm8k,53c5ed9ea123af8d,prompt,calibrated_0.05,32,2.0,0.000197423443076,0.00557496602733,0.000299468924653,0.0499995724258,0.0888904061188,0.0583897339857,0.000675295398454,0.000245088681229,0.00759694356162
val-gsm8k,53c5ed9ea123af8d,prompt,calibrated_0.05,128,1.001,0.000149618111001,0.00512830375451,0.000313557630456,0.0499995724258,0.0894709542806,0.0587198619361,0.000261181225185,8.36792383714e-05,0.00291917334832
val-gsm8k,53c5ed9ea123af8d,prompt,calibrated_0.05,128,1.05,0.000149618111001,0.00512830375451,0.000312654004977,0.0499995724258,0.0894418072274,0.0587034201373,0.000273958572088,8.85013548179e-05,0.00306298117827
val-gsm8k,53c5ed9ea123af8d,prompt,calibrated_0.05,128,2.0,0.000149618111001,0.00512830375451,0.000299468924653,0.0499995724258,0.0888904061188,0.0583897339857,0.000521627070939,0.000187310224682,0.00586820438464
val-gsm8k,53c5ed9ea123af8d,answer16,real_base_to_step8,1,1.001,0.0310000689801,0.0325542366279,0.0309988503149,0.0030708732494,0.00294722629353,0.0019115141509,0.000229897260481,0.000162465040673,0.0780046177606
val-gsm8k,53c5ed9ea123af8d,answer16,real_base_to_step8,1,1.05,0.0310000689801,0.0325542366279,0.0223372658985,0.0030708732494,0.000241356335389,0.000169875855119,0.000235520777579,0.000164981029325,0.975821816316
val-gsm8k,53c5ed9ea123af8d,answer16,real_base_to_step8,1,2.0,0.0310000689801,0.0325542366279,0,0.0030708732494,3.17537066942e-13,3.07303152459e-13,0,0,
val-gsm8k,53c5ed9ea123af8d,answer16,real_base_to_step8,4,1.001,2.50206506391e-06,2.4980991035e-06,0.0309988503149,0.0030708732494,0.00294722629353,0.0019115141509,4.71017575309e-08,2.40503894122e-08,1.59817241161e-05
val-gsm8k,53c5ed9ea123af8d,answer16,real_base_to_step8,4,1.05,2.50206506391e-06,2.4980991035e-06,0.0223372658985,0.0030708732494,0.000241356335389,0.000169875855119,3.22977641781e-09,1.76149988153e-09,1.3381776006e-05
val-gsm8k,53c5ed9ea123af8d,answer16,real_base_to_step8,4,2.0,2.50206506391e-06,2.4980991035e-06,0,0.0030708732494,3.17537066942e-13,3.07303152459e-13,0,0,
val-gsm8k,53c5ed9ea123af8d,answer16,real_base_to_step8,8,1.001,6.93476889583e-07,7.04481503734e-07,0.0309988503149,0.0030708732494,0.00294722629353,0.0019115141509,1.82644911281e-08,5.91185891812e-09,6.19717975787e-06
val-gsm8k,53c5ed9ea123af8d,answer16,real_base_to_step8,8,1.05,6.93476889583e-07,7.04481503734e-07,0.0223372658985,0.0030708732494,0.000241356335389,0.000169875855119,3.22977641781e-09,1.76149988153e-09,1.3381776006e-05
val-gsm8k,53c5ed9ea123af8d,answer16,real_base_to_step8,8,2.0,6.93476889583e-07,7.04481503734e-07,0,0.0030708732494,3.17537066942e-13,3.07303152459e-13,0,0,
val-gsm8k,53c5ed9ea123af8d,answer16,real_base_to_step8,32,1.001,1.41368662144e-07,1.43032539147e-07,0.0309988503149,0.0030708732494,0.00294722629353,0.0019115141509,4.01511954282e-09,1.51573669469e-09,1.36233839649e-06
val-gsm8k,53c5ed9ea123af8d,answer16,real_base_to_step8,32,1.05,1.41368662144e-07,1.43032539147e-07,0.0223372658985,0.0030708732494,0.000241356335389,0.000169875855119,9.71934762992e-10,5.63472052142e-10,4.02697017017e-06
val-gsm8k,53c5ed9ea123af8d,answer16,real_base_to_step8,32,2.0,1.41368662144e-07,1.43032539147e-07,0,0.0030708732494,3.17537066942e-13,3.07303152459e-13,0,0,
val-gsm8k,53c5ed9ea123af8d,answer16,real_base_to_step8,128,1.001,1.25320234022e-08,1.26938399041e-08,0.0309988503149,0.0030708732494,0.00294722629353,0.0019115141509,2.28647497999e-10,6.11447283239e-11,7.75805707557e-08
val-gsm8k,53c5ed9ea123af8d,answer16,real_base_to_step8,128,1.05,1.25320234022e-08,1.26938399041e-08,0.0223372658985,0.0030708732494,0.000241356335389,0.000169875855119,1.11201968226e-11,5.53848614149e-12,4.60737722284e-08
val-gsm8k,53c5ed9ea123af8d,answer16,real_base_to_step8,128,2.0,1.25320234022e-08,1.26938399041e-08,0,0.0030708732494,3.17537066942e-13,3.07303152459e-13,0,0,
val-gsm8k,53c5ed9ea123af8d,answer16,calibrated_0.016,1,1.001,0.0310000689801,0.0235664461044,0.968999960347,0.0160000443699,0.000304696021001,0.000190766063973,1.38920112219e-09,8.76594311727e-10,4.55930181701e-06
val-gsm8k,53c5ed9ea123af8d,answer16,calibrated_0.016,1,1.05,0.0310000689801,0.0235664461044,9.16162609918e-09,0.0160000443699,1.7758516082e-10,1.23101741432e-10,1.77913533629e-10,1.23327429182e-10,1.00184910049
val-gsm8k,53c5ed9ea123af8d,answer16,calibrated_0.016,1,2.0,0.0310000689801,0.0235664461044,0,0.0160000443699,3.28372814635e-13,3.2068547008e-13,0,0,
val-gsm8k,53c5ed9ea123af8d,answer16,calibrated_0.016,4,1.001,2.50206506391e-06,2.07191389991e-06,0.968999960347,0.0160000443699,0.000304696021001,0.000190766063973,1.38920112219e-09,8.76594311727e-10,4.55930181701e-06
val-gsm8k,53c5ed9ea123af8d,answer16,calibrated_0.016,4,1.05,2.50206506391e-06,2.07191389991e-06,9.16162609918e-09,0.0160000443699,1.7758516082e-10,1.23101741432e-10,1.77913533629e-10,1.23327429182e-10,1.00184910049
val-gsm8k,53c5ed9ea123af8d,answer16,calibrated_0.016,4,2.0,2.50206506391e-06,2.07191389991e-06,0,0.0160000443699,3.28372814635e-13,3.2068547008e-13,0,0,
val-gsm8k,53c5ed9ea123af8d,answer16,calibrated_0.016,8,1.001,6.93476889583e-07,5.80627186781e-07,0.968999960347,0.0160000443699,0.000304696021001,0.000190766063973,1.38920112219e-09,8.76594311727e-10,4.55930181701e-06
val-gsm8k,53c5ed9ea123af8d,answer16,calibrated_0.016,8,1.05,6.93476889583e-07,5.80627186781e-07,9.16162609918e-09,0.0160000443699,1.7758516082e-10,1.23101741432e-10,1.77913533629e-10,1.23327429182e-10,1.00184910049
val-gsm8k,53c5ed9ea123af8d,answer16,calibrated_0.016,8,2.0,6.93476889583e-07,5.80627186781e-07,0,0.0160000443699,3.28372814635e-13,3.2068547008e-13,0,0,
val-gsm8k,53c5ed9ea123af8d,answer16,calibrated_0.016,32,1.001,1.41368662144e-07,1.1516619028e-07,0.968999960347,0.0160000443699,0.000304696021001,0.000190766063973,2.05297352488e-11,1.08260203959e-11,6.73777595828e-08
val-gsm8k,53c5ed9ea123af8d,answer16,calibrated_0.016,32,1.05,1.41368662144e-07,1.1516619028e-07,9.16162609918e-09,0.0160000443699,1.7758516082e-10,1.23101741432e-10,2.84641644986e-12,1.49762527225e-12,0.016028458891
val-gsm8k,53c5ed9ea123af8d,answer16,calibrated_0.016,32,2.0,1.41368662144e-07,1.1516619028e-07,0,0.0160000443699,3.28372814635e-13,3.2068547008e-13,0,0,
val-gsm8k,53c5ed9ea123af8d,answer16,calibrated_0.016,128,1.001,1.25320234022e-08,9.92620909778e-09,0.968999960347,0.0160000443699,0.000304696021001,0.000190766063973,2.05297352488e-11,1.08260203959e-11,6.73777595828e-08
val-gsm8k,53c5ed9ea123af8d,answer16,calibrated_0.016,128,1.05,1.25320234022e-08,9.92620909778e-09,9.16162609918e-09,0.0160000443699,1.7758516082e-10,1.23101741432e-10,2.84641644986e-12,1.49762527225e-12,0.016028458891
val-gsm8k,53c5ed9ea123af8d,answer16,calibrated_0.016,128,2.0,1.25320234022e-08,9.92620909778e-09,0,0.0160000443699,3.28372814635e-13,3.2068547008e-13,0,0,
val-gsm8k,53c5ed9ea123af8d,answer16,calibrated_0.05,1,1.001,0.0310000689801,0.0118702556526,0.968999960346,0.0499998602695,0.00043114589884,0.000265164461718,4.95953202499e-09,3.19741290676e-09,1.15031409051e-05
val-gsm8k,53c5ed9ea123af8d,answer16,calibrated_0.05,1,1.05,0.0310000689801,0.0118702556526,9.29333259942e-09,0.0499998602695,3.17054119124e-09,2.21095186582e-09,3.17087140508e-09,2.21118304959e-09,1.00010415062
val-gsm8k,53c5ed9ea123af8d,answer16,calibrated_0.05,1,2.0,0.0310000689801,0.0118702556526,1.51235559465e-13,0.0499998602695,3.30093730289e-13,2.98009373469e-13,5.76306599564e-14,3.09047314398e-14,
val-gsm8k,53c5ed9ea123af8d,answer16,calibrated_0.05,4,1.001,2.50206506391e-06,1.31613132276e-06,0.968999960346,0.0499998602695,0.00043114589884,0.000265164461718,4.95953202499e-09,3.19741290676e-09,1.15031409051e-05
val-gsm8k,53c5ed9ea123af8d,answer16,calibrated_0.05,4,1.05,2.50206506391e-06,1.31613132276e-06,9.29333259942e-09,0.0499998602695,3.17054119124e-09,2.21095186582e-09,3.17087140508e-09,2.21118304959e-09,1.00010415062
val-gsm8k,53c5ed9ea123af8d,answer16,calibrated_0.05,4,2.0,2.50206506391e-06,1.31613132276e-06,1.51235559465e-13,0.0499998602695,3.30093730289e-13,2.98009373469e-13,5.76306599564e-14,3.09047314398e-14,
val-gsm8k,53c5ed9ea123af8d,answer16,calibrated_0.05,8,1.001,6.93476889583e-07,3.86388635379e-07,0.968999960346,0.0499998602695,0.00043114589884,0.000265164461718,4.95953202499e-09,3.19741290676e-09,1.15031409051e-05
val-gsm8k,53c5ed9ea123af8d,answer16,calibrated_0.05,8,1.05,6.93476889583e-07,3.86388635379e-07,9.29333259942e-09,0.0499998602695,3.17054119124e-09,2.21095186582e-09,3.17087140508e-09,2.21118304959e-09,1.00010415062
val-gsm8k,53c5ed9ea123af8d,answer16,calibrated_0.05,8,2.0,6.93476889583e-07,3.86388635379e-07,1.51235559465e-13,0.0499998602695,3.30093730289e-13,2.98009373469e-13,5.76306599564e-14,3.09047314398e-14,
val-gsm8k,53c5ed9ea123af8d,answer16,calibrated_0.05,32,1.001,1.41368662144e-07,7.16153800094e-08,0.968999960346,0.0499998602695,0.00043114589884,0.000265164461718,7.58010380827e-11,4.03385721547e-11,1.75812963284e-07
val-gsm8k,53c5ed9ea123af8d,answer16,calibrated_0.05,32,1.05,1.41368662144e-07,7.16153800094e-08,9.29333259942e-09,0.0499998602695,3.17054119124e-09,2.21095186582e-09,5.01343999694e-11,2.69488964227e-11,0.0158125685634
val-gsm8k,53c5ed9ea123af8d,answer16,calibrated_0.05,32,2.0,1.41368662144e-07,7.16153800094e-08,1.51235559465e-13,0.0499998602695,3.30093730289e-13,2.98009373469e-13,5.76306599564e-14,3.09047314398e-14,
val-gsm8k,53c5ed9ea123af8d,answer16,calibrated_0.05,128,1.001,1.25320234022e-08,5.80261537756e-09,0.968999960346,0.0499998602695,0.00043114589884,0.000265164461718,7.58010380827e-11,4.03385721547e-11,1.75812963284e-07
val-gsm8k,53c5ed9ea123af8d,answer16,calibrated_0.05,128,1.05,1.25320234022e-08,5.80261537756e-09,9.29333259942e-09,0.0499998602695,3.17054119124e-09,2.21095186582e-09,5.01343999694e-11,2.69488964227e-11,0.0158125685634
val-gsm8k,53c5ed9ea123af8d,answer16,calibrated_0.05,128,2.0,1.25320234022e-08,5.80261537756e-09,1.51235559465e-13,0.0499998602695,3.30093730289e-13,2.98009373469e-13,5.76306599564e-14,3.09047314398e-14,
val-gsm8k,53c5ed9ea123af8d,answer32,real_base_to_step8,1,1.001,0.083504698294,0.0853357859915,0.0835044503378,0.0036442288036,0.00319691813019,0.00225908693736,1.32873141676e-06,7.87667563568e-07,0.000415628853367
val-gsm8k,53c5ed9ea123af8d,answer32,real_base_to_step8,1,1.05,0.083504698294,0.0853357859915,5.78953344192e-07,0.0036442288036,3.86266811139e-08,2.6215921407e-08,3.86269648955e-08,2.62160978315e-08,1.00000734678
val-gsm8k,53c5ed9ea123af8d,answer32,real_base_to_step8,1,2.0,0.083504698294,0.0853357859915,0,0.0036442288036,2.83781913205e-13,2.60693489881e-13,0,0,
val-gsm8k,53c5ed9ea123af8d,answer32,real_base_to_step8,4,1.001,1.46858220248e-06,1.51903845976e-06,0.0835044503378,0.0036442288036,0.00319691813019,0.00225908693736,5.49142339686e-08,2.94685200701e-08,1.71772412468e-05
val-gsm8k,53c5ed9ea123af8d,answer32,real_base_to_step8,4,1.05,1.46858220248e-06,1.51903845976e-06,5.78953344192e-07,0.0036442288036,3.86266811139e-08,2.6215921407e-08,3.86269648955e-08,2.62160978315e-08,1.00000734678
val-gsm8k,53c5ed9ea123af8d,answer32,real_base_to_step8,4,2.0,1.46858220248e-06,1.51903845976e-06,0,0.0036442288036,2.83781913205e-13,2.60693489881e-13,0,0,
val-gsm8k,53c5ed9ea123af8d,answer32,real_base_to_step8,8,1.001,3.0597172149e-07,3.0791783681e-07,0.0835044503378,0.0036442288036,0.00319691813019,0.00225908693736,3.92385526234e-09,1.68180317899e-09,1.2273868465e-06
val-gsm8k,53c5ed9ea123af8d,answer32,real_base_to_step8,8,1.05,3.0597172149e-07,3.0791783681e-07,5.78953344192e-07,0.0036442288036,3.86266811139e-08,2.6215921407e-08,2.58982767226e-11,1.35678342606e-11,0.000670476364413
val-gsm8k,53c5ed9ea123af8d,answer32,real_base_to_step8,8,2.0,3.0597172149e-07,3.0791783681e-07,0,0.0036442288036,2.83781913205e-13,2.60693489881e-13,0,0,
val-gsm8k,53c5ed9ea123af8d,answer32,real_base_to_step8,32,1.001,3.04095191598e-09,3.10470479256e-09,0.0835044503378,0.0036442288036,0.00319691813019,0.00225908693736,6.42095116661e-11,1.34338692511e-11,2.00848157667e-08
val-gsm8k,53c5ed9ea123af8d,answer32,real_base_to_step8,32,1.05,3.04095191598e-09,3.10470479256e-09,5.78953344192e-07,0.0036442288036,3.86266811139e-08,2.6215921407e-08,1.51485874862e-11,7.88091717658e-12,0.000392179370562
val-gsm8k,53c5ed9ea123af8d,answer32,real_base_to_step8,32,2.0,3.04095191598e-09,3.10470479256e-09,0,0.0036442288036,2.83781913205e-13,2.60693489881e-13,0,0,
val-gsm8k,53c5ed9ea123af8d,answer32,real_base_to_step8,128,1.001,4.53521443749e-10,4.60957830768e-10,0.0835044503378,0.0036442288036,0.00319691813019,0.00225908693736,8.48291996603e-12,1.66025443474e-12,2.6534680028e-09
val-gsm8k,53c5ed9ea123af8d,answer32,real_base_to_step8,128,1.05,4.53521443749e-10,4.60957830768e-10,5.78953344192e-07,0.0036442288036,3.86266811139e-08,2.6215921407e-08,9.78300387493e-13,4.71995812179e-13,2.53270630373e-05
val-gsm8k,53c5ed9ea123af8d,answer32,real_base_to_step8,128,2.0,4.53521443749e-10,4.60957830768e-10,0,0.0036442288036,2.83781913205e-13,2.60693489881e-13,0,0,
val-gsm8k,53c5ed9ea123af8d,answer32,calibrated_0.016,1,1.001,0.083504698294,0.075690107594,0.916569398539,0.0160003658248,0.00104411705156,0.000733836386517,1.31723340213e-05,8.97297075524e-06,0.0126157637226
val-gsm8k,53c5ed9ea123af8d,answer32,calibrated_0.016,1,1.05,0.083504698294,0.075690107594,7.40936128197e-05,0.0160003658248,5.9115382032e-06,4.02684975453e-06,5.91153848783e-06,4.02684993424e-06,1.00000004815
val-gsm8k,53c5ed9ea123af8d,answer32,calibrated_0.016,1,2.0,0.083504698294,0.075690107594,0,0.0160003658248,2.84670322472e-13,2.6400064994e-13,0,0,
val-gsm8k,53c5ed9ea123af8d,answer32,calibrated_0.016,4,1.001,1.46858220248e-06,1.42043670333e-06,0.916569398539,0.0160003658248,0.00104411705156,0.000733836386517,2.68812917167e-08,1.82031926798e-08,2.57454771727e-05
val-gsm8k,53c5ed9ea123af8d,answer32,calibrated_0.016,4,1.05,1.46858220248e-06,1.42043670333e-06,7.40936128197e-05,0.0160003658248,5.9115382032e-06,4.02684975453e-06,1.22820476456e-08,8.34908409534e-09,0.00207763990072
val-gsm8k,53c5ed9ea123af8d,answer32,calibrated_0.016,4,2.0,1.46858220248e-06,1.42043670333e-06,0,0.0160003658248,2.84670322472e-13,2.6400064994e-13,0,0,
val-gsm8k,53c5ed9ea123af8d,answer32,calibrated_0.016,8,1.001,3.0597172149e-07,2.80546216003e-07,0.916569398539,0.0160003658248,0.00104411705156,0.000733836386517,3.49944966246e-10,1.84593333287e-10,3.35158750374e-07
val-gsm8k,53c5ed9ea123af8d,answer32,calibrated_0.016,8,1.05,3.0597172149e-07,2.80546216003e-07,7.40936128197e-05,0.0160003658248,5.9115382032e-06,4.02684975453e-06,7.19243522395e-11,4.31980128608e-11,1.21667744954e-05
val-gsm8k,53c5ed9ea123af8d,answer32,calibrated_0.016,8,2.0,3.0597172149e-07,2.80546216003e-07,0,0.0160003658248,2.84670322472e-13,2.6400064994e-13,0,0,
val-gsm8k,53c5ed9ea123af8d,answer32,calibrated_0.016,32,1.001,3.04095191598e-09,2.93696018825e-09,0.916569398539,0.0160003658248,0.00104411705156,0.000733836386517,7.5100424363e-11,3.5940443221e-11,7.1927208018e-08
val-gsm8k,53c5ed9ea123af8d,answer32,calibrated_0.016,32,1.05,3.04095191598e-09,2.93696018825e-09,7.40936128197e-05,0.0160003658248,5.9115382032e-06,4.02684975453e-06,1.61882317305e-11,7.85508387089e-12,2.73841277414e-06
val-gsm8k,53c5ed9ea123af8d,answer32,calibrated_0.016,32,2.0,3.04095191598e-09,2.93696018825e-09,0,0.0160003658248,2.84670322472e-13,2.6400064994e-13,0,0,
val-gsm8k,53c5ed9ea123af8d,answer32,calibrated_0.016,128,1.001,4.53521443749e-10,4.33877223122e-10,0.916569398539,0.0160003658248,0.00104411705156,0.000733836386517,1.17234866708e-11,5.50803880256e-12,1.12281344829e-08
val-gsm8k,53c5ed9ea123af8d,answer32,calibrated_0.016,128,1.05,4.53521443749e-10,4.33877223122e-10,7.40936128197e-05,0.0160003658248,5.9115382032e-06,4.02684975453e-06,4.6206405643e-12,2.20177421265e-12,7.81630838788e-07
val-gsm8k,53c5ed9ea123af8d,answer32,calibrated_0.016,128,2.0,4.53521443749e-10,4.33877223122e-10,0,0.0160003658248,2.84670322472e-13,2.6400064994e-13,0,0,
val-gsm8k,53c5ed9ea123af8d,answer32,calibrated_0.05,1,1.001,0.083504698294,0.0603680913743,0.916569398539,0.0500000477732,0.00268128413773,0.00188022193115,4.75340408406e-05,3.26104745548e-05,0.0177280878859
val-gsm8k,53c5ed9ea123af8d,answer32,calibrated_0.05,1,1.05,0.083504698294,0.0603680913743,7.40966008475e-05,0.0500000477732,4.02732763745e-05,2.76292109862e-05,4.02732766583e-05,2.76292111696e-05,1.00000000705
val-gsm8k,53c5ed9ea123af8d,answer32,calibrated_0.05,1,2.0,0.083504698294,0.0603680913743,7.49253287201e-14,0.0500000477732,2.83475187031e-13,2.57032735992e-13,2.14053258704e-14,1.13071899514e-14,
val-gsm8k,53c5ed9ea123af8d,answer32,calibrated_0.05,4,1.001,1.46858220248e-06,1.32612886162e-06,0.916569398539,0.0500000477732,0.00268128413773,0.00188022193115,9.71818099777e-08,6.62927532202e-08,3.62445026285e-05
val-gsm8k,53c5ed9ea123af8d,answer32,calibrated_0.05,4,1.05,1.46858220248e-06,1.32612886162e-06,7.40966008475e-05,0.0500000477732,4.02732763745e-05,2.76292109862e-05,8.24891487407e-08,5.63368442297e-08,0.00204823536018
val-gsm8k,53c5ed9ea123af8d,answer32,calibrated_0.05,4,2.0,1.46858220248e-06,1.32612886162e-06,7.49253287201e-14,0.0500000477732,2.83475187031e-13,2.57032735992e-13,2.14053258704e-14,1.13071899514e-14,
val-gsm8k,53c5ed9ea123af8d,answer32,calibrated_0.05,8,1.001,3.0597172149e-07,2.30507029059e-07,0.916569398539,0.0500000477732,0.00268128413773,0.00188022193115,1.23485312101e-09,6.58368470145e-10,4.60545416892e-07
val-gsm8k,53c5ed9ea123af8d,answer32,calibrated_0.05,8,1.05,3.0597172149e-07,2.30507029059e-07,7.40966008475e-05,0.0500000477732,4.02732763745e-05,2.76292109862e-05,8.63414809049e-10,4.64168792487e-10,2.14389015937e-05
val-gsm8k,53c5ed9ea123af8d,answer32,calibrated_0.05,8,2.0,3.0597172149e-07,2.30507029059e-07,7.49253287201e-14,0.0500000477732,2.83475187031e-13,2.57032735992e-13,2.14053258704e-14,1.13071899514e-14,
val-gsm8k,53c5ed9ea123af8d,answer32,calibrated_0.05,32,1.001,3.04095191598e-09,2.75141958379e-09,0.916569398539,0.0500000477732,0.00268128413773,0.00188022193115,2.62595852247e-10,1.27434097888e-10,9.79366000612e-08
val-gsm8k,53c5ed9ea123af8d,answer32,calibrated_0.05,32,1.05,3.04095191598e-09,2.75141958379e-09,7.40966008475e-05,0.0500000477732,4.02732763745e-05,2.76292109862e-05,1.75972584592e-10,8.5721744983e-11,4.36946284072e-06
val-gsm8k,53c5ed9ea123af8d,answer32,calibrated_0.05,32,2.0,3.04095191598e-09,2.75141958379e-09,7.49253287201e-14,0.0500000477732,2.83475187031e-13,2.57032735992e-13,2.14053258704e-14,1.13071899514e-14,
val-gsm8k,53c5ed9ea123af8d,answer32,calibrated_0.05,128,1.001,4.53521443749e-10,3.99869907328e-10,0.916569398539,0.0500000477732,0.00268128413773,0.00188022193115,4.25787216617e-11,2.03170525322e-11,1.5879973727e-08
val-gsm8k,53c5ed9ea123af8d,answer32,calibrated_0.05,128,1.05,4.53521443749e-10,3.99869907328e-10,7.40966008475e-05,0.0500000477732,4.02732763745e-05,2.76292109862e-05,3.28957787169e-11,1.57561025017e-11,8.16814068243e-07
val-gsm8k,53c5ed9ea123af8d,answer32,calibrated_0.05,128,2.0,4.53521443749e-10,3.99869907328e-10,7.49253287201e-14,0.0500000477732,2.83475187031e-13,2.57032735992e-13,2.14053258704e-14,1.13071899514e-14,
val-gsm8k,53c5ed9ea123af8d,answer64,real_base_to_step8,1,1.001,0.00534008718035,0.00567245399647,0.00533977148114,0.000654855998025,0.000650349324263,0.000458925860223,1.02796498294e-06,6.82319410344e-07,0.00158063512114
val-gsm8k,53c5ed9ea123af8d,answer64,real_base_to_step8,1,1.05,0.00534008718035,0.00567245399647,0.00531253435275,0.000654855998025,0.000130373640021,9.21603569289e-05,1.07612630742e-06,6.4238162073e-07,0.00825417091402
val-gsm8k,53c5ed9ea123af8d,answer64,real_base_to_step8,1,2.0,0.00534008718035,0.00567245399647,0,0.000654855998025,1.72954853524e-13,1.71976314863e-13,0,0,
val-gsm8k,53c5ed9ea123af8d,answer64,real_base_to_step8,4,1.001,2.66692240748e-06,2.80505037637e-06,0.00533977148114,0.000654855998025,0.000650349324263,0.000458925860223,5.31650273547e-08,2.3467241951e-08,8.17484163836e-05
val-gsm8k,53c5ed9ea123af8d,answer64,real_base_to_step8,4,1.05,2.66692240748e-06,2.80505037637e-06,0.00531253435275,0.000654855998025,0.000130373640021,9.21603569289e-05,5.5767439228e-08,3.15315734771e-08,0.000427750879848
val-gsm8k,53c5ed9ea123af8d,answer64,real_base_to_step8,4,2.0,2.66692240748e-06,2.80505037637e-06,0,0.000654855998025,1.72954853524e-13,1.71976314863e-13,0,0,
val-gsm8k,53c5ed9ea123af8d,answer64,real_base_to_step8,8,1.001,8.86827972617e-07,9.20115778077e-07,0.00533977148114,0.000654855998025,0.000650349324263,0.000458925860223,2.94873523796e-08,1.57063117385e-08,4.53407903713e-05
val-gsm8k,53c5ed9ea123af8d,answer64,real_base_to_step8,8,1.05,8.86827972617e-07,9.20115778077e-07,0.00531253435275,0.000654855998025,0.000130373640021,9.21603569289e-05,1.97136061711e-08,1.30542885386e-08,0.000151208527797
val-gsm8k,53c5ed9ea123af8d,answer64,real_base_to_step8,8,2.0,8.86827972617e-07,9.20115778077e-07,0,0.000654855998025,1.72954853524e-13,1.71976314863e-13,0,0,
val-gsm8k,53c5ed9ea123af8d,answer64,real_base_to_step8,32,1.001,6.02434904978e-08,6.32217242189e-08,0.00533977148114,0.000654855998025,0.000650349324263,0.000458925860223,8.27887679239e-10,1.14709805558e-10,1.27298922033e-06
val-gsm8k,53c5ed9ea123af8d,answer64,real_base_to_step8,32,1.05,6.02434904978e-08,6.32217242189e-08,0.00531253435275,0.000654855998025,0.000130373640021,9.21603569289e-05,8.34148375064e-10,4.2094114589e-10,6.3981367317e-06
val-gsm8k,53c5ed9ea123af8d,answer64,real_base_to_step8,32,2.0,6.02434904978e-08,6.32217242189e-08,0,0.000654855998025,1.72954853524e-13,1.71976314863e-13,0,0,
val-gsm8k,53c5ed9ea123af8d,answer64,real_base_to_step8,128,1.001,1.55894847918e-08,1.63554659237e-08,0.00533977148114,0.000654855998025,0.000650349324263,0.000458925860223,2.04479635865e-10,1.12254707458e-11,3.14415081612e-07
val-gsm8k,53c5ed9ea123af8d,answer64,real_base_to_step8,128,1.05,1.55894847918e-08,1.63554659237e-08,0.00531253435275,0.000654855998025,0.000130373640021,9.21603569289e-05,2.01602886583e-10,1.00612075663e-10,1.54634699584e-06
val-gsm8k,53c5ed9ea123af8d,answer64,real_base_to_step8,128,2.0,1.55894847918e-08,1.63554659237e-08,0,0.000654855998025,1.72954853524e-13,1.71976314863e-13,0,0,
val-gsm8k,53c5ed9ea123af8d,answer64,calibrated_0.016,1,1.001,0.00534008718035,0.0180153972569,1.8661473492e-06,0.0160000917288,0.0294600244264,0.0194338515221,0.00880299327876,0.00491580128253,0.2988114725
val-gsm8k,53c5ed9ea123af8d,answer64,calibrated_0.016,1,1.05,0.00534008718035,0.0180153972569,1.86611874396e-06,0.0160000917288,0.0294598442814,0.0194337843075,0.00922942883348,0.00516074352797,0.313288445972
val-gsm8k,53c5ed9ea123af8d,answer64,calibrated_0.016,1,2.0,0.00534008718035,0.0180153972569,1.86535262486e-06,0.0160000917288,0.0294563526704,0.0194324816286,0.0174970569202,0.0107119492179,0.593999437609
val-gsm8k,53c5ed9ea123af8d,answer64,calibrated_0.016,4,1.001,2.66692240748e-06,0.0149435924066,1.8661473492e-06,0.0160000917288,0.0294600244264,0.0194338515221,5.24713115606e-06,2.86289000601e-06,0.00017811021064
val-gsm8k,53c5ed9ea123af8d,answer64,calibrated_0.016,4,1.05,2.66692240748e-06,0.0149435924066,1.86611874396e-06,0.0160000917288,0.0294598442814,0.0194337843075,5.50289016763e-06,3.01291600695e-06,0.000186792914283
val-gsm8k,53c5ed9ea123af8d,answer64,calibrated_0.016,4,2.0,2.66692240748e-06,0.0149435924066,1.86535262486e-06,0.0160000917288,0.0294563526704,0.0194324816286,1.04614683475e-05,6.00150416998e-06,0.000355151517383
val-gsm8k,53c5ed9ea123af8d,answer64,calibrated_0.016,8,1.001,8.86827972617e-07,0.0148525927404,1.8661473492e-06,0.0160000917288,0.0294600244264,0.0194338515221,1.74114966921e-06,1.13068635099e-06,5.91021122049e-05
val-gsm8k,53c5ed9ea123af8d,answer64,calibrated_0.016,8,1.05,8.86827972617e-07,0.0148525927404,1.86611874396e-06,0.0160000917288,0.0294598442814,0.0194337843075,1.82636241334e-06,1.18647924948e-06,6.19949785172e-05
val-gsm8k,53c5ed9ea123af8d,answer64,calibrated_0.016,8,2.0,8.86827972617e-07,0.0148525927404,1.86535262486e-06,0.0160000917288,0.0294563526704,0.0194324816286,3.47843137331e-06,2.26855813037e-06,0.000118087646907
val-gsm8k,53c5ed9ea123af8d,answer64,calibrated_0.016,32,1.001,6.02434904978e-08,0.0147972704901,1.8661473492e-06,0.0160000917288,0.0294600244264,0.0194338515221,1.17706119703e-07,6.78633584657e-08,3.99545221006e-06
val-gsm8k,53c5ed9ea123af8d,answer64,calibrated_0.016,32,1.05,6.02434904978e-08,0.0147972704901,1.86611874396e-06,0.0160000917288,0.0294598442814,0.0194337843075,1.23458436991e-07,7.13846249406e-08,4.19073623783e-06
val-gsm8k,53c5ed9ea123af8d,answer64,calibrated_0.016,32,2.0,6.02434904978e-08,0.0147972704901,1.86535262486e-06,0.0160000917288,0.0294563526704,0.0194324816286,2.34968126309e-07,1.40082699911e-07,7.9768235035e-06
val-gsm8k,53c5ed9ea123af8d,answer64,calibrated_0.016,128,1.001,1.55894847918e-08,0.00189725578364,1.8661473492e-06,0.0160000917288,0.0294600244264,0.0194338515221,3.07399020506e-08,1.25761812973e-08,1.04344455407e-06
val-gsm8k,53c5ed9ea123af8d,answer64,calibrated_0.016,128,1.05,1.55894847918e-08,0.00189725578364,1.86611874396e-06,0.0160000917288,0.0294598442814,0.0194337843075,3.22444903255e-08,1.32282485683e-08,1.0945234475e-06
val-gsm8k,53c5ed9ea123af8d,answer64,calibrated_0.016,128,2.0,1.55894847918e-08,0.00189725578364,1.86535262486e-06,0.0160000917288,0.0294563526704,0.0194324816286,6.14141010808e-08,2.60942738806e-08,2.08491871916e-06
val-gsm8k,53c5ed9ea123af8d,answer64,calibrated_0.05,1,1.001,0.00534008718035,0.0506347558491,1.8661391602e-06,0.0499998633253,0.0909975071568,0.0590712829084,0.00984703692156,0.00537685767777,0.108212161291
val-gsm8k,53c5ed9ea123af8d,answer64,calibrated_0.05,1,1.05,0.00534008718035,0.0506347558491,1.86608419532e-06,0.0499998633253,0.0909973330321,0.0590712185015,0.0103157266393,0.00563126877613,0.113362955766
val-gsm8k,53c5ed9ea123af8d,answer64,calibrated_0.05,1,2.0,0.00534008718035,0.0506347558491,1.86536498222e-06,0.0499998633253,0.0909939578572,0.0590699701683,0.0194025680613,0.0112019191992,0.213229191456
val-gsm8k,53c5ed9ea123af8d,answer64,calibrated_0.05,4,1.001,2.66692240748e-06,0.0477703435596,1.8661391602e-06,0.0499998633253,0.0909975071568,0.0590712829084,5.16241470619e-06,2.74074408811e-06,5.67313860291e-05
val-gsm8k,53c5ed9ea123af8d,answer64,calibrated_0.05,4,1.05,2.66692240748e-06,0.0477703435596,1.86608419532e-06,0.0499998633253,0.0909973330321,0.0590712185015,5.41173949473e-06,2.88346481401e-06,5.94714077259e-05
val-gsm8k,53c5ed9ea123af8d,answer64,calibrated_0.05,4,2.0,2.66692240748e-06,0.0477703435596,1.86536498222e-06,0.0499998633253,0.0909939578572,0.0590699701683,1.0245541295e-05,5.72643757007e-06,0.000112595841925
val-gsm8k,53c5ed9ea123af8d,answer64,calibrated_0.05,8,1.001,8.86827972617e-07,0.0476417200152,1.8661391602e-06,0.0499998633253,0.0909975071568,0.0590712829084,1.68826911277e-06,1.07469067842e-06,1.8552916069e-05
val-gsm8k,53c5ed9ea123af8d,answer64,calibrated_0.05,8,1.05,8.86827972617e-07,0.0476417200152,1.86608419532e-06,0.0499998633253,0.0909973330321,0.0590712185015,1.77086067866e-06,1.12766721095e-06,1.94605777955e-05
val-gsm8k,53c5ed9ea123af8d,answer64,calibrated_0.05,8,2.0,8.86827972617e-07,0.0476417200152,1.86536498222e-06,0.0499998633253,0.0909939578572,0.0590699701683,3.37207968133e-06,2.15511212758e-06,3.70582812391e-05
val-gsm8k,53c5ed9ea123af8d,answer64,calibrated_0.05,32,1.001,6.02434904978e-08,0.0475416173661,1.8661391602e-06,0.0499998633253,0.0909975071568,0.0590712829084,1.14779507045e-07,6.45949256813e-08,1.26134781744e-06
val-gsm8k,53c5ed9ea123af8d,answer64,calibrated_0.05,32,1.05,6.02434904978e-08,0.0475416173661,1.86608419532e-06,0.0499998633253,0.0909973330321,0.0590712185015,1.20369725277e-07,6.79343122903e-08,1.32278300107e-06
val-gsm8k,53c5ed9ea123af8d,answer64,calibrated_0.05,32,2.0,6.02434904978e-08,0.0475416173661,1.86536498222e-06,0.0499998633253,0.0909939578572,0.0590699701683,2.28705493237e-07,1.33068994283e-07,2.51341406201e-06
val-gsm8k,53c5ed9ea123af8d,answer64,calibrated_0.05,128,1.001,1.55894847918e-08,0.00796132697335,1.8661391602e-06,0.0499998633253,0.0909975071568,0.0590712829084,3.07597957012e-08,1.2588109633e-08,3.38028992906e-07
val-gsm8k,53c5ed9ea123af8d,answer64,calibrated_0.05,128,1.05,1.55894847918e-08,0.00796132697335,1.86608419532e-06,0.0499998633253,0.0909973330321,0.0590712185015,3.22648768671e-08,1.32365029341e-08,3.5456947794e-07
val-gsm8k,53c5ed9ea123af8d,answer64,calibrated_0.05,128,2.0,1.55894847918e-08,0.00796132697335,1.86536498222e-06,0.0499998633253,0.0909939578572,0.0590699701683,6.14413176912e-08,2.59985037366e-08,6.75224148262e-07
val-gsm8k,53c5ed9ea123af8d,answer128,real_base_to_step8,1,1.001,0.366928219157,0.364537781793,0.633701387051,0.00485252835377,0.00130351166905,0.000898897961467,6.75370183761e-05,3.2337770043e-05,0.051811594771
val-gsm8k,53c5ed9ea123af8d,answer128,real_base_to_step8,1,1.05,0.366928219157,0.364537781793,0.00049599005415,0.00485252835377,1.36947186479e-05,6.04097951849e-06,1.36947186741e-05,6.04097953443e-06,1.00000000191
val-gsm8k,53c5ed9ea123af8d,answer128,real_base_to_step8,1,2.0,0.366928219157,0.364537781793,0,0.00485252835377,2.6224557012e-14,1.91962693281e-14,0,0,
val-gsm8k,53c5ed9ea123af8d,answer128,real_base_to_step8,4,1.001,0.000450905328535,0.00046238790934,0.633701387051,0.00485252835377,0.00130351166905,0.000898897961467,1.52735431307e-05,3.45512323314e-06,0.0117172277728
val-gsm8k,53c5ed9ea123af8d,answer128,real_base_to_step8,4,1.05,0.000450905328535,0.00046238790934,0.00049599005415,0.00485252835377,1.36947186479e-05,6.04097951849e-06,7.54112498809e-06,3.08020292244e-06,0.550659358691
val-gsm8k,53c5ed9ea123af8d,answer128,real_base_to_step8,4,2.0,0.000450905328535,0.00046238790934,0,0.00485252835377,2.6224557012e-14,1.91962693281e-14,0,0,
val-gsm8k,53c5ed9ea123af8d,answer128,real_base_to_step8,8,1.001,0.000298702264577,0.000307712005914,0.633701387051,0.00485252835377,0.00130351166905,0.000898897961467,1.03080818902e-05,2.27401689353e-06,0.00790793219189
val-gsm8k,53c5ed9ea123af8d,answer128,real_base_to_step8,8,1.05,0.000298702264577,0.000307712005914,0.00049599005415,0.00485252835377,1.36947186479e-05,6.04097951849e-06,5.63885539416e-06,2.28506977214e-06,0.411754015482
val-gsm8k,53c5ed9ea123af8d,answer128,real_base_to_step8,8,2.0,0.000298702264577,0.000307712005914,0,0.00485252835377,2.6224557012e-14,1.91962693281e-14,0,0,
val-gsm8k,53c5ed9ea123af8d,answer128,real_base_to_step8,32,1.001,5.60014761802e-05,5.79910871722e-05,0.633701387051,0.00485252835377,0.00130351166905,0.000898897961467,1.56878188793e-06,2.41912553348e-07,0.00120350429166
val-gsm8k,53c5ed9ea123af8d,answer128,real_base_to_step8,32,1.05,5.60014761802e-05,5.79910871722e-05,0.00049599005415,0.00485252835377,1.36947186479e-05,6.04097951849e-06,9.74482939501e-07,3.80258674533e-07,0.0711575728248
val-gsm8k,53c5ed9ea123af8d,answer128,real_base_to_step8,32,2.0,5.60014761802e-05,5.79910871722e-05,0,0.00485252835377,2.6224557012e-14,1.91962693281e-14,0,0,
val-gsm8k,53c5ed9ea123af8d,answer128,real_base_to_step8,128,1.001,1.11156678045e-05,1.14947915332e-05,0.633701387051,0.00485252835377,0.00130351166905,0.000898897961467,2.34910851008e-07,1.80926282375e-08,0.000180213845864
val-gsm8k,53c5ed9ea123af8d,answer128,real_base_to_step8,128,1.05,1.11156678045e-05,1.14947915332e-05,0.00049599005415,0.00485252835377,1.36947186479e-05,6.04097951849e-06,1.0336141735e-07,3.83778062426e-08,0.00754753858092
val-gsm8k,53c5ed9ea123af8d,answer128,real_base_to_step8,128,2.0,1.11156678045e-05,1.14947915332e-05,0,0.00485252835377,2.6224557012e-14,1.91962693281e-14,0,0,
val-gsm8k,53c5ed9ea123af8d,answer128,calibrated_0.016,1,1.001,0.366928219157,0.374923336181,0.366593470314,0.0159996657653,0.00956931592642,0.00675252167951,4.13182932379e-05,1.79647441586e-05,0.00431778964721
val-gsm8k,53c5ed9ea123af8d,answer128,calibrated_0.016,1,1.05,0.366928219157,0.374923336181,8.50359075802e-05,0.0159996657653,1.14394559463e-05,5.21472139356e-06,1.14394559602e-05,5.21472140161e-06,1.00000000121
val-gsm8k,53c5ed9ea123af8d,answer128,calibrated_0.016,1,2.0,0.366928219157,0.374923336181,0,0.0159996657653,1.38341374506e-14,1.00818106697e-14,0,0,
val-gsm8k,53c5ed9ea123af8d,answer128,calibrated_0.016,4,1.001,0.000450905328535,0.000441895986906,0.366593470314,0.0159996657653,0.00956931592642,0.00675252167951,2.30749498972e-05,9.62407126868e-06,0.00241134790351
val-gsm8k,53c5ed9ea123af8d,answer128,calibrated_0.016,4,1.05,0.000450905328535,0.000441895986906,8.50359075802e-05,0.0159996657653,1.14394559463e-05,5.21472139356e-06,1.14394559602e-05,5.21472140161e-06,1.00000000121
val-gsm8k,53c5ed9ea123af8d,answer128,calibrated_0.016,4,2.0,0.000450905328535,0.000441895986906,0,0.0159996657653,1.38341374506e-14,1.00818106697e-14,0,0,
val-gsm8k,53c5ed9ea123af8d,answer128,calibrated_0.016,8,1.001,0.000298702264577,0.000297476145349,0.366593470314,0.0159996657653,0.00956931592642,0.00675252167951,2.17080975566e-05,9.16667691716e-06,0.00226851090752
val-gsm8k,53c5ed9ea123af8d,answer128,calibrated_0.016,8,1.05,0.000298702264577,0.000297476145349,8.50359075802e-05,0.0159996657653,1.14394559463e-05,5.21472139356e-06,1.14394559602e-05,5.21472140161e-06,1.00000000121
val-gsm8k,53c5ed9ea123af8d,answer128,calibrated_0.016,8,2.0,0.000298702264577,0.000297476145349,0,0.0159996657653,1.38341374506e-14,1.00818106697e-14,0,0,
val-gsm8k,53c5ed9ea123af8d,answer128,calibrated_0.016,32,1.001,5.60014761802e-05,5.54622587071e-05,0.366593470314,0.0159996657653,0.00956931592642,0.00675252167951,3.17895387392e-06,1.27363928692e-06,0.000332202834389
val-gsm8k,53c5ed9ea123af8d,answer128,calibrated_0.016,32,1.05,5.60014761802e-05,5.54622587071e-05,8.50359075802e-05,0.0159996657653,1.14394559463e-05,5.21472139356e-06,1.34797681187e-06,6.09302029083e-07,0.117835744828
val-gsm8k,53c5ed9ea123af8d,answer128,calibrated_0.016,32,2.0,5.60014761802e-05,5.54622587071e-05,0,0.0159996657653,1.38341374506e-14,1.00818106697e-14,0,0,
val-gsm8k,53c5ed9ea123af8d,answer128,calibrated_0.016,128,1.001,1.11156678045e-05,1.09649614124e-05,0.366593470314,0.0159996657653,0.00956931592642,0.00675252167951,5.28202044084e-07,1.94245183213e-07,5.51974716004e-05
val-gsm8k,53c5ed9ea123af8d,answer128,calibrated_0.016,128,1.05,1.11156678045e-05,1.09649614124e-05,8.50359075802e-05,0.0159996657653,1.14394559463e-05,5.21472139356e-06,2.06890323691e-07,7.69015630336e-08,0.0180856786075
val-gsm8k,53c5ed9ea123af8d,answer128,calibrated_0.016,128,2.0,1.11156678045e-05,1.09649614124e-05,0,0.0159996657653,1.38341374506e-14,1.00818106697e-14,0,0,
val-gsm8k,53c5ed9ea123af8d,answer128,calibrated_0.05,1,1.001,0.366928219157,0.392020397909,0.366593500222,0.0500003646105,0.0301553385855,0.0212766704153,0.000112699623162,4.64872331107e-05,0.00373730252913
val-gsm8k,53c5ed9ea123af8d,answer128,calibrated_0.05,1,1.05,0.366928219157,0.392020397909,0.366576583496,0.0500003646105,0.00830375419886,0.00583904155559,0.000107579817582,5.37894521895e-05,0.0129555638337
val-gsm8k,53c5ed9ea123af8d,answer128,calibrated_0.05,1,2.0,0.366928219157,0.392020397909,9.56309070686e-09,0.0500003646105,3.45509907505e-09,1.96866943713e-09,3.45513124413e-09,1.9686841871e-09,1.00000931061
val-gsm8k,53c5ed9ea123af8d,answer128,calibrated_0.05,4,1.001,0.000450905328535,0.000433538901014,0.366593500222,0.0500003646105,0.0301553385855,0.0212766704153,8.20010500694e-05,3.42732040825e-05,0.00271928799064
val-gsm8k,53c5ed9ea123af8d,answer128,calibrated_0.05,4,1.05,0.000450905328535,0.000433538901014,0.366576583496,0.0500003646105,0.00830375419886,0.00583904155559,6.57502858382e-05,2.83702139865e-05,0.00791813970689
val-gsm8k,53c5ed9ea123af8d,answer128,calibrated_0.05,4,2.0,0.000450905328535,0.000433538901014,9.56309070686e-09,0.0500003646105,3.45509907505e-09,1.96866943713e-09,3.45513124413e-09,1.9686841871e-09,1.00000931061
val-gsm8k,53c5ed9ea123af8d,answer128,calibrated_0.05,8,1.001,0.000298702264577,0.00030340552381,0.366593500222,0.0500003646105,0.0301553385855,0.0212766704153,7.24829746829e-05,2.97464245082e-05,0.0024036531534
val-gsm8k,53c5ed9ea123af8d,answer128,calibrated_0.05,8,1.05,0.000298702264577,0.00030340552381,0.366576583496,0.0500003646105,0.00830375419886,0.00583904155559,6.47237620708e-05,2.80545754022e-05,0.00779451806024
val-gsm8k,53c5ed9ea123af8d,answer128,calibrated_0.05,8,2.0,0.000298702264577,0.00030340552381,9.56309070686e-09,0.0500003646105,3.45509907505e-09,1.96866943713e-09,3.45513124413e-09,1.9686841871e-09,1.00000931061
val-gsm8k,53c5ed9ea123af8d,answer128,calibrated_0.05,32,1.001,5.60014761802e-05,5.54962198832e-05,0.366593500222,0.0500003646105,0.0301553385855,0.0212766704153,1.11302748133e-05,4.4741825486e-06,0.000369097988462
val-gsm8k,53c5ed9ea123af8d,answer128,calibrated_0.05,32,1.05,5.60014761802e-05,5.54962198832e-05,0.366576583496,0.0500003646105,0.00830375419886,0.00583904155559,8.91727043877e-06,3.68155149999e-06,0.00107388420047
val-gsm8k,53c5ed9ea123af8d,answer128,calibrated_0.05,32,2.0,5.60014761802e-05,5.54962198832e-05,9.56309070686e-09,0.0500003646105,3.45509907505e-09,1.96866943713e-09,3.45513124413e-09,1.9686841871e-09,1.00000931061
val-gsm8k,53c5ed9ea123af8d,answer128,calibrated_0.05,128,1.001,1.11156678045e-05,1.08448435544e-05,0.366593500222,0.0500003646105,0.0301553385855,0.0212766704153,1.82716189921e-06,6.67283856637e-07,6.0591655903e-05
val-gsm8k,53c5ed9ea123af8d,answer128,calibrated_0.05,128,1.05,1.11156678045e-05,1.08448435544e-05,0.366576583496,0.0500003646105,0.00830375419886,0.00583904155559,1.43494936682e-06,5.25261982324e-07,0.000172807302872
val-gsm8k,53c5ed9ea123af8d,answer128,calibrated_0.05,128,2.0,1.11156678045e-05,1.08448435544e-05,9.56309070686e-09,0.0500003646105,3.45509907505e-09,1.96866943713e-09,3.45513124413e-09,1.9686841871e-09,1.00000931061
val-gsm8k,53c5ed9ea123af8d,answer256,real_base_to_step8,1,1.001,0.100705483245,0.0853656975123,0.906562007054,0.0334661608915,0.00232744101993,0.000966879181087,0.00113252419362,0.000753580551607,0.486596302084
val-gsm8k,53c5ed9ea123af8d,answer256,real_base_to_step8,1,1.05,0.100705483245,0.0853656975123,0.00686819416734,0.0334661608915,0.000446442227893,0.000297191221274,0.000446442227893,0.000297191221274,1
val-gsm8k,53c5ed9ea123af8d,answer256,real_base_to_step8,1,2.0,0.100705483245,0.0853656975123,0,0.0334661608915,1.24081925557e-16,1.11153307359e-16,0,0,
val-gsm8k,53c5ed9ea123af8d,answer256,real_base_to_step8,4,1.001,0.0368052689403,0.0320457750347,0.906562007054,0.0334661608915,0.00232744101993,0.000966879181087,0.00113252419362,0.000753580551607,0.486596302084
val-gsm8k,53c5ed9ea123af8d,answer256,real_base_to_step8,4,1.05,0.0368052689403,0.0320457750347,0.00686819416734,0.0334661608915,0.000446442227893,0.000297191221274,0.000446442227893,0.000297191221274,1
val-gsm8k,53c5ed9ea123af8d,answer256,real_base_to_step8,4,2.0,0.0368052689403,0.0320457750347,0,0.0334661608915,1.24081925557e-16,1.11153307359e-16,0,0,
val-gsm8k,53c5ed9ea123af8d,answer256,real_base_to_step8,8,1.001,0.0139317079623,0.0118389380611,0.906562007054,0.0334661608915,0.00232744101993,0.000966879181087,4.70001058984e-05,2.44130784255e-05,0.0201938977168
val-gsm8k,53c5ed9ea123af8d,answer256,real_base_to_step8,8,1.05,0.0139317079623,0.0118389380611,0.00686819416734,0.0334661608915,0.000446442227893,0.000297191221274,1.79157184987e-05,1.02962700166e-05,0.0401299818417
val-gsm8k,53c5ed9ea123af8d,answer256,real_base_to_step8,8,2.0,0.0139317079623,0.0118389380611,0,0.0334661608915,1.24081925557e-16,1.11153307359e-16,0,0,
val-gsm8k,53c5ed9ea123af8d,answer256,real_base_to_step8,32,1.001,0.00299660887439,0.00257937942889,0.906562007054,0.0334661608915,0.00232744101993,0.000966879181087,2.9285373732e-05,1.65113180736e-05,0.0125826491332
val-gsm8k,53c5ed9ea123af8d,answer256,real_base_to_step8,32,1.05,0.00299660887439,0.00257937942889,0.00686819416734,0.0334661608915,0.000446442227893,0.000297191221274,1.79157184987e-05,1.02962700166e-05,0.0401299818417
val-gsm8k,53c5ed9ea123af8d,answer256,real_base_to_step8,32,2.0,0.00299660887439,0.00257937942889,0,0.0334661608915,1.24081925557e-16,1.11153307359e-16,0,0,
val-gsm8k,53c5ed9ea123af8d,answer256,real_base_to_step8,128,1.001,0.000586189393945,0.000503438531382,0.906562007054,0.0334661608915,0.00232744101993,0.000966879181087,3.1540632697e-07,1.51193571914e-07,0.000135516356491
val-gsm8k,53c5ed9ea123af8d,answer256,real_base_to_step8,128,1.05,0.000586189393945,0.000503438531382,0.00686819416734,0.0334661608915,0.000446442227893,0.000297191221274,9.89527063005e-08,5.00895327812e-08,0.000221647281816
val-gsm8k,53c5ed9ea123af8d,answer256,real_base_to_step8,128,2.0,0.000586189393945,0.000503438531382,0,0.0334661608915,1.24081925557e-16,1.11153307359e-16,0,0,
val-gsm8k,53c5ed9ea123af8d,answer256,calibrated_0.016,1,1.001,0.100705483245,0.101024036286,0.0394735869485,0.0160000435823,0.0151672423613,0.00870034413816,0.0149849787019,0.00851115846167,0.987983072
val-gsm8k,53c5ed9ea123af8d,answer256,calibrated_0.016,1,1.05,0.100705483245,0.101024036286,0.0339805981238,0.0160000435823,0.0117824888419,0.00677795623161,0.0117824888419,0.00677795623162,1
val-gsm8k,53c5ed9ea123af8d,answer256,calibrated_0.016,1,2.0,0.100705483245,0.101024036286,0,0.0160000435823,1.28475899654e-14,1.15576389741e-14,0,0,
val-gsm8k,53c5ed9ea123af8d,answer256,calibrated_0.016,4,1.001,0.0368052689403,0.0380305714974,0.0394735869485,0.0160000435823,0.0151672423613,0.00870034413816,0.00634877657814,0.0036963823347,0.41858476491
val-gsm8k,53c5ed9ea123af8d,answer256,calibrated_0.016,4,1.05,0.0368052689403,0.0380305714974,0.0339805981238,0.0160000435823,0.0117824888419,0.00677795623161,0.00607703021131,0.00385734846379,0.515767958099
val-gsm8k,53c5ed9ea123af8d,answer256,calibrated_0.016,4,2.0,0.0368052689403,0.0380305714974,0,0.0160000435823,1.28475899654e-14,1.15576389741e-14,0,0,
val-gsm8k,53c5ed9ea123af8d,answer256,calibrated_0.016,8,1.001,0.0139317079623,0.0139662479239,0.0394735869485,0.0160000435823,0.0151672423613,0.00870034413816,0.00123218751186,0.000609793654579,0.0812400489496
val-gsm8k,53c5ed9ea123af8d,answer256,calibrated_0.016,8,1.05,0.0139317079623,0.0139662479239,0.0339805981238,0.0160000435823,0.0117824888419,0.00677795623161,0.000772575596602,0.000401015941519,0.0655698135572
val-gsm8k,53c5ed9ea123af8d,answer256,calibrated_0.016,8,2.0,0.0139317079623,0.0139662479239,0,0.0160000435823,1.28475899654e-14,1.15576389741e-14,0,0,
val-gsm8k,53c5ed9ea123af8d,answer256,calibrated_0.016,32,1.001,0.00299660887439,0.00282441936407,0.0394735869485,0.0160000435823,0.0151672423613,0.00870034413816,0.000164247963545,7.52912531895e-05,0.0108291250072
val-gsm8k,53c5ed9ea123af8d,answer256,calibrated_0.016,32,1.05,0.00299660887439,0.00282441936407,0.0339805981238,0.0160000435823,0.0117824888419,0.00677795623161,9.37054024294e-05,4.32045621518e-05,0.00795293793076
val-gsm8k,53c5ed9ea123af8d,answer256,calibrated_0.016,32,2.0,0.00299660887439,0.00282441936407,0,0.0160000435823,1.28475899654e-14,1.15576389741e-14,0,0,
val-gsm8k,53c5ed9ea123af8d,answer256,calibrated_0.016,128,1.001,0.000586189393945,0.000568274312098,0.0394735869485,0.0160000435823,0.0151672423613,0.00870034413816,4.91847751152e-05,2.22737703308e-05,0.00324282911445
val-gsm8k,53c5ed9ea123af8d,answer256,calibrated_0.016,128,1.05,0.000586189393945,0.000568274312098,0.0339805981238,0.0160000435823,0.0117824888419,0.00677795623161,3.0539185537e-05,1.38642002619e-05,0.00259191296056
val-gsm8k,53c5ed9ea123af8d,answer256,calibrated_0.016,128,2.0,0.000586189393945,0.000568274312098,0,0.0160000435823,1.28475899654e-14,1.15576389741e-14,0,0,
val-gsm8k,53c5ed9ea123af8d,answer256,calibrated_0.05,1,1.001,0.100705483245,0.108419417473,0.0394671517353,0.0500001997433,0.0478878393691,0.0277011300192,0.0400138602653,0.0209205957796,0.835574559063
val-gsm8k,53c5ed9ea123af8d,answer256,calibrated_0.05,1,1.05,0.100705483245,0.108419417473,0.0387730077724,0.0500001997433,0.0443744655548,0.0257345235565,0.0417185557172,0.023319837364,0.940147789852
val-gsm8k,53c5ed9ea123af8d,answer256,calibrated_0.05,1,2.0,0.100705483245,0.108419417473,0.0100282673184,0.0500001997433,0.00178228706317,0.00120419968304,0.00178228706318,0.00120419968304,1
val-gsm8k,53c5ed9ea123af8d,answer256,calibrated_0.05,4,1.001,0.0368052689403,0.0439757478404,0.0394671517353,0.0500001997433,0.0478878393691,0.0277011300192,0.0164532296042,0.00912704783766,0.34357844958
val-gsm8k,53c5ed9ea123af8d,answer256,calibrated_0.05,4,1.05,0.0368052689403,0.0439757478404,0.0387730077724,0.0500001997433,0.0443744655548,0.0257345235565,0.0172283075936,0.00986403882275,0.388248227402
val-gsm8k,53c5ed9ea123af8d,answer256,calibrated_0.05,4,2.0,0.0368052689403,0.0439757478404,0.0100282673184,0.0500001997433,0.00178228706317,0.00120419968304,0.00178228706318,0.00120419968304,1
val-gsm8k,53c5ed9ea123af8d,answer256,calibrated_0.05,8,1.001,0.0139317079623,0.0143455725829,0.0394671517353,0.0500001997433,0.0478878393691,0.0277011300192,0.00333463830592,0.00153461457574,0.0696343445403
val-gsm8k,53c5ed9ea123af8d,answer256,calibrated_0.05,8,1.05,0.0139317079623,0.0143455725829,0.0387730077724,0.0500001997433,0.0443744655548,0.0257345235565,0.00321522891687,0.00163333656731,0.0724567355725
val-gsm8k,53c5ed9ea123af8d,answer256,calibrated_0.05,8,2.0,0.0139317079623,0.0143455725829,0.0100282673184,0.0500001997433,0.00178228706317,0.00120419968304,4.50180619145e-06,2.17963968713e-06,0.00252585920892
val-gsm8k,53c5ed9ea123af8d,answer256,calibrated_0.05,32,1.001,0.00299660887439,0.00263671590009,0.0394671517353,0.0500001997433,0.0478878393691,0.0277011300192,0.00048400328911,0.000220342194439,0.0101070187231
val-gsm8k,53c5ed9ea123af8d,answer256,calibrated_0.05,32,1.05,0.00299660887439,0.00263671590009,0.0387730077724,0.0500001997433,0.0443744655548,0.0257345235565,0.000401763933508,0.000183270685534,0.00905394416552
val-gsm8k,53c5ed9ea123af8d,answer256,calibrated_0.05,32,2.0,0.00299660887439,0.00263671590009,0.0100282673184,0.0500001997433,0.00178228706317,0.00120419968304,4.50180619145e-06,2.17963968713e-06,0.00252585920892
val-gsm8k,53c5ed9ea123af8d,answer256,calibrated_0.05,128,1.001,0.000586189393945,0.000560361648937,0.0394671517353,0.0500001997433,0.0478878393691,0.0277011300192,0.000149403465259,6.71709778759e-05,0.00311986231217
val-gsm8k,53c5ed9ea123af8d,answer256,calibrated_0.05,128,1.05,0.000586189393945,0.000560361648937,0.0387730077724,0.0500001997433,0.0443744655548,0.0257345235565,0.000128936184997,5.80184201021e-05,0.00290563916399
val-gsm8k,53c5ed9ea123af8d,answer256,calibrated_0.05,128,2.0,0.000586189393945,0.000560361648937,0.0100282673184,0.0500001997433,0.00178228706317,0.00120419968304,4.50180619145e-06,2.17963968713e-06,0.00252585920892
val-math500,2e483202419b799c,prompt,real_base_to_step8,1,1.001,0.00126473932525,0.00124397190276,0.000119264243671,4.37753241488e-05,1.75602724646e-06,8.94762004901e-07,1.7560272439e-06,8.94762002398e-07,0.999999998544
val-math500,2e483202419b799c,prompt,real_base_to_step8,1,1.05,0.00126473932525,0.00124397190276,3.06538212816e-10,4.37753241488e-05,2.05534792844e-12,1.38003558189e-12,2.05279123346e-12,1.37813520086e-12,0.998756076795
val-math500,2e483202419b799c,prompt,real_base_to_step8,1,2.0,0.00126473932525,0.00124397190276,0,4.37753241488e-05,2.55669498462e-15,2.55351331968e-15,0,0,
val-math500,2e483202419b799c,prompt,real_base_to_step8,4,1.001,0.00056240994074,0.000555902584964,0.000119264243671,4.37753241488e-05,1.75602724646e-06,8.94762004901e-07,1.7560272439e-06,8.94762002398e-07,0.999999998544
val-math500,2e483202419b799c,prompt,real_base_to_step8,4,1.05,0.00056240994074,0.000555902584964,3.06538212816e-10,4.37753241488e-05,2.05534792844e-12,1.38003558189e-12,2.05279123346e-12,1.37813520086e-12,0.998756076795
val-math500,2e483202419b799c,prompt,real_base_to_step8,4,2.0,0.00056240994074,0.000555902584964,0,4.37753241488e-05,2.55669498462e-15,2.55351331968e-15,0,0,
val-math500,2e483202419b799c,prompt,real_base_to_step8,8,1.001,0.000470049902771,0.000464312090001,0.000119264243671,4.37753241488e-05,1.75602724646e-06,8.94762004901e-07,1.48340114602e-06,7.49466799581e-07,0.844748365388
val-math500,2e483202419b799c,prompt,real_base_to_step8,8,1.05,0.000470049902771,0.000464312090001,3.06538212816e-10,4.37753241488e-05,2.05534792844e-12,1.38003558189e-12,2.05279123346e-12,1.37813520086e-12,0.998756076795
val-math500,2e483202419b799c,prompt,real_base_to_step8,8,2.0,0.000470049902771,0.000464312090001,0,4.37753241488e-05,2.55669498462e-15,2.55351331968e-15,0,0,
val-math500,2e483202419b799c,prompt,real_base_to_step8,32,1.001,0.000318339252133,0.000314908179843,0.000119264243671,4.37753241488e-05,1.75602724646e-06,8.94762004901e-07,1.11005909781e-06,5.56416679892e-07,0.632142297364
val-math500,2e483202419b799c,prompt,real_base_to_step8,32,1.05,0.000318339252133,0.000314908179843,3.06538212816e-10,4.37753241488e-05,2.05534792844e-12,1.38003558189e-12,2.05279123346e-12,1.37813520086e-12,0.998756076795
val-math500,2e483202419b799c,prompt,real_base_to_step8,32,2.0,0.000318339252133,0.000314908179843,0,4.37753241488e-05,2.55669498462e-15,2.55351331968e-15,0,0,
val-math500,2e483202419b799c,prompt,real_base_to_step8,128,1.001,0.00023804132309,0.000235704936006,0.000119264243671,4.37753241488e-05,1.75602724646e-06,8.94762004901e-07,8.37313619257e-07,4.19002520133e-07,0.476822680824
val-math500,2e483202419b799c,prompt,real_base_to_step8,128,1.05,0.00023804132309,0.000235704936006,3.06538212816e-10,4.37753241488e-05,2.05534792844e-12,1.38003558189e-12,2.05279123346e-12,1.37813520086e-12,0.998756076795
val-math500,2e483202419b799c,prompt,real_base_to_step8,128,2.0,0.00023804132309,0.000235704936006,0,4.37753241488e-05,2.55669498462e-15,2.55351331968e-15,0,0,
val-math500,2e483202419b799c,prompt,calibrated_0.016,1,1.001,0.00126473932525,0.0104415603116,5.45190483588e-05,0.0160001102031,0.0204717893818,0.0114490107649,0.00242829199651,0.00131255258619,0.118616499575
val-math500,2e483202419b799c,prompt,calibrated_0.016,1,1.05,0.00126473932525,0.0104415603116,5.36110176801e-05,0.0160001102031,0.0204665691421,0.0114466681358,0.00254711500719,0.00137867383492,0.124452466337
val-math500,2e483202419b799c,prompt,calibrated_0.016,1,2.0,0.00126473932525,0.0104415603116,4.1662053631e-05,0.0160001102031,0.0203790541828,0.0114073917491,0.00485068336097,0.00266675999764,0.238022987596
val-math500,2e483202419b799c,prompt,calibrated_0.016,4,1.001,0.00056240994074,0.0104390964434,5.45190483588e-05,0.0160001102031,0.0204717893818,0.0114490107649,0.00106286989198,0.000539048162516,0.0519187586465
val-math500,2e483202419b799c,prompt,calibrated_0.016,4,1.05,0.00056240994074,0.0104390964434,5.36110176801e-05,0.0160001102031,0.0204665691421,0.0114466681358,0.00111485711907,0.000567151874205,0.0544721057707
val-math500,2e483202419b799c,prompt,calibrated_0.016,4,2.0,0.00056240994074,0.0104390964434,4.1662053631e-05,0.0160001102031,0.0203790541828,0.0114073917491,0.00212263162731,0.00111817998962,0.104157514293
val-math500,2e483202419b799c,prompt,calibrated_0.016,8,1.001,0.000470049902771,0.0104304150236,5.45190483588e-05,0.0160001102031,0.0204717893818,0.0114490107649,0.000885409682122,0.000444648384639,0.0432502340468
val-math500,2e483202419b799c,prompt,calibrated_0.016,8,1.05,0.000470049902771,0.0104304150236,5.36110176801e-05,0.0160001102031,0.0204665691421,0.0114466681358,0.000928718741657,0.000467767967377,0.0453773534395
val-math500,2e483202419b799c,prompt,calibrated_0.016,8,2.0,0.000470049902771,0.0104304150236,4.1662053631e-05,0.0160001102031,0.0203790541828,0.0114073917491,0.00176824329759,0.000922075094378,0.0867676822353
val-math500,2e483202419b799c,prompt,calibrated_0.016,32,1.001,0.000318339252133,0.010422452668,5.45190483588e-05,0.0160001102031,0.0204717893818,0.0114490107649,0.000593761341506,0.000284419206228,0.0290038809227
val-math500,2e483202419b799c,prompt,calibrated_0.016,32,1.05,0.000318339252133,0.010422452668,5.36110176801e-05,0.0160001102031,0.0204665691421,0.0114466681358,0.000622802026924,0.000299344858769,0.0304302114633
val-math500,2e483202419b799c,prompt,calibrated_0.016,32,2.0,0.000318339252133,0.010422452668,4.1662053631e-05,0.0160001102031,0.0203790541828,0.0114073917491,0.00118569601011,0.000594668738363,0.0581820922342
val-math500,2e483202419b799c,prompt,calibrated_0.016,128,1.001,0.00023804132309,0.0100130347604,5.45190483588e-05,0.0160001102031,0.0204717893818,0.0114490107649,0.000449531325795,0.000214968396084,0.0219585751597
val-math500,2e483202419b799c,prompt,calibrated_0.016,128,1.05,0.00023804132309,0.0100130347604,5.36110176801e-05,0.0160001102031,0.0204665691421,0.0114466681358,0.000471518523951,0.000226232195743,0.0230384741417
val-math500,2e483202419b799c,prompt,calibrated_0.016,128,2.0,0.00023804132309,0.0100130347604,4.1662053631e-05,0.0160001102031,0.0203790541828,0.0114073917491,0.000897672723145,0.000450147302987,0.0440487922106
val-math500,2e483202419b799c,prompt,calibrated_0.05,1,1.001,0.00126473932525,0.0425534772979,5.40193065283e-05,0.0500001668981,0.0813189963088,0.0469516450248,0.00238839861897,0.00132738749572,0.0293707341136
val-math500,2e483202419b799c,prompt,calibrated_0.05,1,1.05,0.00126473932525,0.0425534772979,5.3044235219e-05,0.0500001668981,0.0813140503138,0.0469494966034,0.00250516943337,0.00139372707471,0.0308085678146
val-math500,2e483202419b799c,prompt,calibrated_0.05,1,2.0,0.00126473932525,0.0425534772979,4.19347168149e-05,0.0500001668981,0.0812295487333,0.0469127607763,0.00476858604919,0.00268480242218,0.0587050663651
val-math500,2e483202419b799c,prompt,calibrated_0.05,4,1.001,0.00056240994074,0.0425523529939,5.40193065283e-05,0.0500001668981,0.0813189963088,0.0469516450248,0.00105613540694,0.000552435640296,0.0129875607776
val-math500,2e483202419b799c,prompt,calibrated_0.05,4,1.05,0.00056240994074,0.0425523529939,5.3044235219e-05,0.0500001668981,0.0813140503138,0.0469494966034,0.0011076958948,0.000580753555461,0.0136224415156
val-math500,2e483202419b799c,prompt,calibrated_0.05,4,2.0,0.00056240994074,0.0425523529939,4.19347168149e-05,0.0500001668981,0.0812295487333,0.0469127607763,0.0021068332683,0.00113466039995,0.0259367841033
val-math500,2e483202419b799c,prompt,calibrated_0.05,8,1.001,0.000470049902771,0.0425456434114,5.40193065283e-05,0.0500001668981,0.0813189963088,0.0469516450248,0.000881380736876,0.000455811871626,0.01083855897
val-math500,2e483202419b799c,prompt,calibrated_0.05,8,1.05,0.000470049902771,0.0425456434114,5.3044235219e-05,0.0500001668981,0.0813140503138,0.0469494966034,0.000924414656244,0.000479140546155,0.0113684492739
val-math500,2e483202419b799c,prompt,calibrated_0.05,8,2.0,0.000470049902771,0.0425456434114,4.19347168149e-05,0.0500001668981,0.0812295487333,0.0469127607763,0.00175824230125,0.000936244468822,0.0216453535526
val-math500,2e483202419b799c,prompt,calibrated_0.05,32,1.001,0.000318339252133,0.0425397132729,5.40193065283e-05,0.0500001668981,0.0813189963088,0.0469516450248,0.000595133919637,0.000293439702336,0.00731851039303
val-math500,2e483202419b799c,prompt,calibrated_0.05,32,1.05,0.000318339252133,0.0425397132729,5.3044235219e-05,0.0500001668981,0.0813140503138,0.0469494966034,0.000624180246546,0.000308574263867,0.00767616720772
val-math500,2e483202419b799c,prompt,calibrated_0.05,32,2.0,0.000318339252133,0.0425397132729,4.19347168149e-05,0.0500001668981,0.0812295487333,0.0469127607763,0.00118682094882,0.000606696798509,0.0146107046922
val-math500,2e483202419b799c,prompt,calibrated_0.05,128,1.001,0.00023804132309,0.0417502641886,5.40193065283e-05,0.0500001668981,0.0813189963088,0.0469516450248,0.000447276876106,0.000220615243087,0.00550027541421
val-math500,2e483202419b799c,prompt,calibrated_0.05,128,1.05,0.00023804132309,0.0417502641886,5.3044235219e-05,0.0500001668981,0.0813140503138,0.0469494966034,0.000469107337013,0.000231992563533,0.00576908093008
val-math500,2e483202419b799c,prompt,calibrated_0.05,128,2.0,0.00023804132309,0.0417502641886,4.19347168149e-05,0.0500001668981,0.0812295487333,0.0469127607763,0.000891880113683,0.000456985215199,0.0109797497043
val-math500,2e483202419b799c,answer16,real_base_to_step8,1,1.001,1.23733491452e-08,1.22946774284e-08,2.17200152365e-09,2.03243710186e-10,4.1128625857e-11,2.19236322558e-11,4.11745890906e-11,2.19667040749e-11,1.00111754849
val-math500,2e483202419b799c,answer16,real_base_to_step8,1,1.05,1.23733491452e-08,1.22946774284e-08,1.10860009245e-18,2.03243710186e-10,4.59632361143e-14,4.59632332195e-14,2.32886834556e-21,1.50140707211e-21,
val-math500,2e483202419b799c,answer16,real_base_to_step8,1,2.0,1.23733491452e-08,1.22946774284e-08,0,2.03243710186e-10,4.59632337854e-14,4.59632332195e-14,0,0,
val-math500,2e483202419b799c,answer16,real_base_to_step8,4,1.001,1.64680225076e-09,1.66069771985e-09,2.17200152365e-09,2.03243710186e-10,4.1128625857e-11,2.19236322558e-11,1.38277227832e-11,3.79890898961e-12,0.336206778006
val-math500,2e483202419b799c,answer16,real_base_to_step8,4,1.05,1.64680225076e-09,1.66069771985e-09,1.10860009245e-18,2.03243710186e-10,4.59632361143e-14,4.59632332195e-14,2.32886834556e-21,1.50140707211e-21,
val-math500,2e483202419b799c,answer16,real_base_to_step8,4,2.0,1.64680225076e-09,1.66069771985e-09,0,2.03243710186e-10,4.59632337854e-14,4.59632332195e-14,0,0,
val-math500,2e483202419b799c,answer16,real_base_to_step8,8,1.001,1.02313432184e-09,1.03604697783e-09,2.17200152365e-09,2.03243710186e-10,4.1128625857e-11,2.19236322558e-11,7.84697554688e-12,2.10115385797e-12,0.190791094606
val-math500,2e483202419b799c,answer16,real_base_to_step8,8,1.05,1.02313432184e-09,1.03604697783e-09,1.10860009245e-18,2.03243710186e-10,4.59632361143e-14,4.59632332195e-14,2.32886834556e-21,1.50140707211e-21,
val-math500,2e483202419b799c,answer16,real_base_to_step8,8,2.0,1.02313432184e-09,1.03604697783e-09,0,2.03243710186e-10,4.59632337854e-14,4.59632332195e-14,0,0,
val-math500,2e483202419b799c,answer16,real_base_to_step8,32,1.001,8.06275289508e-11,8.15175752769e-11,2.17200152365e-09,2.03243710186e-10,4.1128625857e-11,2.19236322558e-11,7.79998169016e-13,1.90950971059e-13,0.0189648487583
val-math500,2e483202419b799c,answer16,real_base_to_step8,32,1.05,8.06275289508e-11,8.15175752769e-11,1.10860009245e-18,2.03243710186e-10,4.59632361143e-14,4.59632332195e-14,2.32886834556e-21,1.50140707211e-21,
val-math500,2e483202419b799c,answer16,real_base_to_step8,32,2.0,8.06275289508e-11,8.15175752769e-11,0,2.03243710186e-10,4.59632337854e-14,4.59632332195e-14,0,0,
val-math500,2e483202419b799c,answer16,real_base_to_step8,128,1.001,1.7673879793e-12,1.79209375605e-12,2.17200152365e-09,2.03243710186e-10,4.1128625857e-11,2.19236322558e-11,1.24446489287e-14,1.39568920778e-15,0.000302578767694
val-math500,2e483202419b799c,answer16,real_base_to_step8,128,1.05,1.7673879793e-12,1.79209375605e-12,1.10860009245e-18,2.03243710186e-10,4.59632361143e-14,4.59632332195e-14,2.32886834556e-21,1.50140707211e-21,
val-math500,2e483202419b799c,answer16,real_base_to_step8,128,2.0,1.7673879793e-12,1.79209375605e-12,0,2.03243710186e-10,4.59632337854e-14,4.59632332195e-14,0,0,
val-math500,2e483202419b799c,answer16,calibrated_0.016,1,1.001,1.23733491452e-08,0.0158721532655,1.00774352547e-08,0.0159994789502,0.0312404360757,0.0187437808812,2.44620631798e-08,1.24690709891e-08,7.83025663295e-07
val-math500,2e483202419b799c,answer16,calibrated_0.016,1,1.05,1.23733491452e-08,0.0158721532655,1.00774332514e-08,0.0159994789502,0.0312404351038,0.018743780479,2.56594260611e-08,1.30798715579e-08,8.21353030962e-07
val-math500,2e483202419b799c,answer16,calibrated_0.016,1,2.0,1.23733491452e-08,0.0158721532655,9.62009126244e-10,0.0159994789502,0.0312404318195,0.0187437789806,4.8629965783e-08,2.28534792848e-08,1.55663551848e-06
val-math500,2e483202419b799c,answer16,calibrated_0.016,4,1.001,1.64680225076e-09,0.0158721394679,1.00774352547e-08,0.0159994789502,0.0312404360757,0.0187437808812,3.21346762211e-09,1.5852487126e-09,1.02862444504e-07
val-math500,2e483202419b799c,answer16,calibrated_0.016,4,1.05,1.64680225076e-09,0.0158721394679,1.00774332514e-08,0.0159994789502,0.0312404351038,0.018743780479,3.37069010641e-09,1.66460858571e-09,1.07895107581e-07
val-math500,2e483202419b799c,answer16,calibrated_0.016,4,2.0,1.64680225076e-09,0.0158721394679,9.62009126244e-10,0.0159994789502,0.0312404318195,0.0187437789806,6.41883747815e-09,3.20446674725e-09,2.05465709157e-07
val-math500,2e483202419b799c,answer16,calibrated_0.016,8,1.001,1.02313432184e-09,0.0157569786766,1.00774352547e-08,0.0159994789502,0.0312404360757,0.0187437808812,2.00634313035e-09,9.80402081343e-10,6.42226352248e-08
val-math500,2e483202419b799c,answer16,calibrated_0.016,8,1.05,1.02313432184e-09,0.0157569786766,1.00774332514e-08,0.0159994789502,0.0312404351038,0.018743780479,2.10453130842e-09,1.02893264546e-09,6.73656209148e-08
val-math500,2e483202419b799c,answer16,calibrated_0.016,8,2.0,1.02313432184e-09,0.0157569786766,9.62009126244e-10,0.0159994789502,0.0312404318195,0.0187437789806,4.00813791164e-09,1.97072079705e-09,1.28299696201e-07
val-math500,2e483202419b799c,answer16,calibrated_0.016,32,1.001,8.06275289508e-11,0.0157160911208,1.00774352547e-08,0.0159994789502,0.0312404360757,0.0187437808812,1.45899195933e-10,6.6102342736e-11,4.67020356498e-09
val-math500,2e483202419b799c,answer16,calibrated_0.016,32,1.05,8.06275289508e-11,0.0157160911208,1.00774332514e-08,0.0159994789502,0.0312404351038,0.018743780479,1.53033870523e-10,6.94688953219e-11,4.89858319881e-09
val-math500,2e483202419b799c,answer16,calibrated_0.016,32,2.0,8.06275289508e-11,0.0157160911208,9.62009126244e-10,0.0159994789502,0.0312404318195,0.0187437789806,2.91320807906e-10,1.35531901905e-10,9.3251210351e-09
val-math500,2e483202419b799c,answer16,calibrated_0.016,128,1.001,1.7673879793e-12,0.0121904004284,1.00774352547e-08,0.0159994789502,0.0312404360757,0.0187437808812,3.48959219538e-12,1.75230230601e-12,1.11701135891e-10
val-math500,2e483202419b799c,answer16,calibrated_0.016,128,1.05,1.7673879793e-12,0.0121904004284,1.00774332514e-08,0.0159994789502,0.0312404351038,0.018743780479,3.66045677934e-12,1.8402401488e-12,1.1717048009e-10
val-math500,2e483202419b799c,answer16,calibrated_0.016,128,2.0,1.7673879793e-12,0.0121904004284,9.62009126244e-10,0.0159994789502,0.0312404318195,0.0187437789806,6.96983724568e-12,3.55435803442e-12,2.23103101966e-10
val-math500,2e483202419b799c,answer16,calibrated_0.05,1,1.001,1.23733491452e-08,0.0487757235916,1.00774348221e-08,0.0500054264523,0.0927932854821,0.0575797311565,2.44132134435e-08,1.30192848659e-08,2.63092456708e-07
val-math500,2e483202419b799c,answer16,calibrated_0.05,1,1.05,1.23733491452e-08,0.0487757235916,1.00774321755e-08,0.0500054264523,0.0927932845427,0.0575797307885,2.56080389535e-08,1.36568960236e-08,2.75968666048e-07
val-math500,2e483202419b799c,answer16,calibrated_0.05,1,2.0,1.23733491452e-08,0.0487757235916,9.62009021332e-10,0.0500054264523,0.0927932826004,0.0575797296368,4.79937013799e-08,2.37241146827e-08,5.17210944962e-07
val-math500,2e483202419b799c,answer16,calibrated_0.05,4,1.001,1.64680225076e-09,0.0487757099809,1.00774348221e-08,0.0500054264523,0.0927932854821,0.0575797311565,3.15238955549e-09,1.62446839044e-09,3.39721730846e-08
val-math500,2e483202419b799c,answer16,calibrated_0.05,4,1.05,1.64680225076e-09,0.0487757099809,1.00774321755e-08,0.0500054264523,0.0927932845427,0.0575797307885,3.30647673585e-09,1.70540827461e-09,3.56327157956e-08
val-math500,2e483202419b799c,answer16,calibrated_0.05,4,2.0,1.64680225076e-09,0.0487757099809,9.62009021332e-10,0.0500054264523,0.0927932826004,0.0575797296368,6.29375834815e-09,3.27577876643e-09,6.78255814622e-08
val-math500,2e483202419b799c,answer16,calibrated_0.05,8,1.001,1.02313432184e-09,0.048594108915,1.00774348221e-08,0.0500054264523,0.0927932854821,0.0575797311565,1.96229970887e-09,1.0037057055e-09,2.11470010861e-08
val-math500,2e483202419b799c,answer16,calibrated_0.05,8,1.05,1.02313432184e-09,0.048594108915,1.00774321755e-08,0.0500054264523,0.0927932845427,0.0575797307885,2.05828834555e-09,1.05326427127e-09,2.2181436466e-08
val-math500,2e483202419b799c,answer16,calibrated_0.05,8,2.0,1.02313432184e-09,0.048594108915,9.62009021332e-10,0.0500054264523,0.0927932826004,0.0575797296368,3.91917480278e-09,2.01491625697e-09,4.22355443514e-08
val-math500,2e483202419b799c,answer16,calibrated_0.05,32,1.001,8.06275289508e-11,0.04852921262,1.00774348221e-08,0.0500054264523,0.0927932854821,0.0575797311565,1.44173213052e-10,6.9784226462e-11,1.55370307564e-09
val-math500,2e483202419b799c,answer16,calibrated_0.05,32,1.05,8.06275289508e-11,0.04852921262,1.00774321755e-08,0.0500054264523,0.0927932845427,0.0575797307885,1.51210271304e-10,7.33031371245e-11,1.62953894831e-09
val-math500,2e483202419b799c,answer16,calibrated_0.05,32,2.0,8.06275289508e-11,0.04852921262,9.62009021332e-10,0.0500054264523,0.0927932826004,0.0575797296368,2.87521069827e-10,1.42230554447e-10,3.09851167854e-09
val-math500,2e483202419b799c,answer16,calibrated_0.05,128,1.001,1.7673879793e-12,0.0415425441052,1.00774348221e-08,0.0500054264523,0.0927932854821,0.0575797311565,3.43084376004e-12,1.75568521894e-12,3.69729743076e-11
val-math500,2e483202419b799c,answer16,calibrated_0.05,128,1.05,1.7673879793e-12,0.0415425441052,1.00774321755e-08,0.0500054264523,0.0927932845427,0.0575797307885,3.59850911222e-12,1.84342296935e-12,3.87798441445e-11
val-math500,2e483202419b799c,answer16,calibrated_0.05,128,2.0,1.7673879793e-12,0.0415425441052,9.62009021332e-10,0.0500054264523,0.0927932826004,0.0575797296368,6.84705910641e-12,3.5535881415e-12,7.37883057322e-11
val-math500,2e483202419b799c,answer32,real_base_to_step8,1,1.001,0.126109909364,0.12825616915,0.126043243844,0.00427837363509,0.00352366754053,0.00249101488832,2.18673282025e-05,1.4339222308e-05,0.00620584318782
val-math500,2e483202419b799c,answer32,real_base_to_step8,1,1.05,0.126109909364,0.12825616915,4.82983599225e-10,0.00427837363509,1.83397296669e-12,1.10254428733e-12,2.08180389657e-12,1.25235390851e-12,1.13513336041
val-math500,2e483202419b799c,answer32,real_base_to_step8,1,2.0,0.126109909364,0.12825616915,0,0.00427837363509,2.47830930134e-13,2.18346148422e-13,0,0,
val-math500,2e483202419b799c,answer32,real_base_to_step8,4,1.001,1.54226562667e-05,1.55831118792e-05,0.126043243844,0.00427837363509,0.00352366754053,0.00249101488832,1.46472197847e-07,5.42961786682e-08,4.15681094094e-05
val-math500,2e483202419b799c,answer32,real_base_to_step8,4,1.05,1.54226562667e-05,1.55831118792e-05,4.82983599225e-10,0.00427837363509,1.83397296669e-12,1.10254428733e-12,2.08180389657e-12,1.25235390851e-12,1.13513336041
val-math500,2e483202419b799c,answer32,real_base_to_step8,4,2.0,1.54226562667e-05,1.55831118792e-05,0,0.00427837363509,2.47830930134e-13,2.18346148422e-13,0,0,
val-math500,2e483202419b799c,answer32,real_base_to_step8,8,1.001,4.30018788035e-06,4.30849471325e-06,0.126043243844,0.00427837363509,0.00352366754053,0.00249101488832,3.30289852563e-08,1.32806141794e-08,9.37346809153e-06
val-math500,2e483202419b799c,answer32,real_base_to_step8,8,1.05,4.30018788035e-06,4.30849471325e-06,4.82983599225e-10,0.00427837363509,1.83397296669e-12,1.10254428733e-12,2.08180389657e-12,1.25235390851e-12,1.13513336041
val-math500,2e483202419b799c,answer32,real_base_to_step8,8,2.0,4.30018788035e-06,4.30849471325e-06,0,0.00427837363509,2.47830930134e-13,2.18346148422e-13,0,0,
val-math500,2e483202419b799c,answer32,real_base_to_step8,32,1.001,8.19946629421e-07,8.25040437125e-07,0.126043243844,0.00427837363509,0.00352366754053,0.00249101488832,5.76923165445e-09,1.15758015759e-09,1.63728035863e-06
val-math500,2e483202419b799c,answer32,real_base_to_step8,32,1.05,8.19946629421e-07,8.25040437125e-07,4.82983599225e-10,0.00427837363509,1.83397296669e-12,1.10254428733e-12,2.08180389657e-12,1.25235390851e-12,1.13513336041
val-math500,2e483202419b799c,answer32,real_base_to_step8,32,2.0,8.19946629421e-07,8.25040437125e-07,0,0.00427837363509,2.47830930134e-13,2.18346148422e-13,0,0,
val-math500,2e483202419b799c,answer32,real_base_to_step8,128,1.001,1.85813652502e-07,1.87274671265e-07,0.126043243844,0.00427837363509,0.00352366754053,0.00249101488832,1.41745651134e-09,2.38389221406e-10,4.02267380517e-07
val-math500,2e483202419b799c,answer32,real_base_to_step8,128,1.05,1.85813652502e-07,1.87274671265e-07,4.82983599225e-10,0.00427837363509,1.83397296669e-12,1.10254428733e-12,2.08180389657e-12,1.25235390851e-12,1.13513336041
val-math500,2e483202419b799c,answer32,real_base_to_step8,128,2.0,1.85813652502e-07,1.87274671265e-07,0,0.00427837363509,2.47830930134e-13,2.18346148422e-13,0,0,
val-math500,2e483202419b799c,answer32,calibrated_0.016,1,1.001,0.126109909364,0.127241797597,0.000787161650678,0.0159998088379,0.0270719950997,0.0151751244342,0.0268716098796,0.0145534599072,0.992598062338
val-math500,2e483202419b799c,answer32,calibrated_0.016,1,1.05,0.126109909364,0.127241797597,0.000787161531398,0.0159998088379,0.0269959736652,0.0151378927317,0.0269959736653,0.0151378927318,1
val-math500,2e483202419b799c,answer32,calibrated_0.016,1,2.0,0.126109909364,0.127241797597,0.000784955471124,0.0159998088379,0.0255259761883,0.0144306993194,0.0255259761884,0.0144306993195,1
val-math500,2e483202419b799c,answer32,calibrated_0.016,4,1.001,1.54226562667e-05,0.00892199781857,0.000787161650678,0.0159998088379,0.0270719950997,0.0151751244342,2.45147115422e-05,1.2980299862e-05,0.00090553767655
val-math500,2e483202419b799c,answer32,calibrated_0.016,4,1.05,1.54226562667e-05,0.00892199781857,0.000787161531398,0.0159998088379,0.0269959736652,0.0151378927317,2.5714613553e-05,1.36156839752e-05,0.000952535139941
val-math500,2e483202419b799c,answer32,calibrated_0.016,4,2.0,1.54226562667e-05,0.00892199781857,0.000784955471124,0.0159998088379,0.0255259761883,0.0144306993194,4.89456304094e-05,2.57684053732e-05,0.00191748319627
val-math500,2e483202419b799c,answer32,calibrated_0.016,8,1.001,4.30018788035e-06,0.000423069028075,0.000787161650678,0.0159998088379,0.0270719950997,0.0151751244342,5.56951668502e-06,1.08637675443e-06,0.000205729820225
val-math500,2e483202419b799c,answer32,calibrated_0.016,8,1.05,4.30018788035e-06,0.000423069028075,0.000787161531398,0.0159998088379,0.0269959736652,0.0151378927317,5.84214612549e-06,1.13999581595e-06,0.000216408053954
val-math500,2e483202419b799c,answer32,calibrated_0.016,8,2.0,4.30018788035e-06,0.000423069028075,0.000784955471124,0.0159998088379,0.0255259761883,0.0144306993194,1.11277797071e-05,2.19012061374e-06,0.000435939437734
val-math500,2e483202419b799c,answer32,calibrated_0.016,32,1.001,8.19946629421e-07,0.000308489887407,0.000787161650678,0.0159998088379,0.0270719950997,0.0151751244342,1.20989192209e-06,2.42600412055e-07,4.46916423276e-05
val-math500,2e483202419b799c,answer32,calibrated_0.016,32,1.05,8.19946629421e-07,0.000308489887407,0.000787161531398,0.0159998088379,0.0269959736652,0.0151378927317,1.26911556905e-06,2.55325299505e-07,4.7011290824e-05
val-math500,2e483202419b799c,answer32,calibrated_0.016,32,2.0,8.19946629421e-07,0.000308489887407,0.000784955471124,0.0159998088379,0.0255259761883,0.0144306993194,2.41731222509e-06,5.16458689275e-07,9.47000893232e-05
val-math500,2e483202419b799c,answer32,calibrated_0.016,128,1.001,1.85813652502e-07,0.000104376245225,0.000787161650678,0.0159998088379,0.0270719950997,0.0151751244342,2.98182210026e-07,4.55118509301e-08,1.10144157801e-05
val-math500,2e483202419b799c,answer32,calibrated_0.016,128,1.05,1.85813652502e-07,0.000104376245225,0.000787161531398,0.0159998088379,0.0269959736652,0.0151378927317,3.12778437396e-07,4.7891666751e-08,1.15861143323e-05
val-math500,2e483202419b799c,answer32,calibrated_0.016,128,2.0,1.85813652502e-07,0.000104376245225,0.000784955471124,0.0159998088379,0.0255259761883,0.0144306993194,5.95765347951e-07,9.68000973947e-08,2.33395715626e-05
val-math500,2e483202419b799c,answer32,calibrated_0.05,1,1.001,0.126109909364,0.154139894648,0.000787161548561,0.0499990824152,0.0880966033021,0.0530555335111,0.0737006031906,0.0398006229382,0.836588477059
val-math500,2e483202419b799c,answer32,calibrated_0.05,1,1.05,0.126109909364,0.154139894648,0.000787158989098,0.0499990824152,0.0880231989004,0.0530277908284,0.0768153016724,0.0413129200733,0.872671098438
val-math500,2e483202419b799c,answer32,calibrated_0.05,1,2.0,0.126109909364,0.154139894648,0.00078495756393,0.0499990824152,0.0866017489285,0.0524968032421,0.0866017489286,0.0524968032422,1
val-math500,2e483202419b799c,answer32,calibrated_0.05,4,1.001,1.54226562667e-05,0.0391406329797,0.000787161548561,0.0499990824152,0.0880966033021,0.0530555335111,2.55279454429e-05,1.34983526383e-05,0.000289772187418
val-math500,2e483202419b799c,answer32,calibrated_0.05,4,1.05,1.54226562667e-05,0.0391406329797,0.000787158989098,0.0499990824152,0.0880231989004,0.0530277908284,2.67770789726e-05,1.41589328959e-05,0.000304204792681
val-math500,2e483202419b799c,answer32,calibrated_0.05,4,2.0,1.54226562667e-05,0.0391406329797,0.00078495756393,0.0499990824152,0.0866017489285,0.0524968032421,5.08465242971e-05,2.67490396989e-05,0.000587130455519
val-math500,2e483202419b799c,answer32,calibrated_0.05,8,1.001,4.30018788035e-06,0.00166147578296,0.000787161548561,0.0499990824152,0.0880966033021,0.0530555335111,6.81225134254e-06,1.35230148203e-06,7.73270601498e-05
val-math500,2e483202419b799c,answer32,calibrated_0.05,8,1.05,4.30018788035e-06,0.00166147578296,0.000787158989098,0.0499990824152,0.0880231989004,0.0530277908284,7.1457004038e-06,1.41884584398e-06,8.11797400353e-05
val-math500,2e483202419b799c,answer32,calibrated_0.05,8,2.0,4.30018788035e-06,0.00166147578296,0.00078495756393,0.0499990824152,0.0866017489285,0.0524968032421,1.36103832133e-05,2.71559856219e-06,0.000157160604511
val-math500,2e483202419b799c,answer32,calibrated_0.05,32,1.001,8.19946629421e-07,0.00142369698038,0.000787161548561,0.0499990824152,0.0880966033021,0.0530555335111,1.30786930169e-06,2.56031290562e-07,1.48458538997e-05
val-math500,2e483202419b799c,answer32,calibrated_0.05,32,1.05,8.19946629421e-07,0.00142369698038,0.000787158989098,0.0499990824152,0.0880231989004,0.0530277908284,1.37188341325e-06,2.69301533629e-07,1.55854755382e-05
val-math500,2e483202419b799c,answer32,calibrated_0.05,32,2.0,8.19946629421e-07,0.00142369698038,0.00078495756393,0.0499990824152,0.0866017489285,0.0524968032421,2.61290296569e-06,5.38141045768e-07,3.01714803456e-05
val-math500,2e483202419b799c,answer32,calibrated_0.05,128,1.001,1.85813652502e-07,0.000591572919443,0.000787161548561,0.0499990824152,0.0880966033021,0.0530555335111,3.20491654098e-07,5.5203950812e-08,3.63795699363e-06
val-math500,2e483202419b799c,answer32,calibrated_0.05,128,1.05,1.85813652502e-07,0.000591572919443,0.000787158989098,0.0499990824152,0.0880231989004,0.0530277908284,3.36179519712e-07,5.8019049057e-08,3.81921497869e-06
val-math500,2e483202419b799c,answer32,calibrated_0.05,128,2.0,1.85813652502e-07,0.000591572919443,0.00078495756393,0.0499990824152,0.0866017489285,0.0524968032421,6.40326468987e-07,1.14380988823e-07,7.3939207569e-06
val-math500,2e483202419b799c,answer64,real_base_to_step8,1,1.001,0.000600217633126,0.000598355581193,0.000204939555488,6.42608898779e-06,2.27424949405e-06,1.55349145594e-06,2.27424963808e-06,1.55349156128e-06,1.00000006333
val-math500,2e483202419b799c,answer64,real_base_to_step8,1,1.05,0.000600217633126,0.000598355581193,0,6.42608898779e-06,1.44082143399e-13,1.43995934227e-13,0,0,
val-math500,2e483202419b799c,answer64,real_base_to_step8,1,2.0,0.000600217633126,0.000598355581193,0,6.42608898779e-06,1.44082143399e-13,1.43995934227e-13,0,0,
val-math500,2e483202419b799c,answer64,real_base_to_step8,4,1.001,9.41174465407e-05,9.40012067107e-05,0.000204939555488,6.42608898779e-06,2.27424949405e-06,1.55349145594e-06,1.57977409766e-07,8.85541499761e-08,0.0694635351922
val-math500,2e483202419b799c,answer64,real_base_to_step8,4,1.05,9.41174465407e-05,9.40012067107e-05,0,6.42608898779e-06,1.44082143399e-13,1.43995934227e-13,0,0,
val-math500,2e483202419b799c,answer64,real_base_to_step8,4,2.0,9.41174465407e-05,9.40012067107e-05,0,6.42608898779e-06,1.44082143399e-13,1.43995934227e-13,0,0,
val-math500,2e483202419b799c,answer64,real_base_to_step8,8,1.001,3.60127454329e-05,3.59299204443e-05,0.000204939555488,6.42608898779e-06,2.27424949405e-06,1.55349145594e-06,9.84149742923e-08,5.60489264984e-08,0.0432736050066
val-math500,2e483202419b799c,answer64,real_base_to_step8,8,1.05,3.60127454329e-05,3.59299204443e-05,0,6.42608898779e-06,1.44082143399e-13,1.43995934227e-13,0,0,
val-math500,2e483202419b799c,answer64,real_base_to_step8,8,2.0,3.60127454329e-05,3.59299204443e-05,0,6.42608898779e-06,1.44082143399e-13,1.43995934227e-13,0,0,
val-math500,2e483202419b799c,answer64,real_base_to_step8,32,1.001,6.83932536654e-06,6.8022158784e-06,0.000204939555488,6.42608898779e-06,2.27424949405e-06,1.55349145594e-06,7.31346712292e-09,3.77737777179e-09,0.00321577168294
val-math500,2e483202419b799c,answer64,real_base_to_step8,32,1.05,6.83932536654e-06,6.8022158784e-06,0,6.42608898779e-06,1.44082143399e-13,1.43995934227e-13,0,0,
val-math500,2e483202419b799c,answer64,real_base_to_step8,32,2.0,6.83932536654e-06,6.8022158784e-06,0,6.42608898779e-06,1.44082143399e-13,1.43995934227e-13,0,0,
val-math500,2e483202419b799c,answer64,real_base_to_step8,128,1.001,1.99205923976e-06,1.97855769118e-06,0.000204939555488,6.42608898779e-06,2.27424949405e-06,1.55349145594e-06,2.00711008229e-09,1.01588866445e-09,0.00088253733266
val-math500,2e483202419b799c,answer64,real_base_to_step8,128,1.05,1.99205923976e-06,1.97855769118e-06,0,6.42608898779e-06,1.44082143399e-13,1.43995934227e-13,0,0,
val-math500,2e483202419b799c,answer64,real_base_to_step8,128,2.0,1.99205923976e-06,1.97855769118e-06,0,6.42608898779e-06,1.44082143399e-13,1.43995934227e-13,0,0,
val-math500,2e483202419b799c,answer64,calibrated_0.016,1,1.001,0.000600217633126,0.014561559035,0.000350792789359,0.0159997757073,0.0279954450263,0.0174077015338,0.0010010598088,0.000518543655179,0.0357579530476
val-math500,2e483202419b799c,answer64,calibrated_0.016,1,1.05,0.000600217633126,0.014561559035,0.000350667131021,0.0159997757073,0.0279615765216,0.0173926992769,0.0010500553197,0.000544058253584,0.0375535091481
val-math500,2e483202419b799c,answer64,calibrated_0.016,1,2.0,0.000600217633126,0.014561559035,0.000299894092259,0.0159997757073,0.0273534780259,0.0171229727198,0.00199937250149,0.00104784785932,0.0730939041683
val-math500,2e483202419b799c,answer64,calibrated_0.016,4,1.001,9.41174465407e-05,0.0127428028783,0.000350792789359,0.0159997757073,0.0279954450263,0.0174077015338,0.000153029449608,8.32845749179e-05,0.00546622671884
val-math500,2e483202419b799c,answer64,calibrated_0.016,4,1.05,9.41174465407e-05,0.0127428028783,0.000350667131021,0.0159997757073,0.0279615765216,0.0173926992769,0.000160513963812,8.75229110186e-05,0.00574051909012
val-math500,2e483202419b799c,answer64,calibrated_0.016,4,2.0,9.41174465407e-05,0.0127428028783,0.000299894092259,0.0159997757073,0.0273534780259,0.0171229727198,0.000305602158674,0.000170258926386,0.0111723327609
val-math500,2e483202419b799c,answer64,calibrated_0.016,8,1.001,3.60127454329e-05,0.00240246704323,0.000350792789359,0.0159997757073,0.0279954450263,0.0174077015338,6.41403163715e-05,2.80177259489e-05,0.00229109829514
val-math500,2e483202419b799c,answer64,calibrated_0.016,8,1.05,3.60127454329e-05,0.00240246704323,0.000350667131021,0.0159997757073,0.0279615765216,0.0173926992769,6.72790110069e-05,2.95293627272e-05,0.00240612366599
val-math500,2e483202419b799c,answer64,calibrated_0.016,8,2.0,3.60127454329e-05,0.00240246704323,0.000299894092259,0.0159997757073,0.0273534780259,0.0171229727198,0.000128127711475,5.94919350072e-05,0.00468414697956
val-math500,2e483202419b799c,answer64,calibrated_0.016,32,1.001,6.83932536654e-06,0.00207875865606,0.000350792789359,0.0159997757073,0.0279954450263,0.0174077015338,1.26696221714e-05,6.11492712932e-06,0.000452560127533
val-math500,2e483202419b799c,answer64,calibrated_0.016,32,1.05,6.83932536654e-06,0.00207875865606,0.000350667131021,0.0159997757073,0.0279615765216,0.0173926992769,1.32897017555e-05,6.43269638831e-06,0.000475284422725
val-math500,2e483202419b799c,answer64,calibrated_0.016,32,2.0,6.83932536654e-06,0.00207875865606,0.000299894092259,0.0159997757073,0.0273534780259,0.0171229727198,2.53105010056e-05,1.27970649821e-05,0.000925311983422
val-math500,2e483202419b799c,answer64,calibrated_0.016,128,1.001,1.99205923976e-06,0.000364991936809,0.000350792789359,0.0159997757073,0.0279954450263,0.0174077015338,3.74137817401e-06,1.6208869387e-06,0.000133642389699
val-math500,2e483202419b799c,answer64,calibrated_0.016,128,1.05,1.99205923976e-06,0.000364991936809,0.000350667131021,0.0159997757073,0.0279615765216,0.0173926992769,3.92451555438e-06,1.70772859316e-06,0.0001403538728
val-math500,2e483202419b799c,answer64,calibrated_0.016,128,2.0,1.99205923976e-06,0.000364991936809,0.000299894092259,0.0159997757073,0.0273534780259,0.0171229727198,7.47508971316e-06,3.44708838356e-06,0.000273277486179
val-math500,2e483202419b799c,answer64,calibrated_0.05,1,1.001,0.000600217633126,0.0472053638284,0.000350781314091,0.0499996300017,0.0892768734226,0.0543077862456,0.00107986122584,0.000516348813832,0.0120956434118
val-math500,2e483202419b799c,answer64,calibrated_0.05,1,1.05,0.000600217633126,0.0472053638284,0.000350647417616,0.0499996300017,0.0892441364311,0.0542937955642,0.00113270170339,0.000541715367614,0.0126921694655
val-math500,2e483202419b799c,answer64,calibrated_0.05,1,2.0,0.000600217633126,0.0472053638284,0.000299904956916,0.0499996300017,0.0886550791263,0.0540387441152,0.00215537518171,0.00104027206346,0.0243119198917
val-math500,2e483202419b799c,answer64,calibrated_0.05,4,1.001,9.41174465407e-05,0.0447901511825,0.000350781314091,0.0499996300017,0.0892768734226,0.0543077862456,0.000151190183903,7.57907650607e-05,0.00169349774591
val-math500,2e483202419b799c,answer64,calibrated_0.05,4,1.05,9.41174465407e-05,0.0447901511825,0.000350647417616,0.0499996300017,0.0892441364311,0.0542937955642,0.000158572670674,7.96357487826e-05,0.00177684133676
val-math500,2e483202419b799c,answer64,calibrated_0.05,4,2.0,9.41174465407e-05,0.0447901511825,0.000299904956916,0.0499996300017,0.0886550791263,0.0540387441152,0.000301640856678,0.000154678888713,0.0034024091981
val-math500,2e483202419b799c,answer64,calibrated_0.05,8,1.001,3.60127454329e-05,0.0134265168767,0.000350781314091,0.0499996300017,0.0892768734226,0.0543077862456,6.72158468389e-05,2.90887822085e-05,0.000752892034208
val-math500,2e483202419b799c,answer64,calibrated_0.05,8,1.05,3.60127454329e-05,0.0134265168767,0.000350647417616,0.0499996300017,0.0892441364311,0.0542937955642,7.05009480447e-05,3.06245278998e-05,0.000789978488941
val-math500,2e483202419b799c,answer64,calibrated_0.05,8,2.0,3.60127454329e-05,0.0134265168767,0.000299904956916,0.0499996300017,0.0886550791263,0.0540387441152,0.000134173306587,6.09205264218e-05,0.00151343056606
val-math500,2e483202419b799c,answer64,calibrated_0.05,32,1.001,6.83932536654e-06,0.012762916709,0.000350781314091,0.0499996300017,0.0892768734226,0.0543077862456,1.29144469707e-05,5.96802364895e-06,0.000144656129585
val-math500,2e483202419b799c,answer64,calibrated_0.05,32,1.05,6.83932536654e-06,0.012762916709,0.000350647417616,0.0499996300017,0.0892441364311,0.0542937955642,1.35459613085e-05,6.2770975827e-06,0.000151785448885
val-math500,2e483202419b799c,answer64,calibrated_0.05,32,2.0,6.83932536654e-06,0.012762916709,0.000299904956916,0.0499996300017,0.0886550791263,0.0540387441152,2.57846574703e-05,1.24064974472e-05,0.000290842416751
val-math500,2e483202419b799c,answer64,calibrated_0.05,128,1.001,1.99205923976e-06,0.00366720058521,0.000350781314091,0.0499996300017,0.0892768734226,0.0543077862456,3.86285952475e-06,1.77378304861e-06,4.32683110044e-05
val-math500,2e483202419b799c,answer64,calibrated_0.05,128,1.05,1.99205923976e-06,0.00366720058521,0.000350647417616,0.0499996300017,0.0892441364311,0.0542937955642,4.05188896161e-06,1.8663046254e-06,4.54022989482e-05
val-math500,2e483202419b799c,answer64,calibrated_0.05,128,2.0,1.99205923976e-06,0.00366720058521,0.000299904956916,0.0499996300017,0.0886550791263,0.0540387441152,7.71632493723e-06,3.70208506305e-06,8.70375957393e-05
val-math500,2e483202419b799c,answer128,real_base_to_step8,1,1.001,0.663418783758,0.6652318725,0.407234086454,0.00828814002312,0.00449803960102,0.00180757163075,0.00404015733879,0.00149048524519,0.89820403935
val-math500,2e483202419b799c,answer128,real_base_to_step8,1,1.05,0.663418783758,0.6652318725,4.47776912403e-07,0.00828814002312,7.12368138614e-09,3.94331122133e-09,7.12366507395e-09,3.94330784605e-09,0.999997710147
val-math500,2e483202419b799c,answer128,real_base_to_step8,1,2.0,0.663418783758,0.6652318725,0,0.00828814002312,1.63122008621e-14,7.80406685327e-15,0,0,
val-math500,2e483202419b799c,answer128,real_base_to_step8,4,1.001,0.221129135871,0.220900696539,0.407234086454,0.00828814002312,0.00449803960102,0.00180757163075,0.0033315524496,0.00138766921573,0.740667656382
val-math500,2e483202419b799c,answer128,real_base_to_step8,4,1.05,0.221129135871,0.220900696539,4.47776912403e-07,0.00828814002312,7.12368138614e-09,3.94331122133e-09,7.12366507395e-09,3.94330784605e-09,0.999997710147
val-math500,2e483202419b799c,answer128,real_base_to_step8,4,2.0,0.221129135871,0.220900696539,0,0.00828814002312,1.63122008621e-14,7.80406685327e-15,0,0,
val-math500,2e483202419b799c,answer128,real_base_to_step8,8,1.001,0.0945191868424,0.0950755496219,0.407234086454,0.00828814002312,0.00449803960102,0.00180757163075,0.00139563533369,0.000667923951651,0.310276355366
val-math500,2e483202419b799c,answer128,real_base_to_step8,8,1.05,0.0945191868424,0.0950755496219,4.47776912403e-07,0.00828814002312,7.12368138614e-09,3.94331122133e-09,7.12366507395e-09,3.94330784605e-09,0.999997710147
val-math500,2e483202419b799c,answer128,real_base_to_step8,8,2.0,0.0945191868424,0.0950755496219,0,0.00828814002312,1.63122008621e-14,7.80406685327e-15,0,0,
val-math500,2e483202419b799c,answer128,real_base_to_step8,32,1.001,0.00544042208945,0.00545584746408,0.407234086454,0.00828814002312,0.00449803960102,0.00180757163075,5.62526276723e-05,1.57480447696e-05,0.0125060321078
val-math500,2e483202419b799c,answer128,real_base_to_step8,32,1.05,0.00544042208945,0.00545584746408,4.47776912403e-07,0.00828814002312,7.12368138614e-09,3.94331122133e-09,7.12366507395e-09,3.94330784605e-09,0.999997710147
val-math500,2e483202419b799c,answer128,real_base_to_step8,32,2.0,0.00544042208945,0.00545584746408,0,0.00828814002312,1.63122008621e-14,7.80406685327e-15,0,0,
val-math500,2e483202419b799c,answer128,real_base_to_step8,128,1.001,0.000856008399903,0.00085547679987,0.407234086454,0.00828814002312,0.00449803960102,0.00180757163075,6.49849556135e-06,1.58782907983e-06,0.00144473951716
val-math500,2e483202419b799c,answer128,real_base_to_step8,128,1.05,0.000856008399903,0.00085547679987,4.47776912403e-07,0.00828814002312,7.12368138614e-09,3.94331122133e-09,7.12366507395e-09,3.94330784605e-09,0.999997710147
val-math500,2e483202419b799c,answer128,real_base_to_step8,128,2.0,0.000856008399903,0.00085547679987,0,0.00828814002312,1.63122008621e-14,7.80406685327e-15,0,0,
val-math500,2e483202419b799c,answer128,calibrated_0.016,1,1.001,0.663418783758,0.659073717929,0.532041118084,0.0160005776396,0.00718076449955,0.00314554772188,0.00563954749593,0.00230872894421,0.785368674363
val-math500,2e483202419b799c,answer128,calibrated_0.016,1,1.05,0.663418783758,0.659073717929,0.00054536387068,0.0160005776396,1.99062956736e-05,7.24231380566e-06,1.9906295676e-05,7.24231380643e-06,1.00000000012
val-math500,2e483202419b799c,answer128,calibrated_0.016,1,2.0,0.663418783758,0.659073717929,0,0.0160005776396,2.43805656614e-15,1.17170845014e-15,0,0,
val-math500,2e483202419b799c,answer128,calibrated_0.016,4,1.001,0.221129135871,0.221642772754,0.532041118084,0.0160005776396,0.00718076449955,0.00314554772188,0.00416668471726,0.00180100265619,0.580256422212
val-math500,2e483202419b799c,answer128,calibrated_0.016,4,1.05,0.221129135871,0.221642772754,0.00054536387068,0.0160005776396,1.99062956736e-05,7.24231380566e-06,1.9906295676e-05,7.24231380643e-06,1.00000000012
val-math500,2e483202419b799c,answer128,calibrated_0.016,4,2.0,0.221129135871,0.221642772754,0,0.0160005776396,2.43805656614e-15,1.17170845014e-15,0,0,
val-math500,2e483202419b799c,answer128,calibrated_0.016,8,1.001,0.0945191868424,0.0942211314638,0.532041118084,0.0160005776396,0.00718076449955,0.00314554772188,0.00110928519631,0.000355301187088,0.154480096984
val-math500,2e483202419b799c,answer128,calibrated_0.016,8,1.05,0.0945191868424,0.0942211314638,0.00054536387068,0.0160005776396,1.99062956736e-05,7.24231380566e-06,1.9906295676e-05,7.24231380643e-06,1.00000000012
val-math500,2e483202419b799c,answer128,calibrated_0.016,8,2.0,0.0945191868424,0.0942211314638,0,0.0160005776396,2.43805656614e-15,1.17170845014e-15,0,0,
val-math500,2e483202419b799c,answer128,calibrated_0.016,32,1.001,0.00544042208945,0.00543890940808,0.532041118084,0.0160005776396,0.00718076449955,0.00314554772188,0.000147084352719,4.10681693883e-05,0.0204831049296
val-math500,2e483202419b799c,answer128,calibrated_0.016,32,1.05,0.00544042208945,0.00543890940808,0.00054536387068,0.0160005776396,1.99062956736e-05,7.24231380566e-06,1.9906295676e-05,7.24231380643e-06,1.00000000012
val-math500,2e483202419b799c,answer128,calibrated_0.016,32,2.0,0.00544042208945,0.00543890940808,0,0.0160005776396,2.43805656614e-15,1.17170845014e-15,0,0,
val-math500,2e483202419b799c,answer128,calibrated_0.016,128,1.001,0.000856008399903,0.00085374235372,0.532041118084,0.0160005776396,0.00718076449955,0.00314554772188,1.98868603134e-05,4.88033248754e-06,0.00276946282178
val-math500,2e483202419b799c,answer128,calibrated_0.016,128,1.05,0.000856008399903,0.00085374235372,0.00054536387068,0.0160005776396,1.99062956736e-05,7.24231380566e-06,1.43739191812e-06,3.8930091408e-07,0.0722079055637
val-math500,2e483202419b799c,answer128,calibrated_0.016,128,2.0,0.000856008399903,0.00085374235372,0,0.0160005776396,2.43805656614e-15,1.17170845014e-15,0,0,
val-math500,2e483202419b799c,answer128,calibrated_0.05,1,1.001,0.663418783758,0.65012219328,0.532070314608,0.0500002598361,0.0225498088758,0.0099291136754,0.0182751649713,0.00755047983833,0.810435470737
val-math500,2e483202419b799c,answer128,calibrated_0.05,1,1.05,0.663418783758,0.65012219328,0.0581799068036,0.0500002598361,0.00790352089128,0.00393807101234,0.00790352089128,0.00393807101234,1
val-math500,2e483202419b799c,answer128,calibrated_0.05,1,2.0,0.663418783758,0.65012219328,0,0.0500002598361,0,0,0,0,
val-math500,2e483202419b799c,answer128,calibrated_0.05,4,1.001,0.221129135871,0.223020744815,0.532070314608,0.0500002598361,0.0225498088758,0.0099291136754,0.0130507027833,0.00565036487044,0.578750039751
val-math500,2e483202419b799c,answer128,calibrated_0.05,4,1.05,0.221129135871,0.223020744815,0.0581799068036,0.0500002598361,0.00790352089128,0.00393807101234,0.00790352089128,0.00393807101234,1
val-math500,2e483202419b799c,answer128,calibrated_0.05,4,2.0,0.221129135871,0.223020744815,0,0.0500002598361,0,0,0,0,
val-math500,2e483202419b799c,answer128,calibrated_0.05,8,1.001,0.0945191868424,0.0936092305527,0.532070314608,0.0500002598361,0.0225498088758,0.0099291136754,0.00361509595976,0.00116457428192,0.160316035478
val-math500,2e483202419b799c,answer128,calibrated_0.05,8,1.05,0.0945191868424,0.0936092305527,0.0581799068036,0.0500002598361,0.00790352089128,0.00393807101234,0.00128059842957,0.000420637368426,0.162028853619
val-math500,2e483202419b799c,answer128,calibrated_0.05,8,2.0,0.0945191868424,0.0936092305527,0,0.0500002598361,0,0,0,0,
val-math500,2e483202419b799c,answer128,calibrated_0.05,32,1.001,0.00544042208945,0.00545051173753,0.532070314608,0.0500002598361,0.0225498088758,0.0099291136754,0.000484252748336,0.000135038217335,0.0214748049974
val-math500,2e483202419b799c,answer128,calibrated_0.05,32,1.05,0.00544042208945,0.00545051173753,0.0581799068036,0.0500002598361,0.00790352089128,0.00393807101234,0.00028209571879,8.47716183567e-05,0.0356924113532
val-math500,2e483202419b799c,answer128,calibrated_0.05,32,2.0,0.00544042208945,0.00545051173753,0,0.0500002598361,0,0,0,0,
val-math500,2e483202419b799c,answer128,calibrated_0.05,128,1.001,0.000856008399903,0.000850912241183,0.532070314608,0.0500002598361,0.0225498088758,0.0099291136754,6.56265938273e-05,1.61635873361e-05,0.00291029490266
val-math500,2e483202419b799c,answer128,calibrated_0.05,128,1.05,0.000856008399903,0.000850912241183,0.0581799068036,0.0500002598361,0.00790352089128,0.00393807101234,3.51845051245e-05,8.78093441497e-06,0.00445175075875
val-math500,2e483202419b799c,answer128,calibrated_0.05,128,2.0,0.000856008399903,0.000850912241183,0,0.0500002598361,0,0,0,0,
val-math500,2e483202419b799c,answer256,real_base_to_step8,1,1.001,4.46827203595e-06,4.49992258415e-06,4.46301055321e-06,6.32115725287e-08,5.44228506937e-08,3.59017861992e-08,1.5103709128e-08,9.12416901868e-09,0.277525137612
val-math500,2e483202419b799c,answer256,real_base_to_step8,1,1.05,4.46827203595e-06,4.49992258415e-06,0,6.32115725287e-08,1.94289903824e-13,1.9428902931e-13,0,0,
val-math500,2e483202419b799c,answer256,real_base_to_step8,1,2.0,4.46827203595e-06,4.49992258415e-06,0,6.32115725287e-08,1.94289903824e-13,1.9428902931e-13,0,0,
val-math500,2e483202419b799c,answer256,real_base_to_step8,4,1.001,8.94600745837e-08,8.96701206802e-08,4.46301055321e-06,6.32115725287e-08,5.44228506937e-08,3.59017861992e-08,1.40304676636e-10,5.29828430517e-11,0.00257804717775
val-math500,2e483202419b799c,answer256,real_base_to_step8,4,1.05,8.94600745837e-08,8.96701206802e-08,0,6.32115725287e-08,1.94289903824e-13,1.9428902931e-13,0,0,
val-math500,2e483202419b799c,answer256,real_base_to_step8,4,2.0,8.94600745837e-08,8.96701206802e-08,0,6.32115725287e-08,1.94289903824e-13,1.9428902931e-13,0,0,
val-math500,2e483202419b799c,answer256,real_base_to_step8,8,1.001,1.91760936116e-08,1.92466610892e-08,4.46301055321e-06,6.32115725287e-08,5.44228506937e-08,3.59017861992e-08,1.04378631656e-10,4.26156050139e-11,0.00191791922558
val-math500,2e483202419b799c,answer256,real_base_to_step8,8,1.05,1.91760936116e-08,1.92466610892e-08,0,6.32115725287e-08,1.94289903824e-13,1.9428902931e-13,0,0,
val-math500,2e483202419b799c,answer256,real_base_to_step8,8,2.0,1.91760936116e-08,1.92466610892e-08,0,6.32115725287e-08,1.94289903824e-13,1.9428902931e-13,0,0,
val-math500,2e483202419b799c,answer256,real_base_to_step8,32,1.001,2.35809282612e-09,2.36376097546e-09,4.46301055321e-06,6.32115725287e-08,5.44228506937e-08,3.59017861992e-08,1.47455665131e-11,6.11126267743e-12,0.000270944397898
val-math500,2e483202419b799c,answer256,real_base_to_step8,32,1.05,2.35809282612e-09,2.36376097546e-09,0,6.32115725287e-08,1.94289903824e-13,1.9428902931e-13,0,0,
val-math500,2e483202419b799c,answer256,real_base_to_step8,32,2.0,2.35809282612e-09,2.36376097546e-09,0,6.32115725287e-08,1.94289903824e-13,1.9428902931e-13,0,0,
val-math500,2e483202419b799c,answer256,real_base_to_step8,128,1.001,4.55422289323e-10,4.5610679307e-10,4.46301055321e-06,6.32115725287e-08,5.44228506937e-08,3.59017861992e-08,2.76666381954e-12,1.28176199935e-12,5.08364369797e-05
val-math500,2e483202419b799c,answer256,real_base_to_step8,128,1.05,4.55422289323e-10,4.5610679307e-10,0,6.32115725287e-08,1.94289903824e-13,1.9428902931e-13,0,0,
val-math500,2e483202419b799c,answer256,real_base_to_step8,128,2.0,4.55422289323e-10,4.5610679307e-10,0,6.32115725287e-08,1.94289903824e-13,1.9428902931e-13,0,0,
val-math500,2e483202419b799c,answer256,calibrated_0.016,1,1.001,4.46827203595e-06,0.0157807586163,3.06692630733e-10,0.0160008798238,0.0310634398249,0.0214443182494,8.80392931927e-06,6.07335746057e-06,0.000283417720925
val-math500,2e483202419b799c,answer256,calibrated_0.016,1,1.05,4.46827203595e-06,0.0157807586163,3.06684764006e-10,0.0160008798238,0.0310634397953,0.0214443182388,9.23488122811e-06,6.37086937101e-06,0.000297291004762
val-math500,2e483202419b799c,answer256,calibrated_0.016,1,2.0,4.46827203595e-06,0.0157807586163,3.05984708139e-10,0.0160008798238,0.0310634392227,0.0214443180336,1.75900712832e-05,1.21389598573e-05,0.000566262838996
val-math500,2e483202419b799c,answer256,calibrated_0.016,4,1.001,8.94600745837e-08,0.0157807586162,3.06692630733e-10,0.0160008798238,0.0310634398249,0.0214443182494,1.75893517196e-07,1.1732981469e-07,5.66239663694e-06
val-math500,2e483202419b799c,answer256,calibrated_0.016,4,1.05,8.94600745837e-08,0.0157807586162,3.06684764006e-10,0.0160008798238,0.0310634397953,0.0214443182388,1.84494022821e-07,1.23264146123e-07,5.93926571032e-06
val-math500,2e483202419b799c,answer256,calibrated_0.016,4,2.0,8.94600745837e-08,0.0157807586162,3.05984708139e-10,0.0160008798238,0.0310634392227,0.0214443180336,3.51238514224e-07,2.3843447882e-07,1.13071354304e-05
val-math500,2e483202419b799c,answer256,calibrated_0.016,8,1.001,1.91760936116e-08,0.0157807523799,3.06692630733e-10,0.0160008798238,0.0310634398249,0.0214443182494,3.75953764256e-08,2.58553882128e-08,1.21027731113e-06
val-math500,2e483202419b799c,answer256,calibrated_0.016,8,1.05,1.91760936116e-08,0.0157807523799,3.06684764006e-10,0.0160008798238,0.0310634397953,0.0214443182388,3.94356782501e-08,2.71217280833e-08,1.26952064903e-06
val-math500,2e483202419b799c,answer256,calibrated_0.016,8,2.0,1.91760936116e-08,0.0157807523799,3.05984708139e-10,0.0160008798238,0.0310634392227,0.0214443180336,7.51149885417e-08,5.1673503266e-08,2.41811565047e-06
val-math500,2e483202419b799c,answer256,calibrated_0.016,32,1.001,2.35809282612e-09,0.015697726745,3.06692630733e-10,0.0160008798238,0.0310634398249,0.0214443182494,4.6467424726e-09,3.19969349833e-09,1.49588793089e-07
val-math500,2e483202419b799c,answer256,calibrated_0.016,32,1.05,2.35809282612e-09,0.015697726745,3.06684764006e-10,0.0160008798238,0.0310634397953,0.0214443182388,4.87419229178e-09,3.35661034795e-09,1.56910899884e-07
val-math500,2e483202419b799c,answer256,calibrated_0.016,32,2.0,2.35809282612e-09,0.015697726745,3.05984708139e-10,0.0160008798238,0.0310634392227,0.0214443180336,9.28392285168e-09,6.39916468788e-09,2.98869767289e-07
val-math500,2e483202419b799c,answer256,calibrated_0.016,128,1.001,4.55422289323e-10,0.01569772674,3.06692630733e-10,0.0160008798238,0.0310634398249,0.0214443182494,8.97248776081e-10,6.08551361949e-10,2.8884398545e-08
val-math500,2e483202419b799c,answer256,calibrated_0.016,128,1.05,4.55422289323e-10,0.01569772674,3.06684764006e-10,0.0160008798238,0.0310634397953,0.0214443182388,9.41164804082e-10,6.38457937088e-10,3.02981514695e-08
val-math500,2e483202419b799c,answer256,calibrated_0.016,128,2.0,4.55422289323e-10,0.01569772674,3.05984708139e-10,0.0160008798238,0.0310634392227,0.0214443180336,1.79258256098e-09,1.21856048749e-09,5.77071504586e-08
val-math500,2e483202419b799c,answer256,calibrated_0.05,1,1.001,4.46827203595e-06,0.0486762656491,3.06691910072e-10,0.0499997942704,0.0926137627071,0.0640542750928,8.51004678299e-06,5.88183790069e-06,9.1887496353e-05
val-math500,2e483202419b799c,answer256,calibrated_0.05,1,1.05,4.46827203595e-06,0.0486762656491,3.0667700693e-10,0.0499997942704,0.0926137626785,0.0640542750829,8.92659522658e-06,6.16994330338e-06,9.6385191233e-05
val-math500,2e483202419b799c,answer256,calibrated_0.05,1,2.0,4.46827203595e-06,0.0486762656491,3.05984638519e-10,0.0499997942704,0.0926137621252,0.0640542748916,1.70025343944e-05,1.17556624174e-05,0.000183585398155
val-math500,2e483202419b799c,answer256,calibrated_0.05,4,1.001,8.94600745837e-08,0.048676265649,3.06691910072e-10,0.0499997942704,0.0926137627071,0.0640542750928,1.7049497482e-07,1.14105687204e-07,1.84092482409e-06
val-math500,2e483202419b799c,answer256,calibrated_0.05,4,1.05,8.94600745837e-08,0.048676265649,3.0667700693e-10,0.0499997942704,0.0926137626785,0.0640542750829,1.78813630557e-07,1.19854072783e-07,1.93074577023e-06
val-math500,2e483202419b799c,answer256,calibrated_0.05,4,2.0,8.94600745837e-08,0.048676265649,3.05984638519e-10,0.0499997942704,0.0926137621252,0.0640542748916,3.40093652505e-07,2.31402563379e-07,3.67217187491e-06
val-math500,2e483202419b799c,answer256,calibrated_0.05,8,1.001,1.91760936116e-08,0.0486762599434,3.06691910072e-10,0.0499997942704,0.0926137627071,0.0640542750928,3.64433336309e-08,2.50482078884e-08,3.9349803491e-07
val-math500,2e483202419b799c,answer256,calibrated_0.05,8,1.05,1.91760936116e-08,0.0486762599434,3.0667700693e-10,0.0499997942704,0.0926137626785,0.0640542750829,3.82271906065e-08,2.6274896109e-08,4.12759286535e-07
val-math500,2e483202419b799c,answer256,calibrated_0.05,8,2.0,1.91760936116e-08,0.0486762599434,3.05984638519e-10,0.0499997942704,0.0926137621252,0.0640542748916,7.2812130191e-08,5.00578979656e-08,7.86191258407e-07
val-math500,2e483202419b799c,answer256,calibrated_0.05,32,1.001,2.35809282612e-09,0.0485307300034,3.06691910072e-10,0.0499997942704,0.0926137627071,0.0640542750928,4.49314697027e-09,3.09643816563e-09,4.85148949673e-08
val-math500,2e483202419b799c,answer256,calibrated_0.05,32,1.05,2.35809282612e-09,0.0485307300034,3.0667700693e-10,0.0499997942704,0.0926137626785,0.0640542750829,4.71305583172e-09,3.24825094338e-09,5.08893677939e-08
val-math500,2e483202419b799c,answer256,calibrated_0.05,32,2.0,2.35809282612e-09,0.0485307300034,3.05984638519e-10,0.0499997942704,0.0926137621252,0.0640542748916,8.97655064414e-09,6.19183118423e-09,9.69245869961e-08
val-math500,2e483202419b799c,answer256,calibrated_0.05,128,1.001,4.55422289323e-10,0.0485307299991,3.06691910072e-10,0.0499997942704,0.0926137627071,0.0640542750928,8.68450642036e-10,5.89317198173e-10,9.3771229745e-09
val-math500,2e483202419b799c,answer256,calibrated_0.05,128,1.05,4.55422289323e-10,0.0485307299991,3.0667700693e-10,0.0499997942704,0.0926137626785,0.0640542750829,9.10947134268e-10,6.18264277411e-10,9.83598018181e-09
val-math500,2e483202419b799c,answer256,calibrated_0.05,128,2.0,4.55422289323e-10,0.0485307299991,3.05984638519e-10,0.0499997942704,0.0926137621252,0.0640542748916,1.73481812355e-09,1.17975269722e-09,1.87317530758e-08
val-math500,b1fef3f21d36ff6d,prompt,real_base_to_step8,1,1.001,0.00122231190981,0.00120262370762,6.92720450676e-05,4.12519848959e-05,1.46883142285e-06,7.40315301578e-07,1.4688314194e-06,7.40315298167e-07,0.999999997654
val-math500,b1fef3f21d36ff6d,prompt,real_base_to_step8,1,1.05,0.00122231190981,0.00120262370762,4.54130248115e-09,4.12519848959e-05,2.85052445557e-11,1.74755172866e-11,2.85017986958e-11,1.7472713459e-11,0.99987911488
val-math500,b1fef3f21d36ff6d,prompt,real_base_to_step8,1,2.0,0.00122231190981,0.00120262370762,0,4.12519848959e-05,3.44585994691e-15,3.44169184274e-15,0,0,
val-math500,b1fef3f21d36ff6d,prompt,real_base_to_step8,4,1.001,0.000563163757431,0.000556139326079,6.92720450676e-05,4.12519848959e-05,1.46883142285e-06,7.40315301578e-07,1.4688314194e-06,7.40315298167e-07,0.999999997654
val-math500,b1fef3f21d36ff6d,prompt,real_base_to_step8,4,1.05,0.000563163757431,0.000556139326079,4.54130248115e-09,4.12519848959e-05,2.85052445557e-11,1.74755172866e-11,2.85017986958e-11,1.7472713459e-11,0.99987911488
val-math500,b1fef3f21d36ff6d,prompt,real_base_to_step8,4,2.0,0.000563163757431,0.000556139326079,0,4.12519848959e-05,3.44585994691e-15,3.44169184274e-15,0,0,
val-math500,b1fef3f21d36ff6d,prompt,real_base_to_step8,8,1.001,0.000474944031568,0.000468264317136,6.92720450676e-05,4.12519848959e-05,1.46883142285e-06,7.40315301578e-07,1.4688314194e-06,7.40315298167e-07,0.999999997654
val-math500,b1fef3f21d36ff6d,prompt,real_base_to_step8,8,1.05,0.000474944031568,0.000468264317136,4.54130248115e-09,4.12519848959e-05,2.85052445557e-11,1.74755172866e-11,2.85017986958e-11,1.7472713459e-11,0.99987911488
val-math500,b1fef3f21d36ff6d,prompt,real_base_to_step8,8,2.0,0.000474944031568,0.000468264317136,0,4.12519848959e-05,3.44585994691e-15,3.44169184274e-15,0,0,
val-math500,b1fef3f21d36ff6d,prompt,real_base_to_step8,32,1.001,0.000336453879845,0.000332554850001,6.92720450676e-05,4.12519848959e-05,1.46883142285e-06,7.40315301578e-07,1.32331624433e-06,6.64396865815e-07,0.900931327954
val-math500,b1fef3f21d36ff6d,prompt,real_base_to_step8,32,1.05,0.000336453879845,0.000332554850001,4.54130248115e-09,4.12519848959e-05,2.85052445557e-11,1.74755172866e-11,2.85017986958e-11,1.7472713459e-11,0.99987911488
val-math500,b1fef3f21d36ff6d,prompt,real_base_to_step8,32,2.0,0.000336453879845,0.000332554850001,0,4.12519848959e-05,3.44585994691e-15,3.44169184274e-15,0,0,
val-math500,b1fef3f21d36ff6d,prompt,real_base_to_step8,128,1.001,0.000247663549624,0.000245092616854,6.92720450676e-05,4.12519848959e-05,1.46883142285e-06,7.40315301578e-07,9.27763609657e-07,4.64226249375e-07,0.63163382484
val-math500,b1fef3f21d36ff6d,prompt,real_base_to_step8,128,1.05,0.000247663549624,0.000245092616854,4.54130248115e-09,4.12519848959e-05,2.85052445557e-11,1.74755172866e-11,2.85017986958e-11,1.7472713459e-11,0.99987911488
val-math500,b1fef3f21d36ff6d,prompt,real_base_to_step8,128,2.0,0.000247663549624,0.000245092616854,0,4.12519848959e-05,3.44585994691e-15,3.44169184274e-15,0,0,
val-math500,b1fef3f21d36ff6d,prompt,calibrated_0.016,1,1.001,0.00122231190981,0.015242653288,0.00073205304156,0.0160000264942,0.0282549121936,0.0161383744775,0.00197996188138,0.000804091211104,0.0700749614019
val-math500,b1fef3f21d36ff6d,prompt,calibrated_0.016,1,1.05,0.00122231190981,0.015242653288,0.000727792838609,0.0160000264942,0.0281845675014,0.0161060697339,0.00207666432778,0.000846246243497,0.0736809009992
val-math500,b1fef3f21d36ff6d,prompt,calibrated_0.016,1,2.0,0.00122231190981,0.015242653288,0.000693329614917,0.0160000264942,0.0268586439996,0.0155068361601,0.00395098384427,0.00168144799226,0.147102878475
val-math500,b1fef3f21d36ff6d,prompt,calibrated_0.016,4,1.001,0.000563163757431,0.0140298151437,0.00073205304156,0.0160000264942,0.0282549121936,0.0161383744775,0.000921508124133,0.000384652367239,0.0326140855728
val-math500,b1fef3f21d36ff6d,prompt,calibrated_0.016,4,1.05,0.000563163757431,0.0140298151437,0.000727792838609,0.0160000264942,0.0281845675014,0.0161060697339,0.000966515140099,0.000405991346058,0.0342923530776
val-math500,b1fef3f21d36ff6d,prompt,calibrated_0.016,4,2.0,0.000563163757431,0.0140298151437,0.000693329614917,0.0160000264942,0.0268586439996,0.0155068361601,0.0018385857186,0.000835600066219,0.0684541527349
val-math500,b1fef3f21d36ff6d,prompt,calibrated_0.016,8,1.001,0.000474944031568,0.00681667149532,0.00073205304156,0.0160000264942,0.0282549121936,0.0161383744775,0.000775001003448,0.000330568890819,0.0274288944216
val-math500,b1fef3f21d36ff6d,prompt,calibrated_0.016,8,1.05,0.000474944031568,0.00681667149532,0.000727792838609,0.0160000264942,0.0281845675014,0.0161060697339,0.000812899531584,0.000348879863682,0.028842008363
val-math500,b1fef3f21d36ff6d,prompt,calibrated_0.016,8,2.0,0.000474944031568,0.00681667149532,0.000693329614917,0.0160000264942,0.0268586439996,0.0155068361601,0.00154742364555,0.000719602858599,0.0576136176337
val-math500,b1fef3f21d36ff6d,prompt,calibrated_0.016,32,1.001,0.000336453879845,0.00290564742565,0.00073205304156,0.0160000264942,0.0282549121936,0.0161383744775,0.000523108402303,0.000172474651868,0.0185138923356
val-math500,b1fef3f21d36ff6d,prompt,calibrated_0.016,32,1.05,0.000336453879845,0.00290564742565,0.000727792838609,0.0160000264942,0.0281845675014,0.0161060697339,0.000548702542934,0.000183214093879,0.0194681909845
val-math500,b1fef3f21d36ff6d,prompt,calibrated_0.016,32,2.0,0.000336453879845,0.00290564742565,0.000693329614917,0.0160000264942,0.0268586439996,0.0155068361601,0.00104483536809,0.000406365436527,0.0389012702246
val-math500,b1fef3f21d36ff6d,prompt,calibrated_0.016,128,1.001,0.000247663549624,0.00239330882898,0.00073205304156,0.0160000264942,0.0282549121936,0.0161383744775,0.000398040595756,0.000131188266954,0.0140874830199
val-math500,b1fef3f21d36ff6d,prompt,calibrated_0.016,128,1.05,0.000247663549624,0.00239330882898,0.000727792838609,0.0160000264942,0.0281845675014,0.0161060697339,0.00041751735308,0.000139302781556,0.014813686712
val-math500,b1fef3f21d36ff6d,prompt,calibrated_0.016,128,2.0,0.000247663549624,0.00239330882898,0.000693329614917,0.0160000264942,0.0268586439996,0.0155068361601,0.000795076025665,0.000308237908691,0.0296022399969
val-math500,b1fef3f21d36ff6d,prompt,calibrated_0.05,1,1.001,0.00122231190981,0.0478165414596,0.00072992554127,0.0499994142321,0.0894079867567,0.0512525485125,0.00215194149079,0.000862790288814,0.0240687836607
val-math500,b1fef3f21d36ff6d,prompt,calibrated_0.05,1,1.05,0.00122231190981,0.0478165414596,0.000727614243214,0.0499994142321,0.0893401808381,0.0512223293672,0.00225663540208,0.000907186394646,0.0252589079283
val-math500,b1fef3f21d36ff6d,prompt,calibrated_0.05,1,2.0,0.00122231190981,0.0478165414596,0.000697449247246,0.0499994142321,0.0880559924555,0.0506522652666,0.00428502876893,0.00178032997044,0.0486625458352
val-math500,b1fef3f21d36ff6d,prompt,calibrated_0.05,4,1.001,0.000563163757431,0.0464379874636,0.00072992554127,0.0499994142321,0.0894079867567,0.0512525485125,0.000950494408071,0.000386676423322,0.0106309787587
val-math500,b1fef3f21d36ff6d,prompt,calibrated_0.05,4,1.05,0.000563163757431,0.0464379874636,0.000727614243214,0.0499994142321,0.0893401808381,0.0512223293672,0.000996736082852,0.000407606311102,0.0111566382953
val-math500,b1fef3f21d36ff6d,prompt,calibrated_0.05,4,2.0,0.000563163757431,0.0464379874636,0.000697449247246,0.0499994142321,0.0880559924555,0.0506522652666,0.00189189616965,0.000824944952111,0.0214851495837
val-math500,b1fef3f21d36ff6d,prompt,calibrated_0.05,8,1.001,0.000474944031568,0.0234781810418,0.00072992554127,0.0499994142321,0.0894079867567,0.0512525485125,0.000825913471045,0.000347159054639,0.00923758045568
val-math500,b1fef3f21d36ff6d,prompt,calibrated_0.05,8,1.05,0.000474944031568,0.0234781810418,0.000727614243214,0.0499994142321,0.0893401808381,0.0512223293672,0.000866227301803,0.000365797197096,0.00969583107709
val-math500,b1fef3f21d36ff6d,prompt,calibrated_0.05,8,2.0,0.000474944031568,0.0234781810418,0.000697449247246,0.0499994142321,0.0880559924555,0.0506522652666,0.00164714171264,0.000738327638297,0.0187056174907
val-math500,b1fef3f21d36ff6d,prompt,calibrated_0.05,32,1.001,0.000336453879845,0.00977935906477,0.00072992554127,0.0499994142321,0.0894079867567,0.0512525485125,0.000572269607586,0.000185805342352,0.00640065421832
val-math500,b1fef3f21d36ff6d,prompt,calibrated_0.05,32,1.05,0.000336453879845,0.00977935906477,0.000727614243214,0.0499994142321,0.0893401808381,0.0512223293672,0.000600245096261,0.00019668968118,0.00671864653317
val-math500,b1fef3f21d36ff6d,prompt,calibrated_0.05,32,2.0,0.000336453879845,0.00977935906477,0.000697449247246,0.0499994142321,0.0880559924555,0.0506522652666,0.00114241528376,0.00041822861831,0.0129737369587
val-math500,b1fef3f21d36ff6d,prompt,calibrated_0.05,128,1.001,0.000247663549624,0.00874470363342,0.00072992554127,0.0499994142321,0.0894079867567,0.0512525485125,0.000433795872153,0.000141979373964,0.00485186936748
val-math500,b1fef3f21d36ff6d,prompt,calibrated_0.05,128,1.05,0.000247663549624,0.00874470363342,0.000727614243214,0.0499994142321,0.0893401808381,0.0512223293672,0.000455006234805,0.000150201473081,0.00509296299309
val-math500,b1fef3f21d36ff6d,prompt,calibrated_0.05,128,2.0,0.000247663549624,0.00874470363342,0.000697449247246,0.0499994142321,0.0880559924555,0.0506522652666,0.000866062588009,0.000318599399468,0.00983536229458
val-math500,b1fef3f21d36ff6d,answer16,real_base_to_step8,1,1.001,0.181802635918,0.184756460846,0.111896762994,0.0069105374361,0.00595681480045,0.00382792576945,0.00317477132576,0.00180206288509,0.532964584618
val-math500,b1fef3f21d36ff6d,answer16,real_base_to_step8,1,1.05,0.181802635918,0.184756460846,0.00496058472582,0.0069105374361,2.76231952614e-05,1.69417370674e-05,2.76231953031e-05,1.69417370908e-05,1.00000000151
val-math500,b1fef3f21d36ff6d,answer16,real_base_to_step8,1,2.0,0.181802635918,0.184756460846,0,0.0069105374361,4.22105825848e-14,3.48083309147e-14,0,0,
val-math500,b1fef3f21d36ff6d,answer16,real_base_to_step8,4,1.001,0.0101279757677,0.0102414184399,0.111896762994,0.0069105374361,0.00595681480045,0.00382792576945,0.000183876166444,7.10885685032e-05,0.0308682026558
val-math500,b1fef3f21d36ff6d,answer16,real_base_to_step8,4,1.05,0.0101279757677,0.0102414184399,0.00496058472582,0.0069105374361,2.76231952614e-05,1.69417370674e-05,2.80881766927e-06,1.75013943746e-06,0.101683300672
val-math500,b1fef3f21d36ff6d,answer16,real_base_to_step8,4,2.0,0.0101279757677,0.0102414184399,0,0.0069105374361,4.22105825848e-14,3.48083309147e-14,0,0,
val-math500,b1fef3f21d36ff6d,answer16,real_base_to_step8,8,1.001,0.00426077207618,0.00431265324702,0.111896762994,0.0069105374361,0.00595681480045,0.00382792576945,0.000137036580135,6.21503943966e-05,0.0230050093424
val-math500,b1fef3f21d36ff6d,answer16,real_base_to_step8,8,1.05,0.00426077207618,0.00431265324702,0.00496058472582,0.0069105374361,2.76231952614e-05,1.69417370674e-05,2.80881766927e-06,1.75013943746e-06,0.101683300672
val-math500,b1fef3f21d36ff6d,answer16,real_base_to_step8,8,2.0,0.00426077207618,0.00431265324702,0,0.0069105374361,4.22105825848e-14,3.48083309147e-14,0,0,
val-math500,b1fef3f21d36ff6d,answer16,real_base_to_step8,32,1.001,0.000146741630432,0.000148674318632,0.111896762994,0.0069105374361,0.00595681480045,0.00382792576945,1.77709378601e-06,3.54625699471e-07,0.000298329534414
val-math500,b1fef3f21d36ff6d,answer16,real_base_to_step8,32,1.05,0.000146741630432,0.000148674318632,0.00496058472582,0.0069105374361,2.76231952614e-05,1.69417370674e-05,5.85538231892e-10,3.62451829291e-10,2.11973389158e-05
val-math500,b1fef3f21d36ff6d,answer16,real_base_to_step8,32,2.0,0.000146741630432,0.000148674318632,0,0.0069105374361,4.22105825848e-14,3.48083309147e-14,0,0,
val-math500,b1fef3f21d36ff6d,answer16,real_base_to_step8,128,1.001,1.59537356917e-05,1.62197538124e-05,0.111896762994,0.0069105374361,0.00595681480045,0.00382792576945,1.51739765157e-07,1.81196409852e-08,2.54733058254e-05
val-math500,b1fef3f21d36ff6d,answer16,real_base_to_step8,128,1.05,1.59537356917e-05,1.62197538124e-05,0.00496058472582,0.0069105374361,2.76231952614e-05,1.69417370674e-05,5.85538231892e-10,3.62451829291e-10,2.11973389158e-05
val-math500,b1fef3f21d36ff6d,answer16,real_base_to_step8,128,2.0,1.59537356917e-05,1.62197538124e-05,0,0.0069105374361,4.22105825848e-14,3.48083309147e-14,0,0,
val-math500,b1fef3f21d36ff6d,answer16,calibrated_0.016,1,1.001,0.181802635918,0.189032036275,0.106490086431,0.0160005418602,0.0142230744229,0.00957202874056,0.00748384451748,0.00457723942797,0.526176288962
val-math500,b1fef3f21d36ff6d,answer16,calibrated_0.016,1,1.05,0.181802635918,0.189032036275,0.102497941853,0.0160005418602,0.00524716644996,0.00355196608619,0.00524716644999,0.00355196608621,1.00000000001
val-math500,b1fef3f21d36ff6d,answer16,calibrated_0.016,1,2.0,0.181802635918,0.189032036275,0,0.0160005418602,4.21591634188e-14,3.46145006519e-14,0,0,
val-math500,b1fef3f21d36ff6d,answer16,calibrated_0.016,4,1.001,0.0101279757677,0.0101268295596,0.106490086431,0.0160005418602,0.0142230744229,0.00957202874056,0.000300635046703,0.000146397140139,0.0211371351765
val-math500,b1fef3f21d36ff6d,answer16,calibrated_0.016,4,1.05,0.0101279757677,0.0101268295596,0.102497941853,0.0160005418602,0.00524716644996,0.00355196608619,2.18769407634e-05,1.08785549492e-05,0.00416928659916
val-math500,b1fef3f21d36ff6d,answer16,calibrated_0.016,4,2.0,0.0101279757677,0.0101268295596,0,0.0160005418602,4.21591634188e-14,3.46145006519e-14,0,0,
val-math500,b1fef3f21d36ff6d,answer16,calibrated_0.016,8,1.001,0.00426077207618,0.00430014647587,0.106490086431,0.0160005418602,0.0142230744229,0.00957202874056,0.000100444998272,3.65886551406e-05,0.00706211577648
val-math500,b1fef3f21d36ff6d,answer16,calibrated_0.016,8,1.05,0.00426077207618,0.00430014647587,0.102497941853,0.0160005418602,0.00524716644996,0.00355196608619,1.32828319306e-05,6.97684687891e-06,0.00253142949767
val-math500,b1fef3f21d36ff6d,answer16,calibrated_0.016,8,2.0,0.00426077207618,0.00430014647587,0,0.0160005418602,4.21591634188e-14,3.46145006519e-14,0,0,
val-math500,b1fef3f21d36ff6d,answer16,calibrated_0.016,32,1.001,0.000146741630432,0.000150246968228,0.106490086431,0.0160005418602,0.0142230744229,0.00957202874056,3.8994345352e-06,7.14803737039e-07,0.000274162562836
val-math500,b1fef3f21d36ff6d,answer16,calibrated_0.016,32,1.05,0.000146741630432,0.000150246968228,0.102497941853,0.0160005418602,0.00524716644996,0.00355196608619,1.28364537095e-06,5.66023959897e-07,0.000244635916012
val-math500,b1fef3f21d36ff6d,answer16,calibrated_0.016,32,2.0,0.000146741630432,0.000150246968228,0,0.0160005418602,4.21591634188e-14,3.46145006519e-14,0,0,
val-math500,b1fef3f21d36ff6d,answer16,calibrated_0.016,128,1.001,1.59537356917e-05,1.62564026592e-05,0.106490086431,0.0160005418602,0.0142230744229,0.00957202874056,4.90667252071e-07,1.10815049943e-07,3.44979740302e-05
val-math500,b1fef3f21d36ff6d,answer16,calibrated_0.016,128,1.05,1.59537356917e-05,1.62564026592e-05,0.102497941853,0.0160005418602,0.00524716644996,0.00355196608619,1.6105254749e-07,6.73247592347e-08,3.0693241586e-05
val-math500,b1fef3f21d36ff6d,answer16,calibrated_0.016,128,2.0,1.59537356917e-05,1.62564026592e-05,0,0.0160005418602,4.21591634188e-14,3.46145006519e-14,0,0,
val-math500,b1fef3f21d36ff6d,answer16,calibrated_0.05,1,1.001,0.181802635918,0.20519315736,0.106490044918,0.0500005079219,0.0453070305702,0.0305075766791,0.0220453224832,0.0135280626539,0.486576193711
val-math500,b1fef3f21d36ff6d,answer16,calibrated_0.05,1,1.05,0.181802635918,0.20519315736,0.103489869432,0.0500005079219,0.0364760938662,0.0245806152594,0.0221910492979,0.0132147248483,0.608372414528
val-math500,b1fef3f21d36ff6d,answer16,calibrated_0.05,1,2.0,0.181802635918,0.20519315736,0,0.0500005079219,2.77796587629e-14,2.24426297647e-14,0,0,
val-math500,b1fef3f21d36ff6d,answer16,calibrated_0.05,4,1.001,0.0101279757677,0.010145565115,0.106490044918,0.0500005079219,0.0453070305702,0.0305075766791,0.000935890824107,0.000449623146013,0.0206566356772
val-math500,b1fef3f21d36ff6d,answer16,calibrated_0.05,4,1.05,0.0101279757677,0.010145565115,0.103489869432,0.0500005079219,0.0364760938662,0.0245806152594,0.000540918832112,0.000276448733367,0.0148294067368
val-math500,b1fef3f21d36ff6d,answer16,calibrated_0.05,4,2.0,0.0101279757677,0.010145565115,0,0.0500005079219,2.77796587629e-14,2.24426297647e-14,0,0,
val-math500,b1fef3f21d36ff6d,answer16,calibrated_0.05,8,1.001,0.00426077207618,0.00438549701522,0.106490044918,0.0500005079219,0.0453070305702,0.0305075766791,0.000296506317883,0.000105120261229,0.00654437764186
val-math500,b1fef3f21d36ff6d,answer16,calibrated_0.05,8,1.05,0.00426077207618,0.00438549701522,0.103489869432,0.0500005079219,0.0364760938662,0.0245806152594,0.000218840976371,0.000101216762526,0.00599957268379
val-math500,b1fef3f21d36ff6d,answer16,calibrated_0.05,8,2.0,0.00426077207618,0.00438549701522,0,0.0500005079219,2.77796587629e-14,2.24426297647e-14,0,0,
val-math500,b1fef3f21d36ff6d,answer16,calibrated_0.05,32,1.001,0.000146741630432,0.000157731536008,0.106490044918,0.0500005079219,0.0453070305702,0.0305075766791,1.17822997825e-05,2.12267532974e-06,0.00026005455741
val-math500,b1fef3f21d36ff6d,answer16,calibrated_0.05,32,1.05,0.000146741630432,0.000157731536008,0.103489869432,0.0500005079219,0.0364760938662,0.0245806152594,1.23586514065e-05,3.85413755883e-06,0.000338815100427
val-math500,b1fef3f21d36ff6d,answer16,calibrated_0.05,32,2.0,0.000146741630432,0.000157731536008,0,0.0500005079219,2.77796587629e-14,2.24426297647e-14,0,0,
val-math500,b1fef3f21d36ff6d,answer16,calibrated_0.05,128,1.001,1.59537356917e-05,1.69218543938e-05,0.106490044918,0.0500005079219,0.0453070305702,0.0305075766791,1.47619153323e-06,3.18668244017e-07,3.25819528371e-05
val-math500,b1fef3f21d36ff6d,answer16,calibrated_0.05,128,1.05,1.59537356917e-05,1.69218543938e-05,0.103489869432,0.0500005079219,0.0364760938662,0.0245806152594,1.54844707518e-06,5.70479049466e-07,4.24510113626e-05
val-math500,b1fef3f21d36ff6d,answer16,calibrated_0.05,128,2.0,1.59537356917e-05,1.69218543938e-05,0,0.0500005079219,2.77796587629e-14,2.24426297647e-14,0,0,
val-math500,b1fef3f21d36ff6d,answer32,real_base_to_step8,1,1.001,5.0409956475e-07,5.04100573785e-07,1.31268265788e-08,1.4470534663e-10,1.18438347068e-10,6.75126002176e-11,1.18609765585e-10,6.76627938388e-11,1.00144732277
val-math500,b1fef3f21d36ff6d,answer32,real_base_to_step8,1,1.05,5.0409956475e-07,5.04100573785e-07,0,1.4470534663e-10,1.71418521446e-13,1.71418435002e-13,0,0,
val-math500,b1fef3f21d36ff6d,answer32,real_base_to_step8,1,2.0,5.0409956475e-07,5.04100573785e-07,0,1.4470534663e-10,1.71418521446e-13,1.71418435002e-13,0,0,
val-math500,b1fef3f21d36ff6d,answer32,real_base_to_step8,4,1.001,7.04478111315e-09,7.04960696379e-09,1.31268265788e-08,1.4470534663e-10,1.18438347068e-10,6.75126002176e-11,4.00160534777e-11,2.2240674168e-11,0.337863998177
val-math500,b1fef3f21d36ff6d,answer32,real_base_to_step8,4,1.05,7.04478111315e-09,7.04960696379e-09,0,1.4470534663e-10,1.71418521446e-13,1.71418435002e-13,0,0,
val-math500,b1fef3f21d36ff6d,answer32,real_base_to_step8,4,2.0,7.04478111315e-09,7.04960696379e-09,0,1.4470534663e-10,1.71418521446e-13,1.71418435002e-13,0,0,
val-math500,b1fef3f21d36ff6d,answer32,real_base_to_step8,8,1.001,1.60604007366e-09,1.60983096798e-09,1.31268265788e-08,1.4470534663e-10,1.18438347068e-10,6.75126002176e-11,1.07973444431e-11,6.12652858803e-12,0.0911642614948
val-math500,b1fef3f21d36ff6d,answer32,real_base_to_step8,8,1.05,1.60604007366e-09,1.60983096798e-09,0,1.4470534663e-10,1.71418521446e-13,1.71418435002e-13,0,0,
val-math500,b1fef3f21d36ff6d,answer32,real_base_to_step8,8,2.0,1.60604007366e-09,1.60983096798e-09,0,1.4470534663e-10,1.71418521446e-13,1.71418435002e-13,0,0,
val-math500,b1fef3f21d36ff6d,answer32,real_base_to_step8,32,1.001,8.82746805264e-11,8.84997294771e-11,1.31268265788e-08,1.4470534663e-10,1.18438347068e-10,6.75126002176e-11,4.13397257109e-13,1.59338306444e-13,0.00349040042642
val-math500,b1fef3f21d36ff6d,answer32,real_base_to_step8,32,1.05,8.82746805264e-11,8.84997294771e-11,0,1.4470534663e-10,1.71418521446e-13,1.71418435002e-13,0,0,
val-math500,b1fef3f21d36ff6d,answer32,real_base_to_step8,32,2.0,8.82746805264e-11,8.84997294771e-11,0,1.4470534663e-10,1.71418521446e-13,1.71418435002e-13,0,0,
val-math500,b1fef3f21d36ff6d,answer32,real_base_to_step8,128,1.001,1.55193094107e-11,1.55060376355e-11,1.31268265788e-08,1.4470534663e-10,1.18438347068e-10,6.75126002176e-11,5.80992550809e-14,2.91105768031e-14,0.000490544291771
val-math500,b1fef3f21d36ff6d,answer32,real_base_to_step8,128,1.05,1.55193094107e-11,1.55060376355e-11,0,1.4470534663e-10,1.71418521446e-13,1.71418435002e-13,0,0,
val-math500,b1fef3f21d36ff6d,answer32,real_base_to_step8,128,2.0,1.55193094107e-11,1.55060376355e-11,0,1.4470534663e-10,1.71418521446e-13,1.71418435002e-13,0,0,
val-math500,b1fef3f21d36ff6d,answer32,calibrated_0.016,1,1.001,5.0409956475e-07,0.0158702084973,4.98676070772e-07,0.0160005617644,0.0312357073746,0.0198727461885,9.65074882956e-07,6.13467271148e-07,3.08965272142e-05
val-math500,b1fef3f21d36ff6d,answer32,calibrated_0.016,1,1.05,5.0409956475e-07,0.0158702084973,4.9867418434e-07,0.0160005617644,0.0312356592801,0.0198727267496,1.01231624833e-06,6.43497139408e-07,3.24089925317e-05
val-math500,b1fef3f21d36ff6d,answer32,calibrated_0.016,1,2.0,5.0409956475e-07,0.0158702084973,4.9866459203e-07,0.0160005617644,0.0312347268492,0.0198723498868,1.92822005058e-06,1.22570887874e-06,6.17332131599e-05
val-math500,b1fef3f21d36ff6d,answer32,calibrated_0.016,4,1.001,7.04478111315e-09,0.0152541873304,4.98676070772e-07,0.0160005617644,0.0312357073746,0.0198727461885,1.34487156142e-08,6.65279416086e-09,4.30555820391e-07
val-math500,b1fef3f21d36ff6d,answer32,calibrated_0.016,4,1.05,7.04478111315e-09,0.0152541873304,4.9867418434e-07,0.0160005617644,0.0312356592801,0.0198727267496,1.41070069454e-08,6.97845233288e-09,4.51631477309e-07
val-math500,b1fef3f21d36ff6d,answer32,calibrated_0.016,4,2.0,7.04478111315e-09,0.0152541873304,4.9866459203e-07,0.0160005617644,0.0312347268492,0.0198723498868,2.68695875837e-08,1.3292272991e-08,8.60247240624e-07
val-math500,b1fef3f21d36ff6d,answer32,calibrated_0.016,8,1.001,1.60604007366e-09,0.0149063757559,4.98676070772e-07,0.0160005617644,0.0312357073746,0.0198727461885,3.0256550632e-09,1.45499521927e-09,9.68652647084e-08
val-math500,b1fef3f21d36ff6d,answer32,calibrated_0.016,8,1.05,1.60604007366e-09,0.0149063757559,4.9867418434e-07,0.0160005617644,0.0312356592801,0.0198727267496,3.17372688985e-09,1.52625224693e-09,1.01605887725e-07
val-math500,b1fef3f21d36ff6d,answer32,calibrated_0.016,8,2.0,1.60604007366e-09,0.0149063757559,4.9866459203e-07,0.0160005617644,0.0312347268492,0.0198723498868,6.04429241573e-09,2.90822292683e-09,1.93511934486e-07
val-math500,b1fef3f21d36ff6d,answer32,calibrated_0.016,32,1.001,8.82746805264e-11,0.0123666800041,4.98676070772e-07,0.0160005617644,0.0312357073746,0.0198727461885,1.75778431647e-10,9.05666707395e-11,5.62748362119e-09
val-math500,b1fef3f21d36ff6d,answer32,calibrated_0.016,32,1.05,8.82746805264e-11,0.0123666800041,4.9867418434e-07,0.0160005617644,0.0312356592801,0.0198727267496,1.84380114049e-10,9.50248779629e-11,5.90287249567e-09
val-math500,b1fef3f21d36ff6d,answer32,calibrated_0.016,32,2.0,8.82746805264e-11,0.0123666800041,4.9866459203e-07,0.0160005617644,0.0312347268492,0.0198723498868,3.5096876703e-10,1.83245245404e-10,1.12364922775e-08
val-math500,b1fef3f21d36ff6d,answer32,calibrated_0.016,128,1.001,1.55193094107e-11,0.0123621529886,4.98676070772e-07,0.0160005617644,0.0312357073746,0.0198727461885,3.08910307066e-11,1.5502540962e-11,9.88965299748e-10
val-math500,b1fef3f21d36ff6d,answer32,calibrated_0.016,128,1.05,1.55193094107e-11,0.0123621529886,4.9867418434e-07,0.0160005617644,0.0312356592801,0.0198727267496,3.2402162957e-11,1.62651079571e-11,1.03734525551e-09
val-math500,b1fef3f21d36ff6d,answer32,calibrated_0.016,128,2.0,1.55193094107e-11,0.0123621529886,4.9866459203e-07,0.0160005617644,0.0312347268492,0.0198723498868,6.16974151279e-11,3.10926615862e-11,1.97528268538e-09
val-math500,b1fef3f21d36ff6d,answer32,calibrated_0.05,1,1.001,5.0409956475e-07,0.0487703174865,4.98674187714e-07,0.050002918354,0.0927825975135,0.061453745746,9.88207869017e-07,6.49429677332e-07,1.06507890003e-05
val-math500,b1fef3f21d36ff6d,answer32,calibrated_0.05,1,1.05,5.0409956475e-07,0.0487703174865,4.98674162988e-07,0.050002918354,0.0927825510268,0.0614537285812,1.03658150423e-06,6.81219903558e-07,1.11721599886e-05
val-math500,b1fef3f21d36ff6d,answer32,calibrated_0.05,1,2.0,5.0409956475e-07,0.0487703174865,4.98664591867e-07,0.050002918354,0.092781649769,0.0614533958025,1.97443704601e-06,1.29756088531e-06,2.12804692622e-05
val-math500,b1fef3f21d36ff6d,answer32,calibrated_0.05,4,1.001,7.04478111315e-09,0.0479668446939,4.98674187714e-07,0.050002918354,0.0927825975135,0.061453745746,1.36864204622e-08,7.07320150508e-09,1.47510641316e-07
val-math500,b1fef3f21d36ff6d,answer32,calibrated_0.05,4,1.05,7.04478111315e-09,0.0479668446939,4.98674162988e-07,0.050002918354,0.0927825510268,0.0614537285812,1.43562678928e-08,7.41940512072e-09,1.54730256216e-07
val-math500,b1fef3f21d36ff6d,answer32,calibrated_0.05,4,2.0,7.04478111315e-09,0.0479668446939,4.98664591867e-07,0.050002918354,0.092781649769,0.0614533958025,2.73424630087e-08,1.41313613061e-08,2.94696883239e-07
val-math500,b1fef3f21d36ff6d,answer32,calibrated_0.05,8,1.001,1.60604007366e-09,0.0473996407674,4.98674187714e-07,0.050002918354,0.0927825975135,0.061453745746,3.0419962578e-09,1.54430464316e-09,3.27862803944e-08
val-math500,b1fef3f21d36ff6d,answer32,calibrated_0.05,8,1.05,1.60604007366e-09,0.0473996407674,4.98674162988e-07,0.050002918354,0.0927825510268,0.0614537285812,3.1907879649e-09,1.61989367378e-09,3.43899572666e-08
val-math500,b1fef3f21d36ff6d,answer32,calibrated_0.05,8,2.0,1.60604007366e-09,0.0473996407674,4.98664591867e-07,0.050002918354,0.092781649769,0.0614533958025,6.07488269707e-09,3.08558103265e-09,6.54750450352e-08
val-math500,b1fef3f21d36ff6d,answer32,calibrated_0.05,32,1.001,8.82746805264e-11,0.0423937619169,4.98674187714e-07,0.050002918354,0.0927825975135,0.061453745746,1.74487111447e-10,9.00008514175e-11,1.88060170898e-09
val-math500,b1fef3f21d36ff6d,answer32,calibrated_0.05,32,1.05,8.82746805264e-11,0.0423937619169,4.98674162988e-07,0.050002918354,0.0927825510268,0.0614537285812,1.83016244028e-10,9.44324471233e-11,1.97252869211e-09
val-math500,b1fef3f21d36ff6d,answer32,calibrated_0.05,32,2.0,8.82746805264e-11,0.0423937619169,4.98664591867e-07,0.050002918354,0.092781649769,0.0614533958025,3.47795714938e-10,1.81742237475e-10,3.74853988697e-09
val-math500,b1fef3f21d36ff6d,answer32,calibrated_0.05,128,1.001,1.55193094107e-11,0.0423860381921,4.98674187714e-07,0.050002918354,0.0927825975135,0.061453745746,3.07974176796e-11,1.54789336987e-11,3.31930970947e-10
val-math500,b1fef3f21d36ff6d,answer32,calibrated_0.05,128,1.05,1.55193094107e-11,0.0423860381921,4.98674162988e-07,0.050002918354,0.0927825510268,0.0614537285812,3.23022698025e-11,1.6239216579e-11,3.4815026581e-10
val-math500,b1fef3f21d36ff6d,answer32,calibrated_0.05,128,2.0,1.55193094107e-11,0.0423860381921,4.98664591867e-07,0.050002918354,0.092781649769,0.0614533958025,6.14585266152e-11,3.10093273736e-11,6.62399588369e-10
val-math500,b1fef3f21d36ff6d,answer64,real_base_to_step8,1,1.001,6.05901408021e-05,6.1669077605e-05,5.96414591255e-05,2.15265182518e-06,2.04307344676e-06,1.36226351731e-06,7.95517481879e-08,4.12306642497e-08,0.0389372923984
val-math500,b1fef3f21d36ff6d,answer64,real_base_to_step8,1,1.05,6.05901408021e-05,6.1669077605e-05,0,2.15265182518e-06,2.83790503813e-13,2.83773005484e-13,0,0,
val-math500,b1fef3f21d36ff6d,answer64,real_base_to_step8,1,2.0,6.05901408021e-05,6.1669077605e-05,0,2.15265182518e-06,2.83790503813e-13,2.83773005484e-13,0,0,
val-math500,b1fef3f21d36ff6d,answer64,real_base_to_step8,4,1.001,1.76921895381e-06,1.77572971584e-06,5.96414591255e-05,2.15265182518e-06,2.04307344676e-06,1.36226351731e-06,1.19056367419e-08,4.52121075702e-09,0.00582731705548
val-math500,b1fef3f21d36ff6d,answer64,real_base_to_step8,4,1.05,1.76921895381e-06,1.77572971584e-06,0,2.15265182518e-06,2.83790503813e-13,2.83773005484e-13,0,0,
val-math500,b1fef3f21d36ff6d,answer64,real_base_to_step8,4,2.0,1.76921895381e-06,1.77572971584e-06,0,2.15265182518e-06,2.83790503813e-13,2.83773005484e-13,0,0,
val-math500,b1fef3f21d36ff6d,answer64,real_base_to_step8,8,1.001,6.1657624959e-07,6.21830633861e-07,5.96414591255e-05,2.15265182518e-06,2.04307344676e-06,1.36226351731e-06,3.18278261922e-09,1.12266402264e-09,0.00155784052907
val-math500,b1fef3f21d36ff6d,answer64,real_base_to_step8,8,1.05,6.1657624959e-07,6.21830633861e-07,0,2.15265182518e-06,2.83790503813e-13,2.83773005484e-13,0,0,
val-math500,b1fef3f21d36ff6d,answer64,real_base_to_step8,8,2.0,6.1657624959e-07,6.21830633861e-07,0,2.15265182518e-06,2.83790503813e-13,2.83773005484e-13,0,0,
val-math500,b1fef3f21d36ff6d,answer64,real_base_to_step8,32,1.001,7.5428819263e-08,7.5943272857e-08,5.96414591255e-05,2.15265182518e-06,2.04307344676e-06,1.36226351731e-06,3.22790287951e-10,6.47818813822e-11,0.000157992503139
val-math500,b1fef3f21d36ff6d,answer64,real_base_to_step8,32,1.05,7.5428819263e-08,7.5943272857e-08,0,2.15265182518e-06,2.83790503813e-13,2.83773005484e-13,0,0,
val-math500,b1fef3f21d36ff6d,answer64,real_base_to_step8,32,2.0,7.5428819263e-08,7.5943272857e-08,0,2.15265182518e-06,2.83790503813e-13,2.83773005484e-13,0,0,
val-math500,b1fef3f21d36ff6d,answer64,real_base_to_step8,128,1.001,3.44355439919e-09,3.4820955346e-09,5.96414591255e-05,2.15265182518e-06,2.04307344676e-06,1.36226351731e-06,1.68523038357e-11,1.46010522447e-12,8.24850612318e-06
val-math500,b1fef3f21d36ff6d,answer64,real_base_to_step8,128,1.05,3.44355439919e-09,3.4820955346e-09,0,2.15265182518e-06,2.83790503813e-13,2.83773005484e-13,0,0,
val-math500,b1fef3f21d36ff6d,answer64,real_base_to_step8,128,2.0,3.44355439919e-09,3.4820955346e-09,0,2.15265182518e-06,2.83790503813e-13,2.83773005484e-13,0,0,
val-math500,b1fef3f21d36ff6d,answer64,calibrated_0.016,1,1.001,6.05901408021e-05,0.0156833381251,6.05884200337e-05,0.0159998976803,0.0307553449837,0.0199156579056,8.87416896543e-05,6.01349468083e-05,0.00288540706343
val-math500,b1fef3f21d36ff6d,answer64,calibrated_0.016,1,1.05,6.05901408021e-05,0.0156833381251,6.05884156039e-05,0.0159998976803,0.0307495004413,0.0199129583077,9.30856874791e-05,6.30786152678e-05,0.00302722600833
val-math500,b1fef3f21d36ff6d,answer64,calibrated_0.016,1,2.0,6.05901408021e-05,0.0156833381251,6.05781042646e-05,0.0159998976803,0.0306361950222,0.0198606968801,0.000177305962934,0.000120149713563,0.00578746684453
val-math500,b1fef3f21d36ff6d,answer64,calibrated_0.016,4,1.001,1.76921895381e-06,0.000842900119936,6.05884200337e-05,0.0159998976803,0.0307553449837,0.0199156579056,1.46148564227e-06,4.86276023302e-07,4.75197284583e-05
val-math500,b1fef3f21d36ff6d,answer64,calibrated_0.016,4,1.05,1.76921895381e-06,0.000842900119936,6.05884156039e-05,0.0159998976803,0.0307495004413,0.0199129583077,1.53302683956e-06,5.10079773895e-07,4.98553413082e-05
val-math500,b1fef3f21d36ff6d,answer64,calibrated_0.016,4,2.0,1.76921895381e-06,0.000842900119936,6.05781042646e-05,0.0159998976803,0.0306361950222,0.0198606968801,2.9200446047e-06,9.71567551287e-07,9.53135532196e-05
val-math500,b1fef3f21d36ff6d,answer64,calibrated_0.016,8,1.001,6.1657624959e-07,0.000119986908985,6.05884200337e-05,0.0159998976803,0.0307553449837,0.0199156579056,8.53455822365e-07,2.53095647641e-07,2.77498373963e-05
val-math500,b1fef3f21d36ff6d,answer64,calibrated_0.016,8,1.05,6.1657624959e-07,0.000119986908985,6.05884156039e-05,0.0159998976803,0.0307495004413,0.0199129583077,8.95233373671e-07,2.65485034166e-07,2.91137534211e-05
val-math500,b1fef3f21d36ff6d,answer64,calibrated_0.016,8,2.0,6.1657624959e-07,0.000119986908985,6.05781042646e-05,0.0159998976803,0.0306361950222,0.0198606968801,1.70520567855e-06,5.05664830482e-07,5.56598388707e-05
val-math500,b1fef3f21d36ff6d,answer64,calibrated_0.016,32,1.001,7.5428819263e-08,3.57027613329e-05,6.05884200337e-05,0.0159998976803,0.0307553449837,0.0199156579056,1.10806856134e-07,4.54916520664e-08,3.60284874686e-06
val-math500,b1fef3f21d36ff6d,answer64,calibrated_0.016,32,1.05,7.5428819263e-08,3.57027613329e-05,6.05884156039e-05,0.0159998976803,0.0307495004413,0.0199129583077,1.16230966723e-07,4.7719017202e-08,3.77993024457e-06
val-math500,b1fef3f21d36ff6d,answer64,calibrated_0.016,32,2.0,7.5428819263e-08,3.57027613329e-05,6.05781042646e-05,0.0159998976803,0.0306361950222,0.0198606968801,2.21392175991e-07,9.09348698811e-08,7.22649062098e-06
val-math500,b1fef3f21d36ff6d,answer64,calibrated_0.016,128,1.001,3.44355439919e-09,1.24575905497e-06,6.05884200337e-05,0.0159998976803,0.0307553449837,0.0199156579056,4.79819640154e-09,5.37363817735e-10,1.56011789303e-07
val-math500,b1fef3f21d36ff6d,answer64,calibrated_0.016,128,1.05,3.44355439919e-09,1.24575905497e-06,6.05884156039e-05,0.0159998976803,0.0307495004413,0.0199129583077,5.03307350086e-09,5.63770389973e-10,1.63679846132e-07
val-math500,b1fef3f21d36ff6d,answer64,calibrated_0.016,128,2.0,3.44355439919e-09,1.24575905497e-06,6.05781042646e-05,0.0159998976803,0.0306361950222,0.0198606968801,9.58680560474e-09,1.08202002702e-09,3.12924160386e-07
val-math500,b1fef3f21d36ff6d,answer64,calibrated_0.05,1,1.001,6.05901408021e-05,0.048551072744,6.05884158646e-05,0.049999200492,0.0922723221582,0.0612906477704,9.58897273471e-05,6.52051264859e-05,0.00103920357811
val-math500,b1fef3f21d36ff6d,answer64,calibrated_0.05,1,1.05,6.05901408021e-05,0.048551072744,6.05884154478e-05,0.049999200492,0.0922666727735,0.0612882384782,0.000100583627324,6.83969849887e-05,0.0010901403974
val-math500,b1fef3f21d36ff6d,answer64,calibrated_0.05,1,2.0,6.05901408021e-05,0.048551072744,6.05781081036e-05,0.049999200492,0.0921571501824,0.0612415564869,0.000191587597991,0.000130279891546,0.00207892277063
val-math500,b1fef3f21d36ff6d,answer64,calibrated_0.05,4,1.001,1.76921895381e-06,0.00248165950294,6.05884158646e-05,0.049999200492,0.0922723221582,0.0612906477704,1.50439652239e-06,4.71176880588e-07,1.63038762568e-05
val-math500,b1fef3f21d36ff6d,answer64,calibrated_0.05,4,1.05,1.76921895381e-06,0.00248165950294,6.05884154478e-05,0.049999200492,0.0922666727735,0.0612882384782,1.57803816228e-06,4.94241488037e-07,1.71030136326e-05
val-math500,b1fef3f21d36ff6d,answer64,calibrated_0.05,4,2.0,1.76921895381e-06,0.00248165950294,6.05781081036e-05,0.049999200492,0.0921571501824,0.0612415564869,3.00577279745e-06,9.41404195037e-07,3.26157307545e-05
val-math500,b1fef3f21d36ff6d,answer64,calibrated_0.05,8,1.001,6.1657624959e-07,0.000390911361389,6.05884158646e-05,0.049999200492,0.0922723221582,0.0612906477704,9.63022897015e-07,2.91154463893e-07,1.04367471685e-05
val-math500,b1fef3f21d36ff6d,answer64,calibrated_0.05,8,1.05,6.1657624959e-07,0.000390911361389,6.05884154478e-05,0.049999200492,0.0922666727735,0.0612882384782,1.01016385747e-06,3.05406852627e-07,1.09483069791e-05
val-math500,b1fef3f21d36ff6d,answer64,calibrated_0.05,8,2.0,6.1657624959e-07,0.000390911361389,6.05781081036e-05,0.049999200492,0.0921571501824,0.0612415564869,1.92411964415e-06,5.81720311884e-07,2.08786799542e-05
val-math500,b1fef3f21d36ff6d,answer64,calibrated_0.05,32,1.001,7.5428819263e-08,0.000133011264104,6.05884158646e-05,0.049999200492,0.0922723221582,0.0612906477704,1.21836853214e-07,5.14755197668e-08,1.32040519155e-06
val-math500,b1fef3f21d36ff6d,answer64,calibrated_0.05,32,1.05,7.5428819263e-08,0.000133011264104,6.05884154478e-05,0.049999200492,0.0922666727735,0.0612882384782,1.2780088684e-07,5.3995730581e-08,1.38512512697e-06
val-math500,b1fef3f21d36ff6d,answer64,calibrated_0.05,32,2.0,7.5428819263e-08,0.000133011264104,6.05781081036e-05,0.049999200492,0.0921571501824,0.0612415564869,2.43429731766e-07,1.02880611389e-07,2.64146331874e-06
val-math500,b1fef3f21d36ff6d,answer64,calibrated_0.05,128,1.001,3.44355439919e-09,4.62185792683e-06,6.05884158646e-05,0.049999200492,0.0922723221582,0.0612906477704,5.29488940255e-09,6.65281275163e-10,5.73832897959e-08
val-math500,b1fef3f21d36ff6d,answer64,calibrated_0.05,128,1.05,3.44355439919e-09,4.62185792683e-06,6.05884154478e-05,0.049999200492,0.0922666727735,0.0612882384782,5.55408017934e-09,6.97928839221e-10,6.01959517167e-08
val-math500,b1fef3f21d36ff6d,answer64,calibrated_0.05,128,2.0,3.44355439919e-09,4.62185792683e-06,6.05781081036e-05,0.049999200492,0.0921571501824,0.0612415564869,1.05791999785e-08,1.3350735741e-09,1.14795216188e-07
val-math500,b1fef3f21d36ff6d,answer128,real_base_to_step8,1,1.001,3.19147530833e-05,3.25930925819e-05,2.94155293068e-05,1.35830865274e-06,1.30512233184e-06,9.17203688999e-07,1.29157575319e-07,7.12005470639e-08,0.0989620452947
val-math500,b1fef3f21d36ff6d,answer128,real_base_to_step8,1,1.05,3.19147530833e-05,3.25930925819e-05,0,1.35830865274e-06,2.89999704896e-13,2.89990254156e-13,0,0,
val-math500,b1fef3f21d36ff6d,answer128,real_base_to_step8,1,2.0,3.19147530833e-05,3.25930925819e-05,0,1.35830865274e-06,2.89999704896e-13,2.89990254156e-13,0,0,
val-math500,b1fef3f21d36ff6d,answer128,real_base_to_step8,4,1.001,1.49243871642e-06,1.49772688915e-06,2.94155293068e-05,1.35830865274e-06,1.30512233184e-06,9.17203688999e-07,1.2052082436e-08,5.24127402489e-09,0.00923444656636
val-math500,b1fef3f21d36ff6d,answer128,real_base_to_step8,4,1.05,1.49243871642e-06,1.49772688915e-06,0,1.35830865274e-06,2.89999704896e-13,2.89990254156e-13,0,0,
val-math500,b1fef3f21d36ff6d,answer128,real_base_to_step8,4,2.0,1.49243871642e-06,1.49772688915e-06,0,1.35830865274e-06,2.89999704896e-13,2.89990254156e-13,0,0,
val-math500,b1fef3f21d36ff6d,answer128,real_base_to_step8,8,1.001,7.10315142798e-07,7.13808321971e-07,2.94155293068e-05,1.35830865274e-06,1.30512233184e-06,9.17203688999e-07,4.56494334635e-09,1.42264237622e-09,0.00349771299976
val-math500,b1fef3f21d36ff6d,answer128,real_base_to_step8,8,1.05,7.10315142798e-07,7.13808321971e-07,0,1.35830865274e-06,2.89999704896e-13,2.89990254156e-13,0,0,
val-math500,b1fef3f21d36ff6d,answer128,real_base_to_step8,8,2.0,7.10315142798e-07,7.13808321971e-07,0,1.35830865274e-06,2.89999704896e-13,2.89990254156e-13,0,0,
val-math500,b1fef3f21d36ff6d,answer128,real_base_to_step8,32,1.001,2.60258328737e-07,2.61641265225e-07,2.94155293068e-05,1.35830865274e-06,1.30512233184e-06,9.17203688999e-07,1.51754354509e-09,3.42297281935e-10,0.00116275961883
val-math500,b1fef3f21d36ff6d,answer128,real_base_to_step8,32,1.05,2.60258328737e-07,2.61641265225e-07,0,1.35830865274e-06,2.89999704896e-13,2.89990254156e-13,0,0,
val-math500,b1fef3f21d36ff6d,answer128,real_base_to_step8,32,2.0,2.60258328737e-07,2.61641265225e-07,0,1.35830865274e-06,2.89999704896e-13,2.89990254156e-13,0,0,
val-math500,b1fef3f21d36ff6d,answer128,real_base_to_step8,128,1.001,9.64020229835e-08,9.69032446515e-08,2.94155293068e-05,1.35830865274e-06,1.30512233184e-06,9.17203688999e-07,5.51944060949e-10,1.24924765348e-10,0.000422905996996
val-math500,b1fef3f21d36ff6d,answer128,real_base_to_step8,128,1.05,9.64020229835e-08,9.69032446515e-08,0,1.35830865274e-06,2.89999704896e-13,2.89990254156e-13,0,0,
val-math500,b1fef3f21d36ff6d,answer128,real_base_to_step8,128,2.0,9.64020229835e-08,9.69032446515e-08,0,1.35830865274e-06,2.89999704896e-13,2.89990254156e-13,0,0,
val-math500,b1fef3f21d36ff6d,answer128,calibrated_0.016,1,1.001,3.19147530833e-05,0.0158493521934,3.03262296482e-05,0.0160003475604,0.031135781204,0.0213820339805,6.28900383503e-05,4.12004389541e-05,0.00201986383249
val-math500,b1fef3f21d36ff6d,answer128,calibrated_0.016,1,1.05,3.19147530833e-05,0.0158493521934,3.03260964613e-05,0.0160003475604,0.0311328563715,0.0213809729876,6.59679626475e-05,4.32175249744e-05,0.00211891777164
val-math500,b1fef3f21d36ff6d,answer128,calibrated_0.016,1,2.0,3.19147530833e-05,0.0158493521934,3.02744957753e-05,0.0160003475604,0.0310762321771,0.0213604590592,0.000125640725728,8.23263059471e-05,0.00404298452309
val-math500,b1fef3f21d36ff6d,answer128,calibrated_0.016,4,1.001,1.49243871642e-06,0.0156892173413,3.03262296482e-05,0.0160003475604,0.031135781204,0.0213820339805,2.74097419821e-06,1.55603873887e-06,8.80329348492e-05
val-math500,b1fef3f21d36ff6d,answer128,calibrated_0.016,4,1.05,1.49243871642e-06,0.0156892173413,3.03260964613e-05,0.0160003475604,0.0311328563715,0.0213809729876,2.87483401201e-06,1.63690082995e-06,9.23408368866e-05
val-math500,b1fef3f21d36ff6d,answer128,calibrated_0.016,4,2.0,1.49243871642e-06,0.0156892173413,3.02744957753e-05,0.0160003475604,0.0310762321771,0.0213604590592,5.46880474832e-06,3.23368210982e-06,0.000175980302797
val-math500,b1fef3f21d36ff6d,answer128,calibrated_0.016,8,1.001,7.10315142798e-07,0.000806427672526,3.03262296482e-05,0.0160003475604,0.031135781204,0.0213820339805,1.33752082556e-06,5.9985507422e-07,4.29576767898e-05
val-math500,b1fef3f21d36ff6d,answer128,calibrated_0.016,8,1.05,7.10315142798e-07,0.000806427672526,3.03260964613e-05,0.0160003475604,0.0311328563715,0.0213809729876,1.40298759178e-06,6.3152589106e-07,4.50645316652e-05
val-math500,b1fef3f21d36ff6d,answer128,calibrated_0.016,8,2.0,7.10315142798e-07,0.000806427672526,3.02744957753e-05,0.0160003475604,0.0310762321771,0.0213604590592,2.67217767713e-06,1.27206049379e-06,8.59878270282e-05
val-math500,b1fef3f21d36ff6d,answer128,calibrated_0.016,32,1.001,2.60258328737e-07,0.00072319893456,3.03262296482e-05,0.0160003475604,0.031135781204,0.0213820339805,4.97753272199e-07,2.23545515063e-07,1.59865355213e-05
val-math500,b1fef3f21d36ff6d,answer128,calibrated_0.016,32,1.05,2.60258328737e-07,0.00072319893456,3.03260964613e-05,0.0160003475604,0.0311328563715,0.0213809729876,5.22117214472e-07,2.35023524891e-07,1.67706171333e-05
val-math500,b1fef3f21d36ff6d,answer128,calibrated_0.016,32,2.0,2.60258328737e-07,0.00072319893456,3.02744957753e-05,0.0160003475604,0.0310762321771,0.0213604590592,9.94460596151e-07,4.6483134057e-07,3.20006811149e-05
val-math500,b1fef3f21d36ff6d,answer128,calibrated_0.016,128,1.001,9.64020229835e-08,0.00070254853887,3.03262296482e-05,0.0160003475604,0.031135781204,0.0213820339805,1.84327777349e-07,8.16915869135e-08,5.92012694787e-06
val-math500,b1fef3f21d36ff6d,answer128,calibrated_0.016,128,1.05,9.64020229835e-08,0.00070254853887,3.03260964613e-05,0.0160003475604,0.0311328563715,0.0213809729876,1.93350321311e-07,8.58370709771e-08,6.21049090402e-06
val-math500,b1fef3f21d36ff6d,answer128,calibrated_0.016,128,2.0,9.64020229835e-08,0.00070254853887,3.02744957753e-05,0.0160003475604,0.0310762321771,0.0213604590592,3.68272033799e-07,1.68005909513e-07,1.18506011829e-05
val-math500,b1fef3f21d36ff6d,answer128,calibrated_0.05,1,1.001,3.19147530833e-05,0.0487435854189,3.03261183236e-05,0.0499990482032,0.0926769003862,0.0631602964873,6.32438364162e-05,4.09866346281e-05,0.000682412080601
val-math500,b1fef3f21d36ff6d,answer128,calibrated_0.05,1,1.05,3.19147530833e-05,0.0487435854189,3.03241249578e-05,0.0499990482032,0.0926740735005,0.0631592986765,6.63379937971e-05,4.29928404815e-05,0.000715820415477
val-math500,b1fef3f21d36ff6d,answer128,calibrated_0.05,1,2.0,3.19147530833e-05,0.0487435854189,3.02745120529e-05,0.0499990482032,0.0926193473408,0.0631399900348,0.00012632277564,8.18894819249e-05,0.00136389187861
val-math500,b1fef3f21d36ff6d,answer128,calibrated_0.05,4,1.001,1.49243871642e-06,0.0485615766408,3.03261183236e-05,0.0499990482032,0.0926769003862,0.0631602964873,2.69178772871e-06,1.50244095451e-06,2.90448614216e-05
val-math500,b1fef3f21d36ff6d,answer128,calibrated_0.05,4,1.05,1.49243871642e-06,0.0485615766408,3.03241249578e-05,0.0499990482032,0.0926740735005,0.0631592986765,2.82265854674e-06,1.58000279242e-06,3.04579095331e-05
val-math500,b1fef3f21d36ff6d,answer128,calibrated_0.05,4,2.0,1.49243871642e-06,0.0485615766408,3.02745120529e-05,0.0499990482032,0.0926193473408,0.0631399900348,5.35598704589e-06,3.11058517433e-06,5.78279506352e-05
val-math500,b1fef3f21d36ff6d,answer128,calibrated_0.05,8,1.001,7.10315142798e-07,0.00353094331996,3.03261183236e-05,0.0499990482032,0.0926769003862,0.0631602964873,1.36674267126e-06,6.63339771675e-07,1.47473929918e-05
val-math500,b1fef3f21d36ff6d,answer128,calibrated_0.05,8,1.05,7.10315142798e-07,0.00353094331996,3.03241249578e-05,0.0499990482032,0.0926740735005,0.0631592986765,1.43362137042e-06,6.97583350135e-07,1.54694977384e-05
val-math500,b1fef3f21d36ff6d,answer128,calibrated_0.05,8,2.0,7.10315142798e-07,0.00353094331996,3.02745120529e-05,0.0499990482032,0.0926193473408,0.0631399900348,2.72996402369e-06,1.38427190976e-06,2.94750945895e-05
val-math500,b1fef3f21d36ff6d,answer128,calibrated_0.05,32,1.001,2.60258328737e-07,0.00335093348944,3.03261183236e-05,0.0499990482032,0.0926769003862,0.0631602964873,5.05349053533e-07,2.41021802671e-07,5.45280486752e-06
val-math500,b1fef3f21d36ff6d,answer128,calibrated_0.05,32,1.05,2.60258328737e-07,0.00335093348944,3.03241249578e-05,0.0499990482032,0.0926740735005,0.0631592986765,5.30079444535e-07,2.53258169421e-07,5.71982459077e-06
val-math500,b1fef3f21d36ff6d,answer128,calibrated_0.05,32,2.0,2.60258328737e-07,0.00335093348944,3.02745120529e-05,0.0499990482032,0.0926193473408,0.0631399900348,1.00946151996e-06,4.96633451478e-07,1.08990351255e-05
val-math500,b1fef3f21d36ff6d,answer128,calibrated_0.05,128,1.001,9.64020229835e-08,0.00330920776562,3.03261183236e-05,0.0499990482032,0.0926769003862,0.0631602964873,1.86893202774e-07,8.75354118984e-08,2.01661041743e-06
val-math500,b1fef3f21d36ff6d,answer128,calibrated_0.05,128,1.05,9.64020229835e-08,0.00330920776562,3.03241249578e-05,0.0499990482032,0.0926740735005,0.0631592986765,1.96039729059e-07,9.19368456916e-08,2.11536756348e-06
val-math500,b1fef3f21d36ff6d,answer128,calibrated_0.05,128,2.0,9.64020229835e-08,0.00330920776562,3.02745120529e-05,0.0499990482032,0.0926193473408,0.0631399900348,3.73346493575e-07,1.7880787414e-07,4.03097737454e-06
val-math500,b1fef3f21d36ff6d,answer256,real_base_to_step8,1,1.001,0.000250618190523,0.000255244003093,0.000250612486434,9.20180076666e-06,8.74816908457e-06,5.18288027881e-06,1.30883040459e-06,7.21569565497e-07,0.149611923585
val-math500,b1fef3f21d36ff6d,answer256,real_base_to_step8,1,1.05,0.000250618190523,0.000255244003093,5.74169796998e-06,9.20180076666e-06,4.96169496816e-08,3.39610101875e-08,4.96171747786e-08,3.39611745382e-08,1.00000453669
val-math500,b1fef3f21d36ff6d,answer256,real_base_to_step8,1,2.0,0.000250618190523,0.000255244003093,0,9.20180076666e-06,2.25099690219e-13,2.25042211315e-13,0,0,
val-math500,b1fef3f21d36ff6d,answer256,real_base_to_step8,4,1.001,1.40163452017e-05,1.45176277835e-05,0.000250612486434,9.20180076666e-06,8.74816908457e-06,5.18288027881e-06,1.18249317195e-07,3.36773366025e-08,0.0135170360851
val-math500,b1fef3f21d36ff6d,answer256,real_base_to_step8,4,1.05,1.40163452017e-05,1.45176277835e-05,5.74169796998e-06,9.20180076666e-06,4.96169496816e-08,3.39610101875e-08,3.27244957316e-09,1.97974320319e-09,0.0659542675266
val-math500,b1fef3f21d36ff6d,answer256,real_base_to_step8,4,2.0,1.40163452017e-05,1.45176277835e-05,0,9.20180076666e-06,2.25099690219e-13,2.25042211315e-13,0,0,
val-math500,b1fef3f21d36ff6d,answer256,real_base_to_step8,8,1.001,7.67050024196e-06,7.90373034192e-06,0.000250612486434,9.20180076666e-06,8.74816908457e-06,5.18288027881e-06,4.8835156954e-08,1.06854621439e-08,0.00558232888298
val-math500,b1fef3f21d36ff6d,answer256,real_base_to_step8,8,1.05,7.67050024196e-06,7.90373034192e-06,5.74169796998e-06,9.20180076666e-06,4.96169496816e-08,3.39610101875e-08,3.27244957316e-09,1.97974320319e-09,0.0659542675266
val-math500,b1fef3f21d36ff6d,answer256,real_base_to_step8,8,2.0,7.67050024196e-06,7.90373034192e-06,0,9.20180076666e-06,2.25099690219e-13,2.25042211315e-13,0,0,
val-math500,b1fef3f21d36ff6d,answer256,real_base_to_step8,32,1.001,1.04955082198e-06,1.08239739833e-06,0.000250612486434,9.20180076666e-06,8.74816908457e-06,5.18288027881e-06,9.42549459694e-09,1.43938429925e-09,0.00107742483094
val-math500,b1fef3f21d36ff6d,answer256,real_base_to_step8,32,1.05,1.04955082198e-06,1.08239739833e-06,5.74169796998e-06,9.20180076666e-06,4.96169496816e-08,3.39610101875e-08,1.10151579951e-09,6.07007841124e-10,0.0222003933451
val-math500,b1fef3f21d36ff6d,answer256,real_base_to_step8,32,2.0,1.04955082198e-06,1.08239739833e-06,0,9.20180076666e-06,2.25099690219e-13,2.25042211315e-13,0,0,
val-math500,b1fef3f21d36ff6d,answer256,real_base_to_step8,128,1.001,2.12817704075e-07,2.19776344148e-07,0.000250612486434,9.20180076666e-06,8.74816908457e-06,5.18288027881e-06,1.91345083262e-09,1.40987093536e-10,0.000218725862992
val-math500,b1fef3f21d36ff6d,answer256,real_base_to_step8,128,1.05,2.12817704075e-07,2.19776344148e-07,5.74169796998e-06,9.20180076666e-06,4.96169496816e-08,3.39610101875e-08,1.77083174606e-10,9.25102419292e-11,0.00356900566725
val-math500,b1fef3f21d36ff6d,answer256,real_base_to_step8,128,2.0,2.12817704075e-07,2.19776344148e-07,0,9.20180076666e-06,2.25099690219e-13,2.25042211315e-13,0,0,
val-math500,b1fef3f21d36ff6d,answer256,calibrated_0.016,1,1.001,0.000250618190523,0.0155464566247,5.24652952777e-05,0.0160002449325,0.0304784525477,0.0181171114849,0.000488907137579,0.000245311719557,0.0160410748155
val-math500,b1fef3f21d36ff6d,answer256,calibrated_0.016,1,1.05,0.000250618190523,0.0155464566247,5.24353028539e-05,0.0160002449325,0.0304733933724,0.0181149906024,0.000512818170916,0.000257795513156,0.0168283907423
val-math500,b1fef3f21d36ff6d,answer256,calibrated_0.016,1,2.0,0.000250618190523,0.0155464566247,5.65509118174e-06,0.0160002449325,0.030418484207,0.018091030267,0.000975760975779,0.000512314346794,0.0320778960957
val-math500,b1fef3f21d36ff6d,answer256,calibrated_0.016,4,1.001,1.40163452017e-05,0.0154624594708,5.24652952777e-05,0.0160002449325,0.0304784525477,0.0181171114849,2.69655192415e-05,1.08196146492e-05,0.000884740430943
val-math500,b1fef3f21d36ff6d,answer256,calibrated_0.016,4,1.05,1.40163452017e-05,0.0154624594708,5.24353028539e-05,0.0160002449325,0.0304733933724,0.0181149906024,2.82826516987e-05,1.13911960348e-05,0.000928109690739
val-math500,b1fef3f21d36ff6d,answer256,calibrated_0.016,4,2.0,1.40163452017e-05,0.0154624594708,5.65509118174e-06,0.0160002449325,0.030418484207,0.018091030267,5.381321204e-05,2.26554396902e-05,0.00176909577985
val-math500,b1fef3f21d36ff6d,answer256,calibrated_0.016,8,1.001,7.67050024196e-06,0.0154066805262,5.24652952777e-05,0.0160002449325,0.0304784525477,0.0181171114849,1.45134803402e-05,5.83197050719e-06,0.000476188228963
val-math500,b1fef3f21d36ff6d,answer256,calibrated_0.016,8,1.05,7.67050024196e-06,0.0154066805262,5.24353028539e-05,0.0160002449325,0.0304733933724,0.0181149906024,1.52227431025e-05,6.13614151192e-06,0.00049954210601
val-math500,b1fef3f21d36ff6d,answer256,calibrated_0.016,8,2.0,7.67050024196e-06,0.0154066805262,5.65509118174e-06,0.0160002449325,0.030418484207,0.018091030267,2.89680833085e-05,1.21456307227e-05,0.000952318436101
val-math500,b1fef3f21d36ff6d,answer256,calibrated_0.016,32,1.001,1.04955082198e-06,0.00337453489646,5.24652952777e-05,0.0160002449325,0.0304784525477,0.0181171114849,1.96590652605e-06,8.56838063572e-07,6.45015203108e-05
val-math500,b1fef3f21d36ff6d,answer256,calibrated_0.016,32,1.05,1.04955082198e-06,0.00337453489646,5.24353028539e-05,0.0160002449325,0.0304733933724,0.0181149906024,2.06210689572e-06,9.00998213402e-07,6.76690931829e-05
val-math500,b1fef3f21d36ff6d,answer256,calibrated_0.016,32,2.0,1.04955082198e-06,0.00337453489646,5.65509118174e-06,0.0160002449325,0.030418484207,0.018091030267,3.92676955196e-06,1.79298593913e-06,0.000129091559108
val-math500,b1fef3f21d36ff6d,answer256,calibrated_0.016,128,1.001,2.12817704075e-07,0.00273236876736,5.24652952777e-05,0.0160002449325,0.0304784525477,0.0181171114849,4.12104597902e-07,2.02878471495e-07,1.35211785197e-05
val-math500,b1fef3f21d36ff6d,answer256,calibrated_0.016,128,1.05,2.12817704075e-07,0.00273236876736,5.24353028539e-05,0.0160002449325,0.0304733933724,0.0181149906024,4.32271366711e-07,2.13249550885e-07,1.41852061379e-05
val-math500,b1fef3f21d36ff6d,answer256,calibrated_0.016,128,2.0,2.12817704075e-07,0.00273236876736,5.65509118174e-06,0.0160002449325,0.030418484207,0.018091030267,8.23230019306e-07,4.17214854936e-07,2.70634793537e-05
val-math500,b1fef3f21d36ff6d,answer256,calibrated_0.05,1,1.001,0.000250618190523,0.0484022662671,5.24357417914e-05,0.0499983416476,0.0919993771751,0.0543302214306,0.000480481907737,0.000238759374836,0.00522266478851
val-math500,b1fef3f21d36ff6d,answer256,calibrated_0.05,1,1.05,0.000250618190523,0.0484022662671,5.2429355356e-05,0.0499983416476,0.0919944881551,0.0543281887599,0.000503950563351,0.000250799650389,0.0054780517122
val-math500,b1fef3f21d36ff6d,answer256,calibrated_0.05,1,2.0,0.000250618190523,0.0484022662671,5.65531839723e-06,0.0499983416476,0.0919448153059,0.0543045688064,0.00095703052974,0.000495291965176,0.0104087492759
val-math500,b1fef3f21d36ff6d,answer256,calibrated_0.05,4,1.001,1.40163452017e-05,0.048320696542,5.24357417914e-05,0.0499983416476,0.0919993771751,0.0543302214306,2.67041032676e-05,1.05490992542e-05,0.000290263957079
val-math500,b1fef3f21d36ff6d,answer256,calibrated_0.05,4,1.05,1.40163452017e-05,0.048320696542,5.2429355356e-05,0.0499983416476,0.0919944881551,0.0543281887599,2.80031916986e-05,1.11019760844e-05,0.000304400755526
val-math500,b1fef3f21d36ff6d,answer256,calibrated_0.05,4,2.0,1.40163452017e-05,0.048320696542,5.65531839723e-06,0.0499983416476,0.0919448153059,0.0543045688064,5.31757599114e-05,2.19608253599e-05,0.000578344300703
val-math500,b1fef3f21d36ff6d,answer256,calibrated_0.05,8,1.001,7.67050024196e-06,0.0482467760494,5.24357417914e-05,0.0499983416476,0.0919993771751,0.0543302214306,1.43548041286e-05,5.67563694784e-06,0.000156031535967
val-math500,b1fef3f21d36ff6d,answer256,calibrated_0.05,8,1.05,7.67050024196e-06,0.0482467760494,5.2429355356e-05,0.0499983416476,0.0919944881551,0.0543281887599,1.50541201002e-05,5.96962937763e-06,0.000163641544206
val-math500,b1fef3f21d36ff6d,answer256,calibrated_0.05,8,2.0,7.67050024196e-06,0.0482467760494,5.65531839723e-06,0.0499983416476,0.0919448153059,0.0543045688064,2.85984653056e-05,1.17525754494e-05,0.000311039455683
val-math500,b1fef3f21d36ff6d,answer256,calibrated_0.05,32,1.001,1.04955082198e-06,0.0138444612715,5.24357417914e-05,0.0499983416476,0.0919993771751,0.0543302214306,1.97987182111e-06,9.41594108167e-07,2.15204915719e-05
val-math500,b1fef3f21d36ff6d,answer256,calibrated_0.05,32,1.05,1.04955082198e-06,0.0138444612715,5.2429355356e-05,0.0499983416476,0.0919944881551,0.0543281887599,2.07664583933e-06,9.89660345235e-07,2.25735897985e-05
val-math500,b1fef3f21d36ff6d,answer256,calibrated_0.05,32,2.0,1.04955082198e-06,0.0138444612715,5.65531839723e-06,0.0499983416476,0.0919448153059,0.0543045688064,3.95142943712e-06,1.94654183981e-06,4.29760984779e-05
val-math500,b1fef3f21d36ff6d,answer256,calibrated_0.05,128,1.001,2.12817704075e-07,0.0122621378608,5.24357417914e-05,0.0499983416476,0.0919993771751,0.0543302214306,4.14275119841e-07,2.10036410595e-07,4.50302091777e-06
val-math500,b1fef3f21d36ff6d,answer256,calibrated_0.05,128,1.05,2.12817704075e-07,0.0122621378608,5.2429355356e-05,0.0499983416476,0.0919944881551,0.0543281887599,4.34528978344e-07,2.20680615075e-07,4.72342405571e-06
val-math500,b1fef3f21d36ff6d,answer256,calibrated_0.05,128,2.0,2.12817704075e-07,0.0122621378608,5.65531839723e-06,0.0499983416476,0.0919448153059,0.0543045688064,8.27082886258e-07,4.29402363674e-07,8.99542713209e-06
val-math500,4d583c75654016e6,prompt,real_base_to_step8,1,1.001,0.000935429734586,0.000924104932946,9.05698820983e-05,2.42551602389e-05,1.32049154447e-06,6.8027364689e-07,1.32049153881e-06,6.802736414e-07,0.999999995709
val-math500,4d583c75654016e6,prompt,real_base_to_step8,1,1.05,0.000935429734586,0.000924104932946,2.23580138492e-10,2.42551602389e-05,2.18107225923e-12,1.47788234692e-12,2.17540486012e-12,1.47370222065e-12,0.997401553715
val-math500,4d583c75654016e6,prompt,real_base_to_step8,1,2.0,0.000935429734586,0.000924104932946,0,2.42551602389e-05,5.66739911276e-15,5.66213791144e-15,0,0,
val-math500,4d583c75654016e6,prompt,real_base_to_step8,4,1.001,0.000414051980484,0.000410063154546,9.05698820983e-05,2.42551602389e-05,1.32049154447e-06,6.8027364689e-07,1.32049153881e-06,6.802736414e-07,0.999999995709
val-math500,4d583c75654016e6,prompt,real_base_to_step8,4,1.05,0.000414051980484,0.000410063154546,2.23580138492e-10,2.42551602389e-05,2.18107225923e-12,1.47788234692e-12,2.17540486012e-12,1.47370222065e-12,0.997401553715
val-math500,4d583c75654016e6,prompt,real_base_to_step8,4,2.0,0.000414051980484,0.000410063154546,0,2.42551602389e-05,5.66739911276e-15,5.66213791144e-15,0,0,
val-math500,4d583c75654016e6,prompt,real_base_to_step8,8,1.001,0.000342317560184,0.000339111073584,9.05698820983e-05,2.42551602389e-05,1.32049154447e-06,6.8027364689e-07,1.32049153881e-06,6.802736414e-07,0.999999995709
val-math500,4d583c75654016e6,prompt,real_base_to_step8,8,1.05,0.000342317560184,0.000339111073584,2.23580138492e-10,2.42551602389e-05,2.18107225923e-12,1.47788234692e-12,2.17540486012e-12,1.47370222065e-12,0.997401553715
val-math500,4d583c75654016e6,prompt,real_base_to_step8,8,2.0,0.000342317560184,0.000339111073584,0,2.42551602389e-05,5.66739911276e-15,5.66213791144e-15,0,0,
val-math500,4d583c75654016e6,prompt,real_base_to_step8,32,1.001,0.000237536126232,0.000235366895601,9.05698820983e-05,2.42551602389e-05,1.32049154447e-06,6.8027364689e-07,7.86830966335e-07,3.95179074339e-07,0.59586217695
val-math500,4d583c75654016e6,prompt,real_base_to_step8,32,1.05,0.000237536126232,0.000235366895601,2.23580138492e-10,2.42551602389e-05,2.18107225923e-12,1.47788234692e-12,2.17540486012e-12,1.47370222065e-12,0.997401553715
val-math500,4d583c75654016e6,prompt,real_base_to_step8,32,2.0,0.000237536126232,0.000235366895601,0,2.42551602389e-05,5.66739911276e-15,5.66213791144e-15,0,0,
val-math500,4d583c75654016e6,prompt,real_base_to_step8,128,1.001,0.000173750420434,0.000172308071249,9.05698820983e-05,2.42551602389e-05,1.32049154447e-06,6.8027364689e-07,5.70816292134e-07,2.85595983546e-07,0.432275613216
val-math500,4d583c75654016e6,prompt,real_base_to_step8,128,1.05,0.000173750420434,0.000172308071249,2.23580138492e-10,2.42551602389e-05,2.18107225923e-12,1.47788234692e-12,2.17540486012e-12,1.47370222065e-12,0.997401553715
val-math500,4d583c75654016e6,prompt,real_base_to_step8,128,2.0,0.000173750420434,0.000172308071249,0,2.42551602389e-05,5.66739911276e-15,5.66213791144e-15,0,0,
val-math500,4d583c75654016e6,prompt,calibrated_0.016,1,1.001,0.000935429734586,0.0150462955586,0.000709909536091,0.0160000124226,0.0281075986673,0.0145466959468,0.00127876574123,0.000365132716701,0.0454953749824
val-math500,4d583c75654016e6,prompt,calibrated_0.016,1,1.05,0.000935429734586,0.0150462955586,0.000708334759212,0.0160000124226,0.0280391845134,0.0145108718855,0.00134128154212,0.000384398365513,0.0478359683208
val-math500,4d583c75654016e6,prompt,calibrated_0.016,1,2.0,0.000935429734586,0.0150462955586,0.000681315194803,0.0160000124226,0.0267491411068,0.0138381142363,0.00255287861763,0.00076935770304,0.0954377790091
val-math500,4d583c75654016e6,prompt,calibrated_0.016,4,1.001,0.000414051980484,0.00942633194838,0.000709909536091,0.0160000124226,0.0281075986673,0.0145466959468,0.000633983914658,0.000162683709324,0.0225556057691
val-math500,4d583c75654016e6,prompt,calibrated_0.016,4,1.05,0.000414051980484,0.00942633194838,0.000708334759212,0.0160000124226,0.0280391845134,0.0145108718855,0.00066496148481,0.000173746778854,0.023715435964
val-math500,4d583c75654016e6,prompt,calibrated_0.016,4,2.0,0.000414051980484,0.00942633194838,0.000681315194803,0.0160000124226,0.0267491411068,0.0138381142363,0.00126523729691,0.000406572119759,0.047300109258
val-math500,4d583c75654016e6,prompt,calibrated_0.016,8,1.001,0.000342317560184,0.00940244626161,0.000709909536091,0.0160000124226,0.0281075986673,0.0145466959468,0.000509041064149,0.000114996371222,0.0181104430219
val-math500,4d583c75654016e6,prompt,calibrated_0.016,8,1.05,0.000342317560184,0.00940244626161,0.000708334759212,0.0160000124226,0.0280391845134,0.0145108718855,0.000533922588619,0.000122643488742,0.0190420155894
val-math500,4d583c75654016e6,prompt,calibrated_0.016,8,2.0,0.000342317560184,0.00940244626161,0.000681315194803,0.0160000124226,0.0267491411068,0.0138381142363,0.00101601301811,0.000288454731761,0.0379830146342
val-math500,4d583c75654016e6,prompt,calibrated_0.016,32,1.001,0.000237536126232,0.00828848397018,0.000709909536091,0.0160000124226,0.0281075986673,0.0145466959468,0.00036869890082,8.09083970063e-05,0.0131174101774
val-math500,4d583c75654016e6,prompt,calibrated_0.016,32,1.05,0.000237536126232,0.00828848397018,0.000708334759212,0.0160000124226,0.0280391845134,0.0145108718855,0.00038672332856,8.63433625526e-05,0.0137922459327
val-math500,4d583c75654016e6,prompt,calibrated_0.016,32,2.0,0.000237536126232,0.00828848397018,0.000681315194803,0.0160000124226,0.0267491411068,0.0138381142363,0.000736021066488,0.000201904451788,0.0275156897019
val-math500,4d583c75654016e6,prompt,calibrated_0.016,128,1.001,0.000173750420434,0.00674291245597,0.000709909536091,0.0160000124226,0.0281075986673,0.0145466959468,0.000272970472034,5.81216533614e-05,0.00971162550258
val-math500,4d583c75654016e6,prompt,calibrated_0.016,128,1.05,0.000173750420434,0.00674291245597,0.000708334759212,0.0160000124226,0.0280391845134,0.0145108718855,0.000286319136633,6.19956122312e-05,0.0102113931486
val-math500,4d583c75654016e6,prompt,calibrated_0.016,128,2.0,0.000173750420434,0.00674291245597,0.000681315194803,0.0160000124226,0.0267491411068,0.0138381142363,0.000545015168809,0.000145457088016,0.0203750530394
val-math500,4d583c75654016e6,prompt,calibrated_0.05,1,1.001,0.000935429734586,0.0476635994283,0.000709514826946,0.0499999463093,0.089328193379,0.0458396998043,0.00149689099963,0.000429754780872,0.0167572066893
val-math500,4d583c75654016e6,prompt,calibrated_0.05,1,1.05,0.000935429734586,0.0476635994283,0.000707890455536,0.0499999463093,0.0892621540899,0.0458062104602,0.00156992363986,0.000451785789494,0.0175877857292
val-math500,4d583c75654016e6,prompt,calibrated_0.05,1,2.0,0.000935429734586,0.0476635994283,0.000683331239753,0.0499999463093,0.0880149126183,0.0451739384161,0.00298444498554,0.000887075348735,0.033908401392
val-math500,4d583c75654016e6,prompt,calibrated_0.05,4,1.001,0.000414051980484,0.0364520403284,0.000709514826946,0.0499999463093,0.089328193379,0.0458396998043,0.000690669659517,0.000179637722097,0.00773182164993
val-math500,4d583c75654016e6,prompt,calibrated_0.05,4,1.05,0.000414051980484,0.0364520403284,0.000707890455536,0.0499999463093,0.0892621540899,0.0458062104602,0.000724287745423,0.000190801449695,0.00811416386718
val-math500,4d583c75654016e6,prompt,calibrated_0.05,4,2.0,0.000414051980484,0.0364520403284,0.000683331239753,0.0499999463093,0.0880149126183,0.0451739384161,0.00137494762662,0.000422521492326,0.0156217575603
val-math500,4d583c75654016e6,prompt,calibrated_0.05,8,1.001,0.000342317560184,0.0364328261269,0.000709514826946,0.0499999463093,0.089328193379,0.0458396998043,0.00056186406451,0.000129036196438,0.00628988501006
val-math500,4d583c75654016e6,prompt,calibrated_0.05,8,1.05,0.000342317560184,0.0364328261269,0.000707890455536,0.0499999463093,0.0892621540899,0.0458062104602,0.000589241679781,0.000136887295662,0.00660124871273
val-math500,4d583c75654016e6,prompt,calibrated_0.05,8,2.0,0.000342317560184,0.0364328261269,0.000683331239753,0.0499999463093,0.0880149126183,0.0451739384161,0.00111892356541,0.00030349808939,0.0127128861703
val-math500,4d583c75654016e6,prompt,calibrated_0.05,32,1.001,0.000237536126232,0.0341847965151,0.000709514826946,0.0499999463093,0.089328193379,0.0458396998043,0.000399431428312,9.13604390611e-05,0.00447150460792
val-math500,4d583c75654016e6,prompt,calibrated_0.05,32,1.05,0.000237536126232,0.0341847965151,0.000707890455536,0.0499999463093,0.0892621540899,0.0458062104602,0.000418896501787,9.69523955924e-05,0.00469287914972
val-math500,4d583c75654016e6,prompt,calibrated_0.05,32,2.0,0.000237536126232,0.0341847965151,0.000683331239753,0.0499999463093,0.0880149126183,0.0451739384161,0.00079573103832,0.000213137624142,0.00904086608335
val-math500,4d583c75654016e6,prompt,calibrated_0.05,128,1.001,0.000173750420434,0.0294086111897,0.000709514826946,0.0499999463093,0.089328193379,0.0458396998043,0.000296440814076,6.74291060865e-05,0.00331855826098
val-math500,4d583c75654016e6,prompt,calibrated_0.05,128,1.05,0.000173750420434,0.0294086111897,0.000707890455536,0.0499999463093,0.0892621540899,0.0458062104602,0.000310899497139,7.14827969251e-05,0.00348299344004
val-math500,4d583c75654016e6,prompt,calibrated_0.05,128,2.0,0.000173750420434,0.0294086111897,0.000683331239753,0.0499999463093,0.0880149126183,0.0451739384161,0.000590823333683,0.000156391582001,0.00671276396359
val-math500,4d583c75654016e6,answer16,real_base_to_step8,1,1.001,0.000124197300723,0.000129196208927,0.000124197224435,9.89983810049e-06,9.74816225011e-06,6.88922252479e-06,1.49943920569e-09,7.99179652824e-10,0.00015381762913
val-math500,4d583c75654016e6,answer16,real_base_to_step8,1,1.05,0.000124197300723,0.000129196208927,1.04241876593e-14,9.89983810049e-06,2.92729635954e-13,2.92654793273e-13,3.70487786761e-17,3.00855206554e-17,
val-math500,4d583c75654016e6,answer16,real_base_to_step8,1,2.0,0.000124197300723,0.000129196208927,0,9.89983810049e-06,2.92692587175e-13,2.92654791727e-13,0,0,
val-math500,4d583c75654016e6,answer16,real_base_to_step8,4,1.001,3.15427450068e-08,3.24007939435e-08,0.000124197224435,9.89983810049e-06,9.74816225011e-06,6.88922252479e-06,2.21919712115e-10,5.94330771021e-11,2.27652870789e-05
val-math500,4d583c75654016e6,answer16,real_base_to_step8,4,1.05,3.15427450068e-08,3.24007939435e-08,1.04241876593e-14,9.89983810049e-06,2.92729635954e-13,2.92654793273e-13,3.70487786761e-17,3.00855206554e-17,
val-math500,4d583c75654016e6,answer16,real_base_to_step8,4,2.0,3.15427450068e-08,3.24007939435e-08,0,9.89983810049e-06,2.92692587175e-13,2.92654791727e-13,0,0,
val-math500,4d583c75654016e6,answer16,real_base_to_step8,8,1.001,1.4935113706e-08,1.52957389784e-08,0.000124197224435,9.89983810049e-06,9.74816225011e-06,6.88922252479e-06,1.28415724074e-10,3.0726395408e-11,1.31733264978e-05
val-math500,4d583c75654016e6,answer16,real_base_to_step8,8,1.05,1.4935113706e-08,1.52957389784e-08,1.04241876593e-14,9.89983810049e-06,2.92729635954e-13,2.92654793273e-13,3.70487786761e-17,3.00855206554e-17,
val-math500,4d583c75654016e6,answer16,real_base_to_step8,8,2.0,1.4935113706e-08,1.52957389784e-08,0,9.89983810049e-06,2.92692587175e-13,2.92654791727e-13,0,0,
val-math500,4d583c75654016e6,answer16,real_base_to_step8,32,1.001,3.57505051449e-09,3.6374723072e-09,0.000124197224435,9.89983810049e-06,9.74816225011e-06,6.88922252479e-06,2.77575422009e-11,3.93874342563e-12,2.84746411566e-06
val-math500,4d583c75654016e6,answer16,real_base_to_step8,32,1.05,3.57505051449e-09,3.6374723072e-09,1.04241876593e-14,9.89983810049e-06,2.92729635954e-13,2.92654793273e-13,3.70487786761e-17,3.00855206554e-17,
val-math500,4d583c75654016e6,answer16,real_base_to_step8,32,2.0,3.57505051449e-09,3.6374723072e-09,0,9.89983810049e-06,2.92692587175e-13,2.92654791727e-13,0,0,
val-math500,4d583c75654016e6,answer16,real_base_to_step8,128,1.001,8.04096060259e-10,8.16729128256e-10,0.000124197224435,9.89983810049e-06,9.74816225011e-06,6.88922252479e-06,5.44505452929e-12,3.3537318456e-13,5.58572414942e-07
val-math500,4d583c75654016e6,answer16,real_base_to_step8,128,1.05,8.04096060259e-10,8.16729128256e-10,1.04241876593e-14,9.89983810049e-06,2.92729635954e-13,2.92654793273e-13,3.70487786761e-17,3.00855206554e-17,
val-math500,4d583c75654016e6,answer16,real_base_to_step8,128,2.0,8.04096060259e-10,8.16729128256e-10,0,9.89983810049e-06,2.92692587175e-13,2.92654791727e-13,0,0,
val-math500,4d583c75654016e6,answer16,calibrated_0.016,1,1.001,0.000124197300723,0.0156808407289,9.93794177131e-08,0.0160001008292,0.0308515984719,0.0195732817623,0.00024487312269,0.000148383449265,0.00793712918677
val-math500,4d583c75654016e6,answer16,calibrated_0.016,1,1.05,0.000124197300723,0.0156808407289,9.93774760268e-08,0.0160001008292,0.0308515888855,0.0195732780027,0.00025684557688,0.000155959050033,0.00832519770161
val-math500,4d583c75654016e6,answer16,calibrated_0.016,1,2.0,0.000124197300723,0.0156808407289,1.00806098145e-08,0.0160001008292,0.0308514496255,0.019573221371,0.000488963923342,0.000303044570669,0.0158489772532
val-math500,4d583c75654016e6,answer16,calibrated_0.016,4,1.001,3.15427450068e-08,0.0156713424636,9.93794177131e-08,0.0160001008292,0.0308515984719,0.0195732817623,5.42846776592e-08,2.88046666594e-08,1.75954181786e-06
val-math500,4d583c75654016e6,answer16,calibrated_0.016,4,1.05,3.15427450068e-08,0.0156713424636,9.93774760268e-08,0.0160001008292,0.0308515888855,0.0195732780027,5.69318452235e-08,3.03098141188e-08,1.84534564605e-06
val-math500,4d583c75654016e6,answer16,calibrated_0.016,4,2.0,3.15427450068e-08,0.0156713424636,1.00806098145e-08,0.0160001008292,0.0308514496255,0.019573221371,1.08247305679e-07,6.02006458177e-08,3.50866189411e-06
val-math500,4d583c75654016e6,answer16,calibrated_0.016,8,1.001,1.4935113706e-08,0.0135884631771,9.93794177131e-08,0.0160001008292,0.0308515984719,0.0195732817623,2.84354235099e-08,1.53055424031e-08,9.21683961879e-07
val-math500,4d583c75654016e6,answer16,calibrated_0.016,8,1.05,1.4935113706e-08,0.0135884631771,9.93774760268e-08,0.0160001008292,0.0308515888855,0.0195732780027,2.98266893456e-08,1.60663653243e-08,9.66779683742e-07
val-math500,4d583c75654016e6,answer16,calibrated_0.016,8,2.0,1.4935113706e-08,0.0135884631771,1.00806098145e-08,0.0160001008292,0.0308514496255,0.019573221371,5.67940163342e-08,3.0929340446e-08,1.8408864745e-06
val-math500,4d583c75654016e6,answer16,calibrated_0.016,32,1.001,3.57505051449e-09,0.0126222638363,9.93794177131e-08,0.0160001008292,0.0308515984719,0.0195732817623,7.07741230906e-09,3.74015527428e-09,2.29401802811e-07
val-math500,4d583c75654016e6,answer16,calibrated_0.016,32,1.05,3.57505051449e-09,0.0126222638363,9.93774760268e-08,0.0160001008292,0.0308515888855,0.0195732780027,7.42355893798e-09,3.92789840913e-09,2.40621608357e-07
val-math500,4d583c75654016e6,answer16,calibrated_0.016,32,2.0,3.57505051449e-09,0.0126222638363,1.00806098145e-08,0.0160001008292,0.0308514496255,0.019573221371,1.41339880258e-08,7.58081977978e-09,4.58130434628e-07
val-math500,4d583c75654016e6,answer16,calibrated_0.016,128,1.001,8.04096060259e-10,0.0125759680258,9.93794177131e-08,0.0160001008292,0.0308515984719,0.0195732817623,1.59050995376e-09,8.50396584463e-10,5.15535671583e-08
val-math500,4d583c75654016e6,answer16,calibrated_0.016,128,1.05,8.04096060259e-10,0.0125759680258,9.93774760268e-08,0.0160001008292,0.0308515888855,0.0195732780027,1.66831687467e-09,8.92872558018e-10,5.4075557692e-08
val-math500,4d583c75654016e6,answer16,calibrated_0.016,128,2.0,8.04096060259e-10,0.0125759680258,1.00806098145e-08,0.0160001008292,0.0308514496255,0.019573221371,3.17640897076e-09,1.72393153273e-09,1.02958175687e-07
val-math500,4d583c75654016e6,answer16,calibrated_0.05,1,1.001,0.000124197300723,0.0485674841164,9.93782386293e-08,0.0499994137308,0.0924030493915,0.0602815919504,0.000237279418813,0.000149040859813,0.00256787433288
val-math500,4d583c75654016e6,answer16,calibrated_0.05,1,1.05,0.000124197300723,0.0485674841164,9.93771480564e-08,0.0499994137308,0.0924030401293,0.0602815885147,0.000248857298448,0.000156577622706,0.00269317219542
val-math500,4d583c75654016e6,answer16,calibrated_0.05,1,2.0,0.000124197300723,0.0485674841164,1.00810581248e-08,0.0499994137308,0.0924029164138,0.0602815369309,0.000473324317857,0.000302851051052,0.00512239587479
val-math500,4d583c75654016e6,answer16,calibrated_0.05,4,1.001,3.15427450068e-08,0.048559509418,9.93782386293e-08,0.0499994137308,0.0924030493915,0.0602815919504,5.50054166406e-08,3.00239062964e-08,5.95277071512e-07
val-math500,4d583c75654016e6,answer16,calibrated_0.05,4,1.05,3.15427450068e-08,0.048559509418,9.93771480564e-08,0.0499994137308,0.0924030401293,0.0602815885147,5.76706431004e-08,3.15683548302e-08,6.24120624383e-07
val-math500,4d583c75654016e6,answer16,calibrated_0.05,4,2.0,3.15427450068e-08,0.048559509418,1.00810581248e-08,0.0499994137308,0.0924029164138,0.0602815369309,1.09322501293e-07,6.21287424299e-08,1.18310661109e-06
val-math500,4d583c75654016e6,answer16,calibrated_0.05,8,1.001,1.4935113706e-08,0.0443105533814,9.93782386293e-08,0.0499994137308,0.0924030493915,0.0602815919504,2.81122265116e-08,1.53696898172e-08,3.04234835286e-07
val-math500,4d583c75654016e6,answer16,calibrated_0.05,8,1.05,1.4935113706e-08,0.0443105533814,9.93771480564e-08,0.0499994137308,0.0924030401293,0.0602815885147,2.94863252411e-08,1.6131371183e-08,3.19105574879e-07
val-math500,4d583c75654016e6,answer16,calibrated_0.05,8,2.0,1.4935113706e-08,0.0443105533814,1.00810581248e-08,0.0499994137308,0.0924029164138,0.0602815369309,5.61061364607e-08,3.10000528113e-08,6.07190104362e-07
val-math500,4d583c75654016e6,answer16,calibrated_0.05,32,1.001,3.57505051449e-09,0.0422401142039,9.93782386293e-08,0.0499994137308,0.0924030493915,0.0602815919504,6.9943630439e-09,3.69744306316e-09,7.56940716779e-08
val-math500,4d583c75654016e6,answer16,calibrated_0.05,32,1.05,3.57505051449e-09,0.0422401142039,9.93771480564e-08,0.0499994137308,0.0924030401293,0.0602815885147,7.3358067509e-09,3.88228494068e-09,7.93892359021e-08
val-math500,4d583c75654016e6,answer16,calibrated_0.05,32,2.0,3.57505051449e-09,0.0422401142039,1.00810581248e-08,0.0499994137308,0.0924029164138,0.0602815369309,1.3953786426e-08,7.47717799649e-09,1.51010238286e-07
val-math500,4d583c75654016e6,answer16,calibrated_0.05,128,1.001,8.04096060259e-10,0.0421427712135,9.93782386293e-08,0.0499994137308,0.0924030493915,0.0602815919504,1.56825741022e-09,8.38508261115e-10,1.6971922686e-08
val-math500,4d583c75654016e6,answer16,calibrated_0.05,128,1.05,8.04096060259e-10,0.0421427712135,9.93771480564e-08,0.0499994137308,0.0924030401293,0.0602815885147,1.64486638726e-09,8.80268041477e-10,1.78009985922e-08
val-math500,4d583c75654016e6,answer16,calibrated_0.05,128,2.0,8.04096060259e-10,0.0421427712135,1.00810581248e-08,0.0499994137308,0.0924029164138,0.0602815369309,3.12884274506e-09,1.69635762795e-09,3.38608657226e-08
val-math500,4d583c75654016e6,answer32,real_base_to_step8,1,1.001,8.15173711588e-05,8.0360271865e-05,9.7528458412e-07,2.32641447846e-06,1.72821817472e-09,1.08356165843e-09,1.72850574502e-09,1.08379092688e-09,1.00016639699
val-math500,4d583c75654016e6,answer32,real_base_to_step8,1,1.05,8.15173711588e-05,8.0360271865e-05,0,2.32641447846e-06,2.87570864491e-13,2.87547764241e-13,0,0,
val-math500,4d583c75654016e6,answer32,real_base_to_step8,1,2.0,8.15173711588e-05,8.0360271865e-05,0,2.32641447846e-06,2.87570864491e-13,2.87547764241e-13,0,0,
val-math500,4d583c75654016e6,answer32,real_base_to_step8,4,1.001,2.10655969644e-07,2.10222443992e-07,9.7528458412e-07,2.32641447846e-06,1.72821817472e-09,1.08356165843e-09,4.32016602065e-10,2.32850049694e-10,0.24997804582
val-math500,4d583c75654016e6,answer32,real_base_to_step8,4,1.05,2.10655969644e-07,2.10222443992e-07,0,2.32641447846e-06,2.87570864491e-13,2.87547764241e-13,0,0,
val-math500,4d583c75654016e6,answer32,real_base_to_step8,4,2.0,2.10655969644e-07,2.10222443992e-07,0,2.32641447846e-06,2.87570864491e-13,2.87547764241e-13,0,0,
val-math500,4d583c75654016e6,answer32,real_base_to_step8,8,1.001,7.59653896412e-08,7.59966741494e-08,9.7528458412e-07,2.32641447846e-06,1.72821817472e-09,1.08356165843e-09,2.87342089256e-10,1.51566487349e-10,0.166264938918
val-math500,4d583c75654016e6,answer32,real_base_to_step8,8,1.05,7.59653896412e-08,7.59966741494e-08,0,2.32641447846e-06,2.87570864491e-13,2.87547764241e-13,0,0,
val-math500,4d583c75654016e6,answer32,real_base_to_step8,8,2.0,7.59653896412e-08,7.59966741494e-08,0,2.32641447846e-06,2.87570864491e-13,2.87547764241e-13,0,0,
val-math500,4d583c75654016e6,answer32,real_base_to_step8,32,1.001,6.58958309209e-09,6.60215506347e-09,9.7528458412e-07,2.32641447846e-06,1.72821817472e-09,1.08356165843e-09,4.85481762918e-11,2.21649226637e-11,0.0280914626417
val-math500,4d583c75654016e6,answer32,real_base_to_step8,32,1.05,6.58958309209e-09,6.60215506347e-09,0,2.32641447846e-06,2.87570864491e-13,2.87547764241e-13,0,0,
val-math500,4d583c75654016e6,answer32,real_base_to_step8,32,2.0,6.58958309209e-09,6.60215506347e-09,0,2.32641447846e-06,2.87570864491e-13,2.87547764241e-13,0,0,
val-math500,4d583c75654016e6,answer32,real_base_to_step8,128,1.001,1.12442923669e-09,1.12576557e-09,9.7528458412e-07,2.32641447846e-06,1.72821817472e-09,1.08356165843e-09,8.61312685609e-12,4.23008778795e-12,0.00498381916248
val-math500,4d583c75654016e6,answer32,real_base_to_step8,128,1.05,1.12442923669e-09,1.12576557e-09,0,2.32641447846e-06,2.87570864491e-13,2.87547764241e-13,0,0,
val-math500,4d583c75654016e6,answer32,real_base_to_step8,128,2.0,1.12442923669e-09,1.12576557e-09,0,2.32641447846e-06,2.87570864491e-13,2.87547764241e-13,0,0,
val-math500,4d583c75654016e6,answer32,calibrated_0.016,1,1.001,8.15173711588e-05,0.0144890220077,5.79560420768e-09,0.0160006676462,0.028558138348,0.0174738823334,0.000160822336701,9.83917526033e-05,0.00563140127489
val-math500,4d583c75654016e6,answer32,calibrated_0.016,1,1.05,8.15173711588e-05,0.0144890220077,5.79550300125e-09,0.0160006676462,0.0285581377882,0.0174738821059,0.000168694736342,0.000103208750862,0.00590706360453
val-math500,4d583c75654016e6,answer32,calibrated_0.016,1,2.0,8.15173711588e-05,0.0144890220077,5.77035834584e-09,0.0160006676462,0.0285581269758,0.0174738777099,0.000321322892084,0.000196599549829,0.0112515394429
val-math500,4d583c75654016e6,answer32,calibrated_0.016,4,1.001,2.10655969644e-07,0.0144890065547,5.79560420768e-09,0.0160006676462,0.028558138348,0.0174738823334,4.13743685123e-07,2.49422352349e-07,1.44877680779e-05
val-math500,4d583c75654016e6,answer32,calibrated_0.016,4,1.05,2.10655969644e-07,0.0144890065547,5.79550300125e-09,0.0160006676462,0.0285581377882,0.0174738821059,4.33996360015e-07,2.61645884476e-07,1.51969418746e-05
val-math500,4d583c75654016e6,answer32,calibrated_0.016,4,2.0,2.10655969644e-07,0.0144890065547,5.77035834584e-09,0.0160006676462,0.0285581269758,0.0174738777099,8.26649697525e-07,4.98648321482e-07,2.89462154933e-05
val-math500,4d583c75654016e6,answer32,calibrated_0.016,8,1.001,7.59653896412e-08,0.0144890065211,5.79560420768e-09,0.0160006676462,0.028558138348,0.0174738823334,1.49267254911e-07,8.69481756059e-08,5.22678520189e-06
val-math500,4d583c75654016e6,answer32,calibrated_0.016,8,1.05,7.59653896412e-08,0.0144890065211,5.79550300125e-09,0.0160006676462,0.0285581377882,0.0174738821059,1.56573578755e-07,9.12168467366e-08,5.48262565003e-06
val-math500,4d583c75654016e6,answer32,calibrated_0.016,8,2.0,7.59653896412e-08,0.0144890065211,5.77035834584e-09,0.0160006676462,0.0285581269758,0.0174738777099,2.98226227368e-07,1.7399221164e-07,1.0442779655e-05
val-math500,4d583c75654016e6,answer32,calibrated_0.016,32,1.001,6.58958309209e-09,0.0144202559408,5.79560420768e-09,0.0160006676462,0.028558138348,0.0174738823334,1.29938694548e-08,7.5636410724e-09,4.54997076366e-07
val-math500,4d583c75654016e6,answer32,calibrated_0.016,32,1.05,6.58958309209e-09,0.0144202559408,5.79550300125e-09,0.0160006676462,0.0285581377882,0.0174738821059,1.36298821344e-08,7.93525469131e-09,4.77267888945e-07
val-math500,4d583c75654016e6,answer32,calibrated_0.016,32,2.0,6.58958309209e-09,0.0144202559408,5.77035834584e-09,0.0160006676462,0.0285581269758,0.0174738777099,2.59601771339e-08,1.51551904073e-08,9.09029403641e-07
val-math500,4d583c75654016e6,answer32,calibrated_0.016,128,1.001,1.12442923669e-09,0.0144103465284,5.79560420768e-09,0.0160006676462,0.028558138348,0.0174738823334,2.21812376414e-09,1.29690475245e-09,7.76704607671e-08
val-math500,4d583c75654016e6,answer32,calibrated_0.016,128,1.05,1.12442923669e-09,0.0144103465284,5.79550300125e-09,0.0160006676462,0.0285581377882,0.0174738821059,2.32667655483e-09,1.36111064929e-09,8.14715781569e-08
val-math500,4d583c75654016e6,answer32,calibrated_0.016,128,2.0,1.12442923669e-09,0.0144103465284,5.77035834584e-09,0.0160006676462,0.0285581269758,0.0174738777099,4.43117356203e-09,2.60852618815e-09,1.55163311858e-07
val-math500,4d583c75654016e6,answer32,calibrated_0.05,1,1.001,8.15173711588e-05,0.0473781624761,5.79552962367e-09,0.0500034198009,0.0902669104838,0.05553598359,0.000155456294223,9.56351347924e-05,0.00172218472295
val-math500,4d583c75654016e6,answer32,calibrated_0.05,1,1.05,8.15173711588e-05,0.0473781624761,5.79547669869e-09,0.0500034198009,0.0902669099428,0.0555359833756,0.000163065984335,0.000100317041037,0.00180648683375
val-math500,4d583c75654016e6,answer32,calibrated_0.05,1,2.0,8.15173711588e-05,0.0473781624761,5.77035133673e-09,0.0500034198009,0.0902668994945,0.055535979233,0.000310600790689,0.000191088708519,0.00344091568923
val-math500,4d583c75654016e6,answer32,calibrated_0.05,4,1.001,2.10655969644e-07,0.0473781501601,5.79552962367e-09,0.0500034198009,0.0902669104838,0.05553598359,4.01412998554e-07,2.42616473586e-07,4.44695621466e-06
val-math500,4d583c75654016e6,answer32,calibrated_0.05,4,1.05,2.10655969644e-07,0.0473781501601,5.79547669869e-09,0.0500034198009,0.0902669099428,0.0555359833756,4.21061158488e-07,2.54504054129e-07,4.66462360077e-06
val-math500,4d583c75654016e6,answer32,calibrated_0.05,4,2.0,2.10655969644e-07,0.0473781501601,5.77035133673e-09,0.0500034198009,0.0902668994945,0.055535979233,8.01992949949e-07,4.8499277373e-07,8.88468480074e-06
val-math500,4d583c75654016e6,answer32,calibrated_0.05,8,1.001,7.59653896412e-08,0.0473781501359,5.79552962367e-09,0.0500034198009,0.0902669104838,0.05553598359,1.4508099648e-07,8.4697274951e-08,1.60724451189e-06
val-math500,4d583c75654016e6,answer32,calibrated_0.05,8,1.05,7.59653896412e-08,0.0473781501359,5.79547669869e-09,0.0500034198009,0.0902669099428,0.0555359833756,1.52181548498e-07,8.88534124059e-08,1.6859062595e-06
val-math500,4d583c75654016e6,answer32,calibrated_0.05,8,2.0,7.59653896412e-08,0.0473781501359,5.77035133673e-09,0.0500034198009,0.0902668994945,0.055535979233,2.89843389861e-07,1.69446577686e-07,3.21095984778e-06
val-math500,4d583c75654016e6,answer32,calibrated_0.05,32,1.001,6.58958309209e-09,0.0472792085891,5.79552962367e-09,0.0500034198009,0.0902669104838,0.05553598359,1.26052657816e-08,7.35941066106e-09,1.39644369283e-07
val-math500,4d583c75654016e6,answer32,calibrated_0.05,32,1.05,6.58958309209e-09,0.0472792085891,5.79547669869e-09,0.0500034198009,0.0902669099428,0.0555359833756,1.322215678e-08,7.72081986133e-09,1.46478446957e-07
val-math500,4d583c75654016e6,answer32,calibrated_0.05,32,2.0,6.58958309209e-09,0.0472792085891,5.77035133673e-09,0.0500034198009,0.0902668994945,0.055535979233,2.51803647477e-08,1.47425487247e-08,2.78954576801e-07
val-math500,4d583c75654016e6,answer32,calibrated_0.05,128,1.001,1.12442923669e-09,0.0472631449185,5.79552962367e-09,0.0500034198009,0.0902669104838,0.05553598359,2.15057282357e-09,1.26195191968e-09,2.38245976521e-08
val-math500,4d583c75654016e6,answer32,calibrated_0.05,128,1.05,1.12442923669e-09,0.0472631449185,5.79547669869e-09,0.0500034198009,0.0902669099428,0.0555359833756,2.25576324896e-09,1.32436330561e-09,2.49899243298e-08
val-math500,4d583c75654016e6,answer32,calibrated_0.05,128,2.0,1.12442923669e-09,0.0472631449185,5.77035133673e-09,0.0500034198009,0.0902668994945,0.055535979233,4.29484237451e-09,2.53691810914e-09,4.75793718247e-08
val-math500,4d583c75654016e6,answer64,real_base_to_step8,1,1.001,0.0003323712911,0.000328891651365,1.09834391183e-05,8.01264989611e-06,1.01895900503e-06,6.25228829556e-07,1.01895928167e-06,6.25229054841e-07,1.00000027149
val-math500,4d583c75654016e6,answer64,real_base_to_step8,1,1.05,0.0003323712911,0.000328891651365,3.28388948555e-06,8.01264989611e-06,5.27188087852e-08,3.71168244399e-08,5.27190854308e-08,3.71170207781e-08,1.00000524757
val-math500,4d583c75654016e6,answer64,real_base_to_step8,1,2.0,0.0003323712911,0.000328891651365,0,8.01264989611e-06,2.76647528093e-13,2.76556568294e-13,0,0,
val-math500,4d583c75654016e6,answer64,real_base_to_step8,4,1.001,4.9392679115e-06,5.13660989115e-06,1.09834391183e-05,8.01264989611e-06,1.01895900503e-06,6.25228829556e-07,1.15178353551e-07,6.55245050929e-08,0.113035316419
val-math500,4d583c75654016e6,answer64,real_base_to_step8,4,1.05,4.9392679115e-06,5.13660989115e-06,3.28388948555e-06,8.01264989611e-06,5.27188087852e-08,3.71168244399e-08,5.27190854308e-08,3.71170207781e-08,1.00000524757
val-math500,4d583c75654016e6,answer64,real_base_to_step8,4,2.0,4.9392679115e-06,5.13660989115e-06,0,8.01264989611e-06,2.76647528093e-13,2.76556568294e-13,0,0,
val-math500,4d583c75654016e6,answer64,real_base_to_step8,8,1.001,4.18199068848e-07,4.24799326009e-07,1.09834391183e-05,8.01264989611e-06,1.01895900503e-06,6.25228829556e-07,7.52446397357e-09,2.27726802343e-09,0.00738446192284
val-math500,4d583c75654016e6,answer64,real_base_to_step8,8,1.05,4.18199068848e-07,4.24799326009e-07,3.28388948555e-06,8.01264989611e-06,5.27188087852e-08,3.71168244399e-08,4.40666486548e-10,3.00091710148e-10,0.00835880962986
val-math500,4d583c75654016e6,answer64,real_base_to_step8,8,2.0,4.18199068848e-07,4.24799326009e-07,0,8.01264989611e-06,2.76647528093e-13,2.76556568294e-13,0,0,
val-math500,4d583c75654016e6,answer64,real_base_to_step8,32,1.001,1.33569436158e-07,1.35561694129e-07,1.09834391183e-05,8.01264989611e-06,1.01895900503e-06,6.25228829556e-07,1.95983231354e-09,3.51803797065e-10,0.0019233671854
val-math500,4d583c75654016e6,answer64,real_base_to_step8,32,1.05,1.33569436158e-07,1.35561694129e-07,3.28388948555e-06,8.01264989611e-06,5.27188087852e-08,3.71168244399e-08,3.37830695287e-11,2.09008340329e-11,0.000640816253386
val-math500,4d583c75654016e6,answer64,real_base_to_step8,32,2.0,1.33569436158e-07,1.35561694129e-07,0,8.01264989611e-06,2.76647528093e-13,2.76556568294e-13,0,0,
val-math500,4d583c75654016e6,answer64,real_base_to_step8,128,1.001,4.96000828347e-08,5.01878708102e-08,1.09834391183e-05,8.01264989611e-06,1.01895900503e-06,6.25228829556e-07,6.59196955026e-10,1.26672745323e-10,0.000646931772302
val-math500,4d583c75654016e6,answer64,real_base_to_step8,128,1.05,4.96000828347e-08,5.01878708102e-08,3.28388948555e-06,8.01264989611e-06,5.27188087852e-08,3.71168244399e-08,5.65190813492e-12,3.03772152876e-12,0.000107208570625
val-math500,4d583c75654016e6,answer64,real_base_to_step8,128,2.0,4.96000828347e-08,5.01878708102e-08,0,8.01264989611e-06,2.76647528093e-13,2.76556568294e-13,0,0,
val-math500,4d583c75654016e6,answer64,calibrated_0.016,1,1.001,0.0003323712911,0.0155495632123,2.33776008914e-05,0.0160001551065,0.030467673815,0.0196950283328,0.000620257032842,0.000363341546313,0.0203578729577
val-math500,4d583c75654016e6,answer64,calibrated_0.016,1,1.05,0.0003323712911,0.0155495632123,2.33728482183e-05,0.0160001551065,0.0304654186796,0.019693777008,0.000650540508511,0.000382517870073,0.0213534077884
val-math500,4d583c75654016e6,answer64,calibrated_0.016,1,2.0,0.0003323712911,0.0155495632123,2.33163819655e-05,0.0160001551065,0.0304217434218,0.0196695364804,0.00123766838928,0.000757078395644,0.0406836772014
val-math500,4d583c75654016e6,answer64,calibrated_0.016,4,1.001,4.9392679115e-06,0.00276378226875,2.33776008914e-05,0.0160001551065,0.030467673815,0.0196950283328,8.36685074053e-06,4.59755180426e-06,0.000274614031624
val-math500,4d583c75654016e6,answer64,calibrated_0.016,4,1.05,4.9392679115e-06,0.00276378226875,2.33728482183e-05,0.0160001551065,0.0304654186796,0.019693777008,8.77639047571e-06,4.82297656095e-06,0.000288077133224
val-math500,4d583c75654016e6,answer64,calibrated_0.016,4,2.0,4.9392679115e-06,0.00276378226875,2.33163819655e-05,0.0160001551065,0.0304217434218,0.0196695364804,1.67163323308e-05,9.19642329839e-06,0.000549486336105
val-math500,4d583c75654016e6,answer64,calibrated_0.016,8,1.001,4.18199068848e-07,0.00235086849941,2.33776008914e-05,0.0160001551065,0.030467673815,0.0196950283328,8.04905272267e-07,3.96212465321e-07,2.64183369283e-05
val-math500,4d583c75654016e6,answer64,calibrated_0.016,8,1.05,4.18199068848e-07,0.00235086849941,2.33728482183e-05,0.0160001551065,0.0304654186796,0.019693777008,8.44299209061e-07,4.16484653693e-07,2.77133630737e-05
val-math500,4d583c75654016e6,answer64,calibrated_0.016,8,2.0,4.18199068848e-07,0.00235086849941,2.33163819655e-05,0.0160001551065,0.0304217434218,0.0196695364804,1.60794985296e-06,8.22735152976e-07,5.28552828371e-05
val-math500,4d583c75654016e6,answer64,calibrated_0.016,32,1.001,1.33569436158e-07,0.00230834789059,2.33776008914e-05,0.0160001551065,0.030467673815,0.0196950283328,2.5481704982e-07,1.16803126076e-07,8.36352165798e-06
val-math500,4d583c75654016e6,answer64,calibrated_0.016,32,1.05,1.33569436158e-07,0.00230834789059,2.33728482183e-05,0.0160001551065,0.0304654186796,0.019693777008,2.67287483515e-07,1.22847850713e-07,8.77347153261e-06
val-math500,4d583c75654016e6,answer64,calibrated_0.016,32,2.0,1.33569436158e-07,0.00230834789059,2.33163819655e-05,0.0160001551065,0.0304217434218,0.0196695364804,5.09035742877e-07,2.43258069601e-07,1.67326288904e-05
val-math500,4d583c75654016e6,answer64,calibrated_0.016,128,1.001,4.96000828347e-08,0.00014235204263,2.33776008914e-05,0.0160001551065,0.030467673815,0.0196950283328,9.30386328562e-08,2.53491713594e-08,3.05368350144e-06
val-math500,4d583c75654016e6,answer64,calibrated_0.016,128,1.05,4.96000828347e-08,0.00014235204263,2.33728482183e-05,0.0160001551065,0.0304654186796,0.019693777008,9.7592907496e-08,2.67888592067e-08,3.20339951741e-06
val-math500,4d583c75654016e6,answer64,calibrated_0.016,128,2.0,4.96000828347e-08,0.00014235204263,2.33163819655e-05,0.0160001551065,0.0304217434218,0.0196695364804,1.85889634645e-07,5.61170233698e-08,6.1104201711e-06
val-math500,4d583c75654016e6,answer64,calibrated_0.05,1,1.001,0.0003323712911,0.0483720837474,2.33730431512e-05,0.0500002036294,0.0919480809605,0.0561601943491,0.000607954625856,0.000335338225828,0.00661193381641
val-math500,4d583c75654016e6,answer64,calibrated_0.05,1,1.05,0.0003323712911,0.0483720837474,2.33727699917e-05,0.0500002036294,0.0919459011515,0.0561589911215,0.000637527566122,0.000352908703795,0.00693372470266
val-math500,4d583c75654016e6,answer64,calibrated_0.05,1,2.0,0.0003323712911,0.0483720837474,2.33165410301e-05,0.0500002036294,0.0919036825756,0.0561356776559,0.0012108787543,0.000695167110262,0.0131755194173
val-math500,4d583c75654016e6,answer64,calibrated_0.05,4,1.001,4.9392679115e-06,0.0161932861629,2.33730431512e-05,0.0500002036294,0.0919480809605,0.0561601943491,9.27874968483e-06,4.87182077405e-06,0.000100912923771
val-math500,4d583c75654016e6,answer64,calibrated_0.05,4,1.05,4.9392679115e-06,0.0161932861629,2.33727699917e-05,0.0500002036294,0.0919459011515,0.0561589911215,9.73280751035e-06,5.11057403255e-06,0.000105853631195
val-math500,4d583c75654016e6,answer64,calibrated_0.05,4,2.0,4.9392679115e-06,0.0161932861629,2.33165410301e-05,0.0500002036294,0.0919036825756,0.0561356776559,1.85354180249e-05,9.74133689375e-06,0.000201683082826
val-math500,4d583c75654016e6,answer64,calibrated_0.05,8,1.001,4.18199068848e-07,0.0152811003461,2.33730431512e-05,0.0500002036294,0.0919480809605,0.0561601943491,8.0948309107e-07,3.89778671115e-07,8.8036975064e-06
val-math500,4d583c75654016e6,answer64,calibrated_0.05,8,1.05,4.18199068848e-07,0.0152811003461,2.33727699917e-05,0.0500002036294,0.0919459011515,0.0561589911215,8.49063790965e-07,4.09660558777e-07,9.23438435354e-06
val-math500,4d583c75654016e6,answer64,calibrated_0.05,8,2.0,4.18199068848e-07,0.0152811003461,2.33165410301e-05,0.0500002036294,0.0919036825756,0.0561356776559,1.61589956168e-06,8.04514205237e-07,1.75825333262e-05
val-math500,4d583c75654016e6,answer64,calibrated_0.05,32,1.001,1.33569436158e-07,0.0151475349799,2.33730431512e-05,0.0500002036294,0.0919480809605,0.0561601943491,2.55636431235e-07,1.14579308841e-07,2.78022584664e-06
val-math500,4d583c75654016e6,answer64,calibrated_0.05,32,1.05,1.33569436158e-07,0.0151475349799,2.33727699917e-05,0.0500002036294,0.0919459011515,0.0561589911215,2.68131982901e-07,1.20468164596e-07,2.91619288672e-06
val-math500,4d583c75654016e6,answer64,calibrated_0.05,32,2.0,1.33569436158e-07,0.0151475349799,2.33165410301e-05,0.0500002036294,0.0919036825756,0.0561356776559,5.10238960203e-07,2.37449755697e-07,5.55188808439e-06
val-math500,4d583c75654016e6,answer64,calibrated_0.05,128,1.001,4.96000828347e-08,0.00125452083538,2.33730431512e-05,0.0500002036294,0.0919480809605,0.0561601943491,9.54563329295e-08,2.84123893209e-08,1.0381547057e-06
val-math500,4d583c75654016e6,answer64,calibrated_0.05,128,1.05,4.96000828347e-08,0.00125452083538,2.33727699917e-05,0.0500002036294,0.0919459011515,0.0561589911215,1.0012850717e-07,2.99571550535e-08,1.08899370081e-06
val-math500,4d583c75654016e6,answer64,calibrated_0.05,128,2.0,4.96000828347e-08,0.00125452083538,2.33165410301e-05,0.0500002036294,0.0919036825756,0.0561356776559,1.90708192584e-07,6.09767904787e-08,2.07508760519e-06
val-math500,4d583c75654016e6,answer128,real_base_to_step8,1,1.001,1.5459045145e-07,1.57788177672e-07,1.45264971079e-07,6.44132037785e-09,6.18702314115e-09,4.09641662303e-09,7.66735885303e-10,4.13391497786e-10,0.123926461533
val-math500,4d583c75654016e6,answer128,real_base_to_step8,1,1.05,1.5459045145e-07,1.57788177672e-07,7.70652295223e-18,6.44132037785e-09,3.10196381687e-13,3.1019631308e-13,1.96568272928e-20,1.64307249393e-20,
val-math500,4d583c75654016e6,answer128,real_base_to_step8,1,2.0,1.5459045145e-07,1.57788177672e-07,0,6.44132037785e-09,3.1019636203e-13,3.1019631308e-13,0,0,
val-math500,4d583c75654016e6,answer128,real_base_to_step8,4,1.001,2.0270157503e-08,2.05457372257e-08,1.45264971079e-07,6.44132037785e-09,6.18702314115e-09,4.09641662303e-09,1.02662740278e-10,3.13519472212e-11,0.016593236834
val-math500,4d583c75654016e6,answer128,real_base_to_step8,4,1.05,2.0270157503e-08,2.05457372257e-08,7.70652295223e-18,6.44132037785e-09,3.10196381687e-13,3.1019631308e-13,1.96568272928e-20,1.64307249393e-20,
val-math500,4d583c75654016e6,answer128,real_base_to_step8,4,2.0,2.0270157503e-08,2.05457372257e-08,0,6.44132037785e-09,3.1019636203e-13,3.1019631308e-13,0,0,
val-math500,4d583c75654016e6,answer128,real_base_to_step8,8,1.001,9.20134785291e-09,9.31994579479e-09,1.45264971079e-07,6.44132037785e-09,6.18702314115e-09,4.09641662303e-09,5.44380209972e-11,1.15686849886e-11,0.00879874210186
val-math500,4d583c75654016e6,answer128,real_base_to_step8,8,1.05,9.20134785291e-09,9.31994579479e-09,7.70652295223e-18,6.44132037785e-09,3.10196381687e-13,3.1019631308e-13,1.96568272928e-20,1.64307249393e-20,
val-math500,4d583c75654016e6,answer128,real_base_to_step8,8,2.0,9.20134785291e-09,9.31994579479e-09,0,6.44132037785e-09,3.1019636203e-13,3.1019631308e-13,0,0,
val-math500,4d583c75654016e6,answer128,real_base_to_step8,32,1.001,2.67136697537e-09,2.7188017275e-09,1.45264971079e-07,6.44132037785e-09,6.18702314115e-09,4.09641662303e-09,1.51182070978e-11,1.18629292235e-12,0.00244353492025
val-math500,4d583c75654016e6,answer128,real_base_to_step8,32,1.05,2.67136697537e-09,2.7188017275e-09,7.70652295223e-18,6.44132037785e-09,3.10196381687e-13,3.1019631308e-13,1.96568272928e-20,1.64307249393e-20,
val-math500,4d583c75654016e6,answer128,real_base_to_step8,32,2.0,2.67136697537e-09,2.7188017275e-09,0,6.44132037785e-09,3.1019636203e-13,3.1019631308e-13,0,0,
val-math500,4d583c75654016e6,answer128,real_base_to_step8,128,1.001,1.58210879926e-09,1.61237165951e-09,1.45264971079e-07,6.44132037785e-09,6.18702314115e-09,4.09641662303e-09,7.95198175382e-12,2.63754863756e-13,0.00128526782144
val-math500,4d583c75654016e6,answer128,real_base_to_step8,128,1.05,1.58210879926e-09,1.61237165951e-09,7.70652295223e-18,6.44132037785e-09,3.10196381687e-13,3.1019631308e-13,1.96568272928e-20,1.64307249393e-20,
val-math500,4d583c75654016e6,answer128,real_base_to_step8,128,2.0,1.58210879926e-09,1.61237165951e-09,0,6.44132037785e-09,3.1019636203e-13,3.1019631308e-13,0,0,
val-math500,4d583c75654016e6,answer128,calibrated_0.016,1,1.001,1.5459045145e-07,0.0158724450639,1.46574574308e-07,0.0160007491271,0.0312407314208,0.0181167477679,2.90848835175e-07,1.4619380417e-07,9.30992399817e-06
val-math500,4d583c75654016e6,answer128,calibrated_0.016,1,1.05,1.5459045145e-07,0.0158724450639,1.46571446762e-07,0.0160007491271,0.0312407172847,0.0181167416091,3.05085501422e-07,1.53351147202e-07,9.76563689756e-06
val-math500,4d583c75654016e6,answer128,calibrated_0.016,1,2.0,1.5459045145e-07,0.0158724450639,1.46385540797e-07,0.0160007491271,0.0312404435082,0.0181166223255,5.81098133459e-07,2.92122971369e-07,1.8600828548e-05
val-math500,4d583c75654016e6,answer128,calibrated_0.016,4,1.001,2.0270157503e-08,0.0153826236153,1.46574574308e-07,0.0160007491271,0.0312407314208,0.0181167477679,3.60167018572e-08,1.34904449609e-08,1.15287639627e-06
val-math500,4d583c75654016e6,answer128,calibrated_0.016,4,1.05,2.0270157503e-08,0.0153826236153,1.46571446762e-07,0.0160007491271,0.0312407172847,0.0181167416091,3.77790719362e-08,1.41628775416e-08,1.20928951765e-06
val-math500,4d583c75654016e6,answer128,calibrated_0.016,4,2.0,2.0270157503e-08,0.0153826236153,1.46385540797e-07,0.0160007491271,0.0312404435082,0.0181166223255,7.19431334139e-08,2.72815469114e-08,2.30288450915e-06
val-math500,4d583c75654016e6,answer128,calibrated_0.016,8,1.001,9.20134785291e-09,0.0062957623889,1.46574574308e-07,0.0160007491271,0.0312407314208,0.0181167477679,1.73499789823e-08,4.63238095847e-09,5.55364045375e-07
val-math500,4d583c75654016e6,answer128,calibrated_0.016,8,1.05,9.20134785291e-09,0.0062957623889,1.46571446762e-07,0.0160007491271,0.0312407172847,0.0181167416091,1.81990750826e-08,4.86635652874e-09,5.82543445363e-07
val-math500,4d583c75654016e6,answer128,calibrated_0.016,8,2.0,9.20134785291e-09,0.0062957623889,1.46385540797e-07,0.0160007491271,0.0312404435082,0.0181166223255,3.46593703456e-08,9.47535615737e-09,1.10943912613e-06
val-math500,4d583c75654016e6,answer128,calibrated_0.016,32,1.001,2.67136697537e-09,0.00368709910959,1.46574574308e-07,0.0160007491271,0.0312407314208,0.0181167477679,5.01361055794e-09,8.60378112023e-10,1.60483136275e-07
val-math500,4d583c75654016e6,answer128,calibrated_0.016,32,1.05,2.67136697537e-09,0.00368709910959,1.46571446762e-07,0.0160007491271,0.0312407172847,0.0181167416091,5.2589886369e-09,9.03568032958e-10,1.68337640554e-07
val-math500,4d583c75654016e6,answer128,calibrated_0.016,32,2.0,2.67136697537e-09,0.00368709910959,1.46385540797e-07,0.0160007491271,0.0312404435082,0.0181166223255,1.00160887551e-08,1.75441658107e-09,3.20612886064e-07
val-math500,4d583c75654016e6,answer128,calibrated_0.016,128,1.001,1.58210879926e-09,0.00260401084972,1.46574574308e-07,0.0160007491271,0.0312407314208,0.0181167477679,2.98961637388e-09,4.13511769668e-10,9.56961069066e-08
val-math500,4d583c75654016e6,answer128,calibrated_0.016,128,1.05,1.58210879926e-09,0.00260401084972,1.46571446762e-07,0.0160007491271,0.0312407172847,0.0181167416091,3.13595318977e-09,4.34012711406e-10,1.00380319735e-07
val-math500,4d583c75654016e6,answer128,calibrated_0.016,128,2.0,1.58210879926e-09,0.00260401084972,1.46385540797e-07,0.0160007491271,0.0312404435082,0.0181166223255,5.97296768225e-09,8.37385033287e-10,1.91193434263e-07
val-math500,4d583c75654016e6,answer128,calibrated_0.05,1,1.001,1.5459045145e-07,0.0487704138208,1.46573131327e-07,0.0500008882335,0.0927834412842,0.0531537465198,2.95815363709e-07,1.44219922909e-07,3.18823444803e-06
val-math500,4d583c75654016e6,answer128,calibrated_0.05,1,1.05,1.5459045145e-07,0.0487704138208,1.46570995372e-07,0.0500008882335,0.0927834276212,0.0531537405843,3.10294029194e-07,1.51280245109e-07,3.34428288703e-06
val-math500,4d583c75654016e6,answer128,calibrated_0.05,1,2.0,1.5459045145e-07,0.0487704138208,1.46386378877e-07,0.0500008882335,0.092783163019,0.0531536256303,5.90988926593e-07,2.88169163855e-07,6.36957080749e-06
val-math500,4d583c75654016e6,answer128,calibrated_0.05,4,1.001,2.0270157503e-08,0.0478599301546,1.46573131327e-07,0.0500008882335,0.0927834412842,0.0531537465198,3.58135821873e-08,1.2725839313e-08,3.85991095949e-07
val-math500,4d583c75654016e6,answer128,calibrated_0.05,4,1.05,2.0270157503e-08,0.0478599301546,1.46570995372e-07,0.0500008882335,0.0927834276212,0.0531537405843,3.75648965494e-08,1.3358649811e-08,4.04866445576e-07
val-math500,4d583c75654016e6,answer128,calibrated_0.05,4,2.0,2.0270157503e-08,0.0478599301546,1.46386378877e-07,0.0500008882335,0.092783163019,0.0531536256303,7.1505095616e-08,2.57072043902e-08,7.7066887234e-07
val-math500,4d583c75654016e6,answer128,calibrated_0.05,8,1.001,9.20134785291e-09,0.0216871059992,1.46573131327e-07,0.0500008882335,0.0927834412842,0.0531537465198,1.74429966313e-08,4.37629557048e-09,1.87996870885e-07
val-math500,4d583c75654016e6,answer128,calibrated_0.05,8,1.05,9.20134785291e-09,0.0216871059992,1.46570995372e-07,0.0500008882335,0.0927834276212,0.0531537405843,1.82962327526e-08,4.59684084399e-09,1.9719289556e-07
val-math500,4d583c75654016e6,answer128,calibrated_0.05,8,2.0,9.20134785291e-09,0.0216871059992,1.46386378877e-07,0.0500008882335,0.092783163019,0.0531536256303,3.48322933764e-08,8.94444350364e-09,3.75416101833e-07
val-math500,4d583c75654016e6,answer128,calibrated_0.05,32,1.001,2.67136697537e-09,0.0137473253854,1.46573131327e-07,0.0500008882335,0.0927834412842,0.0531537465198,5.06105603174e-09,8.65684712484e-10,5.45469747801e-08
val-math500,4d583c75654016e6,answer128,calibrated_0.05,32,1.05,2.67136697537e-09,0.0137473253854,1.46570995372e-07,0.0500008882335,0.0927834276212,0.0531537405843,5.30864844334e-09,9.09030694429e-10,5.72154810341e-08
val-math500,4d583c75654016e6,answer128,calibrated_0.05,32,2.0,2.67136697537e-09,0.0137473253854,1.46386378877e-07,0.0500008882335,0.092783163019,0.0531536256303,1.01080110409e-08,1.76144570136e-09,1.08942298495e-07
val-math500,4d583c75654016e6,answer128,calibrated_0.05,128,1.001,1.58210879926e-09,0.00995726227659,1.46573131327e-07,0.0500008882335,0.0927834412842,0.0531537465198,3.02209109567e-09,4.31021489165e-10,3.25714486749e-08
val-math500,4d583c75654016e6,answer128,calibrated_0.05,128,1.05,1.58210879926e-09,0.00995726227659,1.46570995372e-07,0.0500008882335,0.0927834276212,0.0531537405843,3.16999505867e-09,4.52350804749e-10,3.4165530849e-08
val-math500,4d583c75654016e6,answer128,calibrated_0.05,128,2.0,1.58210879926e-09,0.00995726227659,1.46386378877e-07,0.0500008882335,0.092783163019,0.0531536256303,6.03706320029e-09,8.70972536633e-10,6.50663655329e-08
val-math500,4d583c75654016e6,answer256,real_base_to_step8,1,1.001,0.283891868441,0.287326759167,0.27884561465,0.00696999721208,0.00461307805809,0.00305934865907,0.000465588295029,0.000166749336246,0.100927903054
val-math500,4d583c75654016e6,answer256,real_base_to_step8,1,1.05,0.283891868441,0.287326759167,0.000478756311533,0.00696999721208,6.91539349317e-06,4.33184688114e-06,6.9153934991e-06,4.33184688384e-06,1.00000000086
val-math500,4d583c75654016e6,answer256,real_base_to_step8,1,2.0,0.283891868441,0.287326759167,0,0.00696999721208,5.93448435942e-15,4.47834248824e-15,0,0,
val-math500,4d583c75654016e6,answer256,real_base_to_step8,4,1.001,0.0154475712833,0.0156189581219,0.27884561465,0.00696999721208,0.00461307805809,0.00305934865907,0.000238926766356,7.28498660134e-05,0.0517933499817
val-math500,4d583c75654016e6,answer256,real_base_to_step8,4,1.05,0.0154475712833,0.0156189581219,0.000478756311533,0.00696999721208,6.91539349317e-06,4.33184688114e-06,6.9153934991e-06,4.33184688384e-06,1.00000000086
val-math500,4d583c75654016e6,answer256,real_base_to_step8,4,2.0,0.0154475712833,0.0156189581219,0,0.00696999721208,5.93448435942e-15,4.47834248824e-15,0,0,
val-math500,4d583c75654016e6,answer256,real_base_to_step8,8,1.001,0.00682596164743,0.00693701907917,0.27884561465,0.00696999721208,0.00461307805809,0.00305934865907,9.49916252314e-05,2.92085452916e-05,0.020591809641
val-math500,4d583c75654016e6,answer256,real_base_to_step8,8,1.05,0.00682596164743,0.00693701907917,0.000478756311533,0.00696999721208,6.91539349317e-06,4.33184688114e-06,6.9153934991e-06,4.33184688384e-06,1.00000000086
val-math500,4d583c75654016e6,answer256,real_base_to_step8,8,2.0,0.00682596164743,0.00693701907917,0,0.00696999721208,5.93448435942e-15,4.47834248824e-15,0,0,
val-math500,4d583c75654016e6,answer256,real_base_to_step8,32,1.001,0.000545347482755,0.000554134674781,0.27884561465,0.00696999721208,0.00461307805809,0.00305934865907,8.33198019935e-06,2.07522566479e-06,0.00180616501486
val-math500,4d583c75654016e6,answer256,real_base_to_step8,32,1.05,0.000545347482755,0.000554134674781,0.000478756311533,0.00696999721208,6.91539349317e-06,4.33184688114e-06,7.65096769303e-09,3.90483104249e-09,0.00110636765653
val-math500,4d583c75654016e6,answer256,real_base_to_step8,32,2.0,0.000545347482755,0.000554134674781,0,0.00696999721208,5.93448435942e-15,4.47834248824e-15,0,0,
val-math500,4d583c75654016e6,answer256,real_base_to_step8,128,1.001,4.50571522835e-05,4.57876209597e-05,0.27884561465,0.00696999721208,0.00461307805809,0.00305934865907,3.86924703998e-07,3.36861661607e-08,8.38756030411e-05
val-math500,4d583c75654016e6,answer256,real_base_to_step8,128,1.05,4.50571522835e-05,4.57876209597e-05,0.000478756311533,0.00696999721208,6.91539349317e-06,4.33184688114e-06,6.15125674592e-09,3.42486409982e-09,0.000889502058271
val-math500,4d583c75654016e6,answer256,real_base_to_step8,128,2.0,4.50571522835e-05,4.57876209597e-05,0,0.00696999721208,5.93448435942e-15,4.47834248824e-15,0,0,
val-math500,4d583c75654016e6,answer256,calibrated_0.016,1,1.001,0.283891868441,0.291140575169,0.259624881489,0.0159994278071,0.0113921378102,0.0075473271776,0.00232897033225,0.00108696484269,0.204436636131
val-math500,4d583c75654016e6,answer256,calibrated_0.016,1,1.05,0.283891868441,0.291140575169,0.0074715109001,0.0159994278071,0.000268045940294,0.000118224507437,0.000268045940313,0.00011822450745,1.00000000007
val-math500,4d583c75654016e6,answer256,calibrated_0.016,1,2.0,0.283891868441,0.291140575169,0,0.0159994278071,1.95767543817e-14,1.4753339187e-14,0,0,
val-math500,4d583c75654016e6,answer256,calibrated_0.016,4,1.001,0.0154475712833,0.0160303116937,0.259624881489,0.0159994278071,0.0113921378102,0.0075473271776,0.000446883489889,0.000134233643574,0.0392273598981
val-math500,4d583c75654016e6,answer256,calibrated_0.016,4,1.05,0.0154475712833,0.0160303116937,0.0074715109001,0.0159994278071,0.000268045940294,0.000118224507437,0.000268045940313,0.00011822450745,1.00000000007
val-math500,4d583c75654016e6,answer256,calibrated_0.016,4,2.0,0.0154475712833,0.0160303116937,0,0.0159994278071,1.95767543817e-14,1.4753339187e-14,0,0,
val-math500,4d583c75654016e6,answer256,calibrated_0.016,8,1.001,0.00682596164743,0.00713410838704,0.259624881489,0.0159994278071,0.0113921378102,0.0075473271776,0.000208313847005,5.78925335794e-05,0.0182857555338
val-math500,4d583c75654016e6,answer256,calibrated_0.016,8,1.05,0.00682596164743,0.00713410838704,0.0074715109001,0.0159994278071,0.000268045940294,0.000118224507437,0.000180152700727,8.08958893091e-05,0.672096359787
val-math500,4d583c75654016e6,answer256,calibrated_0.016,8,2.0,0.00682596164743,0.00713410838704,0,0.0159994278071,1.95767543817e-14,1.4753339187e-14,0,0,
val-math500,4d583c75654016e6,answer256,calibrated_0.016,32,1.001,0.000545347482755,0.000562926814507,0.259624881489,0.0159994278071,0.0113921378102,0.0075473271776,2.46807154e-05,6.25021988673e-06,0.00216646917472
val-math500,4d583c75654016e6,answer256,calibrated_0.016,32,1.05,0.000545347482755,0.000562926814507,0.0074715109001,0.0159994278071,0.000268045940294,0.000118224507437,1.65071455323e-05,6.98113641174e-06,0.06158327007
val-math500,4d583c75654016e6,answer256,calibrated_0.016,32,2.0,0.000545347482755,0.000562926814507,0,0.0159994278071,1.95767543817e-14,1.4753339187e-14,0,0,
val-math500,4d583c75654016e6,answer256,calibrated_0.016,128,1.001,4.50571522835e-05,4.67238093e-05,0.259624881489,0.0159994278071,0.0113921378102,0.0075473271776,1.79012039762e-06,2.52249950598e-07,0.000157136476704
val-math500,4d583c75654016e6,answer256,calibrated_0.016,128,1.05,4.50571522835e-05,4.67238093e-05,0.0074715109001,0.0159994278071,0.000268045940294,0.000118224507437,1.31861606375e-06,5.0500960114e-07,0.00491936592028
val-math500,4d583c75654016e6,answer256,calibrated_0.016,128,2.0,4.50571522835e-05,4.67238093e-05,0,0.0159994278071,1.95767543817e-14,1.4753339187e-14,0,0,
val-math500,4d583c75654016e6,answer256,calibrated_0.05,1,1.001,0.283891868441,0.306877936003,0.259624905043,0.0500002837263,0.0358814618146,0.023743702889,0.0067027170581,0.00305093389228,0.186801671926
val-math500,4d583c75654016e6,answer256,calibrated_0.05,1,1.05,0.283891868441,0.306877936003,0.259195035457,0.0500002837263,0.0177127498027,0.0113747715915,0.00641571995262,0.00329481978243,0.36220914449
val-math500,4d583c75654016e6,answer256,calibrated_0.05,1,2.0,0.283891868441,0.306877936003,9.86027726268e-14,0.0500002837263,2.42065003001e-14,1.64893515777e-14,4.51512162626e-15,2.81786875145e-15,
val-math500,4d583c75654016e6,answer256,calibrated_0.05,4,1.001,0.0154475712833,0.0173778600206,0.259624905043,0.0500002837263,0.0358814618146,0.023743702889,0.00136311057982,0.000406237529415,0.0379892710857
val-math500,4d583c75654016e6,answer256,calibrated_0.05,4,1.05,0.0154475712833,0.0173778600206,0.259195035457,0.0500002837263,0.0177127498027,0.0113747715915,0.00142625203706,0.0004422220803,0.0805212094644
val-math500,4d583c75654016e6,answer256,calibrated_0.05,4,2.0,0.0154475712833,0.0173778600206,9.86027726268e-14,0.0500002837263,2.42065003001e-14,1.64893515777e-14,4.51512162626e-15,2.81786875145e-15,
val-math500,4d583c75654016e6,answer256,calibrated_0.05,8,1.001,0.00682596164743,0.00785603478728,0.259624905043,0.0500002837263,0.0358814618146,0.023743702889,0.000632976441329,0.000179409529957,0.0176407651561
val-math500,4d583c75654016e6,answer256,calibrated_0.05,8,1.05,0.00682596164743,0.00785603478728,0.259195035457,0.0500002837263,0.0177127498027,0.0113747715915,0.00066332726656,0.000200648907581,0.0374491410959
val-math500,4d583c75654016e6,answer256,calibrated_0.05,8,2.0,0.00682596164743,0.00785603478728,9.86027726268e-14,0.0500002837263,2.42065003001e-14,1.64893515777e-14,4.51512162626e-15,2.81786875145e-15,
val-math500,4d583c75654016e6,answer256,calibrated_0.05,32,1.001,0.000545347482755,0.000606802277511,0.259624905043,0.0500002837263,0.0358814618146,0.023743702889,7.5446650058e-05,1.89217029492e-05,0.00210266377796
val-math500,4d583c75654016e6,answer256,calibrated_0.05,32,1.05,0.000545347482755,0.000606802277511,0.259195035457,0.0500002837263,0.0177127498027,0.0113747715915,7.91334825416e-05,2.43128876667e-05,0.00446760008597
val-math500,4d583c75654016e6,answer256,calibrated_0.05,32,2.0,0.000545347482755,0.000606802277511,9.86027726268e-14,0.0500002837263,2.42065003001e-14,1.64893515777e-14,4.51512162626e-15,2.81786875145e-15,
val-math500,4d583c75654016e6,answer256,calibrated_0.05,128,1.001,4.50571522835e-05,5.07250967976e-05,0.259624905043,0.0500002837263,0.0358814618146,0.023743702889,5.52927811616e-06,7.49839577009e-07,0.00015409846301
val-math500,4d583c75654016e6,answer256,calibrated_0.05,128,1.05,4.50571522835e-05,5.07250967976e-05,0.259195035457,0.0500002837263,0.0177127498027,0.0113747715915,5.79990426821e-06,1.24810613198e-06,0.00032744234141
val-math500,4d583c75654016e6,answer256,calibrated_0.05,128,2.0,4.50571522835e-05,5.07250967976e-05,9.86027726268e-14,0.0500002837263,2.42065003001e-14,1.64893515777e-14,4.51512162626e-15,2.81786875145e-15,
val-math500,18e30e5387968366,prompt,real_base_to_step8,1,1.001,0.000474967374389,0.000470882969911,6.88546025133e-05,9.57784710876e-06,1.22381177259e-06,6.2194260531e-07,1.22381177415e-06,6.21942606838e-07,1.00000000127
val-math500,18e30e5387968366,prompt,real_base_to_step8,1,1.05,0.000474967374389,0.000470882969911,1.88205118106e-10,9.57784710876e-06,1.24250269157e-12,7.20061670376e-13,1.24405772886e-12,7.21400791863e-13,1.00125153636
val-math500,18e30e5387968366,prompt,real_base_to_step8,1,2.0,0.000474967374389,0.000470882969911,0,9.57784710876e-06,1.55503729234e-15,1.55431224437e-15,0,0,
val-math500,18e30e5387968366,prompt,real_base_to_step8,4,1.001,0.000304497568513,0.000301909862613,6.88546025133e-05,9.57784710876e-06,1.22381177259e-06,6.2194260531e-07,1.22381177415e-06,6.21942606838e-07,1.00000000127
val-math500,18e30e5387968366,prompt,real_base_to_step8,4,1.05,0.000304497568513,0.000301909862613,1.88205118106e-10,9.57784710876e-06,1.24250269157e-12,7.20061670376e-13,1.24405772886e-12,7.21400791863e-13,1.00125153636
val-math500,18e30e5387968366,prompt,real_base_to_step8,4,2.0,0.000304497568513,0.000301909862613,0,9.57784710876e-06,1.55503729234e-15,1.55431224437e-15,0,0,
val-math500,18e30e5387968366,prompt,real_base_to_step8,8,1.001,0.000273227161674,0.000271127487355,6.88546025133e-05,9.57784710876e-06,1.22381177259e-06,6.2194260531e-07,1.22381177415e-06,6.21942606838e-07,1.00000000127
val-math500,18e30e5387968366,prompt,real_base_to_step8,8,1.05,0.000273227161674,0.000271127487355,1.88205118106e-10,9.57784710876e-06,1.24250269157e-12,7.20061670376e-13,1.24405772886e-12,7.21400791863e-13,1.00125153636
val-math500,18e30e5387968366,prompt,real_base_to_step8,8,2.0,0.000273227161674,0.000271127487355,0,9.57784710876e-06,1.55503729234e-15,1.55431224437e-15,0,0,
val-math500,18e30e5387968366,prompt,real_base_to_step8,32,1.001,0.000208323597968,0.000206812544406,6.88546025133e-05,9.57784710876e-06,1.22381177259e-06,6.2194260531e-07,8.76497295874e-07,4.38916343945e-07,0.716202700041
val-math500,18e30e5387968366,prompt,real_base_to_step8,32,1.05,0.000208323597968,0.000206812544406,1.88205118106e-10,9.57784710876e-06,1.24250269157e-12,7.20061670376e-13,1.24405772886e-12,7.21400791863e-13,1.00125153636
val-math500,18e30e5387968366,prompt,real_base_to_step8,32,2.0,0.000208323597968,0.000206812544406,0,9.57784710876e-06,1.55503729234e-15,1.55431224437e-15,0,0,
val-math500,18e30e5387968366,prompt,real_base_to_step8,128,1.001,0.000153809863041,0.000152809578845,6.88546025133e-05,9.57784710876e-06,1.22381177259e-06,6.2194260531e-07,7.24226183711e-07,3.62481940382e-07,0.591779062703
val-math500,18e30e5387968366,prompt,real_base_to_step8,128,1.05,0.000153809863041,0.000152809578845,1.88205118106e-10,9.57784710876e-06,1.24250269157e-12,7.20061670376e-13,1.24405772886e-12,7.21400791863e-13,1.00125153636
val-math500,18e30e5387968366,prompt,real_base_to_step8,128,2.0,0.000153809863041,0.000152809578845,0,9.57784710876e-06,1.55503729234e-15,1.55431224437e-15,0,0,
val-math500,18e30e5387968366,prompt,calibrated_0.016,1,1.001,0.000474967374389,0.0155965259316,0.000371395915852,0.0160001031218,0.0298706116767,0.0163512267622,0.000691400877256,0.000229666735043,0.0231465255797
val-math500,18e30e5387968366,prompt,calibrated_0.016,1,1.05,0.000474967374389,0.0155965259316,0.000370609525267,0.0160001031218,0.0298348391668,0.016334802966,0.000725173726753,0.000241289743557,0.024306272365
val-math500,18e30e5387968366,prompt,calibrated_0.016,1,2.0,0.000474967374389,0.0155965259316,0.000241460518895,0.0160001031218,0.0293270308326,0.0160993086372,0.00137744905358,0.000482617907857,0.0469685820377
val-math500,18e30e5387968366,prompt,calibrated_0.016,4,1.001,0.000304497568513,0.0140100457753,0.000371395915852,0.0160001031218,0.0298706116767,0.0163512267622,0.000431561622026,0.000144942528725,0.0144476995214
val-math500,18e30e5387968366,prompt,calibrated_0.016,4,1.05,0.000304497568513,0.0140100457753,0.000370609525267,0.0160001031218,0.0298348391668,0.016334802966,0.000452658397741,0.00015223209925,0.0151721413751
val-math500,18e30e5387968366,prompt,calibrated_0.016,4,2.0,0.000304497568513,0.0140100457753,0.000241460518895,0.0160001031218,0.0293270308326,0.0160993086372,0.000861328954631,0.000298200761959,0.029369797425
val-math500,18e30e5387968366,prompt,calibrated_0.016,8,1.001,0.000273227161674,0.0138104864468,0.000371395915852,0.0160001031218,0.0298706116767,0.0163512267622,0.000385807249748,0.000131650697997,0.0129159474176
val-math500,18e30e5387968366,prompt,calibrated_0.016,8,1.05,0.000273227161674,0.0138104864468,0.000370609525267,0.0160001031218,0.0298348391668,0.016334802966,0.000404664730214,0.0001383099882,0.0135634962854
val-math500,18e30e5387968366,prompt,calibrated_0.016,8,2.0,0.000273227161674,0.0138104864468,0.000241460518895,0.0160001031218,0.0293270308326,0.0160993086372,0.000769976803445,0.000271962629724,0.0262548502724
val-math500,18e30e5387968366,prompt,calibrated_0.016,32,1.001,0.000208323597968,0.00601264925121,0.000371395915852,0.0160001031218,0.0298706116767,0.0163512267622,0.000256662907188,2.14510545515e-05,0.00859248916515
val-math500,18e30e5387968366,prompt,calibrated_0.016,32,1.05,0.000208323597968,0.00601264925121,0.000370609525267,0.0160001031218,0.0298348391668,0.016334802966,0.000269218922892,2.30516185128e-05,0.00902364250692
val-math500,18e30e5387968366,prompt,calibrated_0.016,32,2.0,0.000208323597968,0.00601264925121,0.000241460518895,0.0160001031218,0.0293270308326,0.0160993086372,0.000512540548737,6.49102601508e-05,0.0174767282669
val-math500,18e30e5387968366,prompt,calibrated_0.016,128,1.001,0.000153809863041,0.0047138041106,0.000371395915852,0.0160001031218,0.0298706116767,0.0163512267622,0.000192391383276,1.40435980682e-05,0.00644082502757
val-math500,18e30e5387968366,prompt,calibrated_0.016,128,1.05,0.000153809863041,0.0047138041106,0.000370609525267,0.0160001031218,0.0298348391668,0.016334802966,0.000201804709721,1.52167975015e-05,0.00676406226267
val-math500,18e30e5387968366,prompt,calibrated_0.016,128,2.0,0.000153809863041,0.0047138041106,0.000241460518895,0.0160001031218,0.0293270308326,0.0160993086372,0.000384249823342,4.54508136559e-05,0.0131022409168
val-math500,18e30e5387968366,prompt,calibrated_0.05,1,1.001,0.000474967374389,0.0483981467577,0.000371017570187,0.0499991231504,0.0913194171789,0.0530898527132,0.000757141603738,0.00029815223526,0.00829113486625
val-math500,18e30e5387968366,prompt,calibrated_0.05,1,1.05,0.000474967374389,0.0483981467577,0.000370415098867,0.0499991231504,0.0912849186926,0.0530751572818,0.000793997786585,0.000312991253557,0.00869801713094
val-math500,18e30e5387968366,prompt,calibrated_0.05,1,2.0,0.000474967374389,0.0483981467577,0.000244647909358,0.0499991231504,0.0908002358604,0.0528621774497,0.00150063178331,0.000608111091426,0.016526738825
val-math500,18e30e5387968366,prompt,calibrated_0.05,4,1.001,0.000304497568513,0.0452494305579,0.000371017570187,0.0499991231504,0.0913194171789,0.0530898527132,0.000486294461994,0.000191071434573,0.00532520330305
val-math500,18e30e5387968366,prompt,calibrated_0.05,4,1.05,0.000304497568513,0.0452494305579,0.000370415098867,0.0499991231504,0.0912849186926,0.0530751572818,0.000510013430318,0.000200537964688,0.00558705027755
val-math500,18e30e5387968366,prompt,calibrated_0.05,4,2.0,0.000304497568513,0.0452494305579,0.000244647909358,0.0499991231504,0.0908002358604,0.0528621774497,0.000968900004502,0.000386626363884,0.0106706771774
val-math500,18e30e5387968366,prompt,calibrated_0.05,8,1.001,0.000273227161674,0.0449614557553,0.000371017570187,0.0499991231504,0.0913194171789,0.0530898527132,0.000435072863555,0.000172267878379,0.00476429741884
val-math500,18e30e5387968366,prompt,calibrated_0.05,8,1.05,0.000273227161674,0.0449614557553,0.000370415098867,0.0499991231504,0.0912849186926,0.0530751572818,0.000456285549613,0.000180829593844,0.00499847681466
val-math500,18e30e5387968366,prompt,calibrated_0.05,8,2.0,0.000273227161674,0.0449614557553,0.000244647909358,0.0499991231504,0.0908002358604,0.0528621774497,0.000866675575447,0.000349518752082,0.00954486039859
val-math500,18e30e5387968366,prompt,calibrated_0.05,32,1.001,0.000208323597968,0.0143831734317,0.000371017570187,0.0499991231504,0.0913194171789,0.0530898527132,0.000288922088463,2.51683891981e-05,0.00316386259778
val-math500,18e30e5387968366,prompt,calibrated_0.05,32,1.05,0.000208323597968,0.0143831734317,0.000370415098867,0.0499991231504,0.0912849186926,0.0530751572818,0.000303046809265,2.68495831508e-05,0.00331979053721
val-math500,18e30e5387968366,prompt,calibrated_0.05,32,2.0,0.000208323597968,0.0143831734317,0.000244647909358,0.0499991231504,0.0908002358604,0.0528621774497,0.000576644336925,6.80433389882e-05,0.00635069206
val-math500,18e30e5387968366,prompt,calibrated_0.05,128,1.001,0.000153809863041,0.0115351990818,0.000371017570187,0.0499991231504,0.0913194171789,0.0530898527132,0.000216553728743,1.64613696665e-05,0.0023713875475
val-math500,18e30e5387968366,prompt,calibrated_0.05,128,1.05,0.000153809863041,0.0115351990818,0.000370415098867,0.0499991231504,0.0912849186926,0.0530751572818,0.000227143726515,1.76626881972e-05,0.00248829412096
val-math500,18e30e5387968366,prompt,calibrated_0.05,128,2.0,0.000153809863041,0.0115351990818,0.000244647909358,0.0499991231504,0.0908002358604,0.0528621774497,0.00043233186413,4.68770869314e-05,0.0047613517744
val-math500,18e30e5387968366,answer16,real_base_to_step8,1,1.001,7.54944219933e-11,7.51165240998e-11,2.89288195201e-11,1.00548496299e-12,1.82932138645e-13,1.19419844382e-13,1.87595075349e-13,1.22935824401e-13,
val-math500,18e30e5387968366,answer16,real_base_to_step8,1,1.05,7.54944219933e-11,7.51165240998e-11,0,1.00548496299e-12,4.66293670377e-15,4.66293670343e-15,0,0,
val-math500,18e30e5387968366,answer16,real_base_to_step8,1,2.0,7.54944219933e-11,7.51165240998e-11,0,1.00548496299e-12,4.66293670377e-15,4.66293670343e-15,0,0,
val-math500,18e30e5387968366,answer16,real_base_to_step8,4,1.001,2.21152179622e-11,2.20533167414e-11,2.89288195201e-11,1.00548496299e-12,1.82932138645e-13,1.19419844382e-13,3.0957195414e-14,2.0730081861e-14,
val-math500,18e30e5387968366,answer16,real_base_to_step8,4,1.05,2.21152179622e-11,2.20533167414e-11,0,1.00548496299e-12,4.66293670377e-15,4.66293670343e-15,0,0,
val-math500,18e30e5387968366,answer16,real_base_to_step8,4,2.0,2.21152179622e-11,2.20533167414e-11,0,1.00548496299e-12,4.66293670377e-15,4.66293670343e-15,0,0,
val-math500,18e30e5387968366,answer16,real_base_to_step8,8,1.001,5.66868401089e-12,5.62665159893e-12,2.89288195201e-11,1.00548496299e-12,1.82932138645e-13,1.19419844382e-13,3.25549975203e-15,1.70353762416e-15,
val-math500,18e30e5387968366,answer16,real_base_to_step8,8,1.05,5.66868401089e-12,5.62665159893e-12,0,1.00548496299e-12,4.66293670377e-15,4.66293670343e-15,0,0,
val-math500,18e30e5387968366,answer16,real_base_to_step8,8,2.0,5.66868401089e-12,5.62665159893e-12,0,1.00548496299e-12,4.66293670377e-15,4.66293670343e-15,0,0,
val-math500,18e30e5387968366,answer16,real_base_to_step8,32,1.001,1.07348234442e-12,1.06423966708e-12,2.89288195201e-11,1.00548496299e-12,1.82932138645e-13,1.19419844382e-13,1.02321693997e-15,4.78236666638e-16,
val-math500,18e30e5387968366,answer16,real_base_to_step8,32,1.05,1.07348234442e-12,1.06423966708e-12,0,1.00548496299e-12,4.66293670377e-15,4.66293670343e-15,0,0,
val-math500,18e30e5387968366,answer16,real_base_to_step8,32,2.0,1.07348234442e-12,1.06423966708e-12,0,1.00548496299e-12,4.66293670377e-15,4.66293670343e-15,0,0,
val-math500,18e30e5387968366,answer16,real_base_to_step8,128,1.001,1.88747275631e-13,1.86531834889e-13,2.89288195201e-11,1.00548496299e-12,1.82932138645e-13,1.19419844382e-13,2.68351615471e-17,7.18011923829e-18,
val-math500,18e30e5387968366,answer16,real_base_to_step8,128,1.05,1.88747275631e-13,1.86531834889e-13,0,1.00548496299e-12,4.66293670377e-15,4.66293670343e-15,0,0,
val-math500,18e30e5387968366,answer16,real_base_to_step8,128,2.0,1.88747275631e-13,1.86531834889e-13,0,1.00548496299e-12,4.66293670377e-15,4.66293670343e-15,0,0,
val-math500,18e30e5387968366,answer16,calibrated_0.016,1,1.001,7.54944219933e-11,0.0158729584713,7.51536658106e-11,0.0160002837479,0.0312420151728,0.019249434475,1.50746698221e-10,6.33716492128e-11,4.82512723289e-09
val-math500,18e30e5387968366,answer16,calibrated_0.016,1,1.05,7.54944219933e-11,0.0158729584713,7.51533972842e-11,0.0160002837479,0.0312420151655,0.0192494344721,1.58125494778e-10,6.64736755372e-11,5.06130907178e-09
val-math500,18e30e5387968366,answer16,calibrated_0.016,1,2.0,7.54944219933e-11,0.0158729584713,7.51421012353e-11,0.0160002837479,0.031242015025,0.0192494344155,3.01185561949e-10,1.26615191353e-10,9.64040128999e-09
val-math500,18e30e5387968366,answer16,calibrated_0.016,4,1.001,2.21152179622e-11,0.0158497310904,7.51536658106e-11,0.0160002837479,0.0312420151728,0.019249434475,4.4180945817e-11,1.89702726767e-11,1.41415160234e-09
val-math500,18e30e5387968366,answer16,calibrated_0.016,4,1.05,2.21152179622e-11,0.0158497310904,7.51533972842e-11,0.0160002837479,0.0312420151655,0.0192494344721,4.63434615622e-11,1.98988158398e-11,1.48336979278e-09
val-math500,18e30e5387968366,answer16,calibrated_0.016,4,2.0,2.21152179622e-11,0.0158497310904,7.51421012353e-11,0.0160002837479,0.031242015025,0.0192494344155,8.82673053442e-11,3.79018720655e-11,2.8252756832e-09
val-math500,18e30e5387968366,answer16,calibrated_0.016,8,1.001,5.66868401089e-12,0.0158444490184,7.51536658106e-11,0.0160002837479,0.0312420151728,0.019249434475,1.1293647676e-11,4.3411585243e-12,3.61489091326e-10
val-math500,18e30e5387968366,answer16,calibrated_0.016,8,1.05,5.66868401089e-12,0.0158444490184,7.51533972842e-11,0.0160002837479,0.0312420151655,0.0192494344721,1.18466320752e-11,4.55363712863e-12,3.79189114801e-10
val-math500,18e30e5387968366,answer16,calibrated_0.016,8,2.0,5.66868401089e-12,0.0158444490184,7.51421012353e-11,0.0160002837479,0.031242015025,0.0192494344155,2.25587465972e-11,8.6759748461e-12,7.22064392426e-10
val-math500,18e30e5387968366,answer16,calibrated_0.016,32,1.001,1.07348234442e-12,0.0158422168686,7.51536658106e-11,0.0160002837479,0.0312420151728,0.019249434475,2.11353863732e-12,7.83692045327e-13,6.76505220817e-11
val-math500,18e30e5387968366,answer16,calibrated_0.016,32,1.05,1.07348234442e-12,0.0158422168686,7.51533972842e-11,0.0160002837479,0.0312420151655,0.0192494344721,2.21704424383e-12,8.22099428914e-13,7.09635480324e-11
val-math500,18e30e5387968366,answer16,calibrated_0.016,32,2.0,1.07348234442e-12,0.0158422168686,7.51421012353e-11,0.0160002837479,0.031242015025,0.0192494344155,4.22159552233e-12,1.56708975845e-12,1.35125583896e-10
val-math500,18e30e5387968366,answer16,calibrated_0.016,128,1.001,1.88747275631e-13,0.00998429714252,7.51536658106e-11,0.0160002837479,0.0312420151728,0.019249434475,3.75782037972e-13,1.87541615274e-13,1.20280985684e-11
val-math500,18e30e5387968366,answer16,calibrated_0.016,128,1.05,1.88747275631e-13,0.00998429714252,7.51533972842e-11,0.0160002837479,0.0312420151655,0.0192494344721,3.94373142327e-13,1.96724858248e-13,1.2623165959e-11
val-math500,18e30e5387968366,answer16,calibrated_0.016,128,2.0,1.88747275631e-13,0.00998429714252,7.51421012353e-11,0.0160002837479,0.031242015025,0.0192494344155,7.50460286012e-13,3.74761717038e-13,2.40208669451e-11
val-math500,18e30e5387968366,answer16,calibrated_0.05,1,1.001,7.54944219933e-11,0.0487677981036,7.51533999725e-11,0.049997080964,0.0927789998,0.0574577150626,1.50880509258e-10,6.40823436367e-11,1.62623556606e-09
val-math500,18e30e5387968366,answer16,calibrated_0.05,1,1.05,7.54944219933e-11,0.0487677981036,7.5152718789e-11,0.049997080964,0.092778999793,0.0574577150599,1.5826531055e-10,6.72189916509e-11,1.70583117843e-09
val-math500,18e30e5387968366,answer16,calibrated_0.05,1,2.0,7.54944219933e-11,0.0487677981036,7.50753692962e-11,0.049997080964,0.0927789996572,0.0574577150065,3.0144193833e-10,1.28031526937e-10,3.24903199478e-09
val-math500,18e30e5387968366,answer16,calibrated_0.05,4,1.001,2.21152179622e-11,0.0487298600229,7.51533999725e-11,0.049997080964,0.0927789998,0.0574577150626,4.41872616431e-11,1.91588296615e-11,4.76263612869e-10
val-math500,18e30e5387968366,answer16,calibrated_0.05,4,1.05,2.21152179622e-11,0.0487298600229,7.5152718789e-11,0.049997080964,0.092778999793,0.0574577150599,4.63495273195e-11,2.00964330328e-11,4.99569163527e-10
val-math500,18e30e5387968366,answer16,calibrated_0.05,4,2.0,2.21152179622e-11,0.0487298600229,7.50753692962e-11,0.049997080964,0.0927789996572,0.0574577150065,8.82685216597e-11,3.82749909443e-11,9.5138470975e-10
val-math500,18e30e5387968366,answer16,calibrated_0.05,8,1.001,5.66868401089e-12,0.0487210009365,7.51533999725e-11,0.049997080964,0.0927789998,0.0574577150626,1.12856057744e-11,4.39155270999e-12,1.21639657668e-10
val-math500,18e30e5387968366,answer16,calibrated_0.05,8,1.05,5.66868401089e-12,0.0487210009365,7.5152718789e-11,0.049997080964,0.092778999793,0.0574577150599,1.18373035763e-11,4.60629917749e-12,1.27586022728e-10
val-math500,18e30e5387968366,answer16,calibrated_0.05,8,2.0,5.66868401089e-12,0.0487210009365,7.50753692962e-11,0.049997080964,0.0927789996572,0.0574577150065,2.2530944689e-11,8.77231153668e-12,2.42845307367e-10
val-math500,18e30e5387968366,answer16,calibrated_0.05,32,1.001,1.07348234442e-12,0.0487170887795,7.51533999725e-11,0.049997080964,0.0927789998,0.0574577150626,2.11390137246e-12,7.93421838814e-13,2.27842655883e-11
val-math500,18e30e5387968366,answer16,calibrated_0.05,32,1.05,1.07348234442e-12,0.0487170887795,7.5152718789e-11,0.049997080964,0.092778999793,0.0574577150599,2.21733282556e-12,8.3227704767e-13,2.38990809397e-11
val-math500,18e30e5387968366,answer16,calibrated_0.05,32,2.0,1.07348234442e-12,0.0487170887795,7.50753692962e-11,0.049997080964,0.0927789996572,0.0574577150065,4.22015702711e-12,1.58575979817e-12,4.54861233976e-11
val-math500,18e30e5387968366,answer16,calibrated_0.05,128,1.001,1.88747275631e-13,0.0317481862621,7.51533999725e-11,0.049997080964,0.0927789998,0.0574577150626,3.75805774113e-13,1.87550595418e-13,4.05054780633e-12
val-math500,18e30e5387968366,answer16,calibrated_0.05,128,1.05,1.88747275631e-13,0.0317481862621,7.5152718789e-11,0.049997080964,0.092778999793,0.0574577150599,3.94275918196e-13,1.96732279042e-13,4.24962458181e-12
val-math500,18e30e5387968366,answer16,calibrated_0.05,128,2.0,1.88747275631e-13,0.0317481862621,7.50753692962e-11,0.049997080964,0.0927789996572,0.0574577150065,7.50126851816e-13,3.74724549197e-13,8.08509312008e-12
val-math500,18e30e5387968366,answer32,real_base_to_step8,1,1.001,0.0594953968907,0.0638722037783,0.0594953578693,0.00861028265367,0.00808311186135,0.0057143108685,3.62971381559e-06,2.14239294629e-06,0.000449049064005
val-math500,18e30e5387968366,answer32,real_base_to_step8,1,1.05,0.0594953968907,0.0638722037783,0.0594449719569,0.00861028265367,0.00262652791402,0.00185702696842,3.7113445009e-06,2.07343928304e-06,0.00141302305645
val-math500,18e30e5387968366,answer32,real_base_to_step8,1,2.0,0.0594953968907,0.0638722037783,0,0.00861028265367,3.13933036095e-13,2.94558494177e-13,0,0,
val-math500,18e30e5387968366,answer32,real_base_to_step8,4,1.001,8.25418266926e-06,8.73218529978e-06,0.0594953578693,0.00861028265367,0.00808311186135,0.0057143108685,3.84847880773e-07,2.02740465096e-07,4.76113515901e-05
val-math500,18e30e5387968366,answer32,real_base_to_step8,4,1.05,8.25418266926e-06,8.73218529978e-06,0.0594449719569,0.00861028265367,0.00262652791402,0.00185702696842,4.03685550305e-07,2.38612167684e-07,0.000153695511154
val-math500,18e30e5387968366,answer32,real_base_to_step8,4,2.0,8.25418266926e-06,8.73218529978e-06,0,0.00861028265367,3.13933036095e-13,2.94558494177e-13,0,0,
val-math500,18e30e5387968366,answer32,real_base_to_step8,8,1.001,1.83605371904e-06,1.89001149159e-06,0.0594953578693,0.00861028265367,0.00808311186135,0.0057143108685,2.24049681225e-08,6.8638357719e-09,2.77182457781e-06
val-math500,18e30e5387968366,answer32,real_base_to_step8,8,1.05,1.83605371904e-06,1.89001149159e-06,0.0594449719569,0.00861028265367,0.00262652791402,0.00185702696842,6.1147459559e-09,3.13088458402e-09,2.32807194748e-06
val-math500,18e30e5387968366,answer32,real_base_to_step8,8,2.0,1.83605371904e-06,1.89001149159e-06,0,0.00861028265367,3.13933036095e-13,2.94558494177e-13,0,0,
val-math500,18e30e5387968366,answer32,real_base_to_step8,32,1.001,5.05897648413e-08,5.2792189442e-08,0.0594953578693,0.00861028265367,0.00808311186135,0.0057143108685,8.41175189811e-10,1.7433518416e-10,1.04065761335e-07
val-math500,18e30e5387968366,answer32,real_base_to_step8,32,1.05,5.05897648413e-08,5.2792189442e-08,0.0594449719569,0.00861028265367,0.00262652791402,0.00185702696842,5.95041779879e-10,2.95164390769e-10,2.26550716139e-07
val-math500,18e30e5387968366,answer32,real_base_to_step8,32,2.0,5.05897648413e-08,5.2792189442e-08,0,0.00861028265367,3.13933036095e-13,2.94558494177e-13,0,0,
val-math500,18e30e5387968366,answer32,real_base_to_step8,128,1.001,4.66745066168e-09,4.89784881335e-09,0.0594953578693,0.00861028265367,0.00808311186135,0.0057143108685,6.40135217239e-11,4.58604149381e-12,7.91941554465e-09
val-math500,18e30e5387968366,answer32,real_base_to_step8,128,1.05,4.66745066168e-09,4.89784881335e-09,0.0594449719569,0.00861028265367,0.00262652791402,0.00185702696842,6.42662916955e-11,3.03260861837e-11,2.44681548414e-08
val-math500,18e30e5387968366,answer32,real_base_to_step8,128,2.0,4.66745066168e-09,4.89784881335e-09,0,0.00861028265367,3.13933036095e-13,2.94558494177e-13,0,0,
val-math500,18e30e5387968366,answer32,calibrated_0.016,1,1.001,0.0594953968907,0.0517758017382,0.940553301345,0.0159999329563,0.000703272215094,0.000482926112807,4.33443374354e-05,2.89053582088e-05,0.0616323757786
val-math500,18e30e5387968366,answer32,calibrated_0.016,1,1.05,0.0594953968907,0.0517758017382,4.86002229085e-05,0.0159999329563,3.85779391936e-05,2.58769150561e-05,3.85779395138e-05,2.58769152714e-05,1.0000000083
val-math500,18e30e5387968366,answer32,calibrated_0.016,1,2.0,0.0594953968907,0.0517758017382,4.32634265581e-13,0.0159999329563,3.20004600843e-13,2.70228290888e-13,7.18930305197e-14,3.70968511479e-14,
val-math500,18e30e5387968366,answer32,calibrated_0.016,4,1.001,8.25418266926e-06,7.6014421246e-06,0.940553301345,0.0159999329563,0.000703272215094,0.000482926112807,1.23045565531e-06,6.67344868766e-07,0.00174961505503
val-math500,18e30e5387968366,answer32,calibrated_0.016,4,1.05,8.25418266926e-06,7.6014421246e-06,4.86002229085e-05,0.0159999329563,3.85779391936e-05,2.58769150561e-05,8.98732825247e-07,4.84051522898e-07,0.0232965483391
val-math500,18e30e5387968366,answer32,calibrated_0.016,4,2.0,8.25418266926e-06,7.6014421246e-06,4.32634265581e-13,0.0159999329563,3.20004600843e-13,2.70228290888e-13,7.18930305197e-14,3.70968511479e-14,
val-math500,18e30e5387968366,answer32,calibrated_0.016,8,1.001,1.83605371904e-06,2.12049197366e-06,0.940553301345,0.0159999329563,0.000703272215094,0.000482926112807,2.36100011999e-07,9.02644603781e-08,0.000335716393925
val-math500,18e30e5387968366,answer32,calibrated_0.016,8,1.05,1.83605371904e-06,2.12049197366e-06,4.86002229085e-05,0.0159999329563,3.85779391936e-05,2.58769150561e-05,2.47657320998e-07,1.03253620076e-07,0.00641966175943
val-math500,18e30e5387968366,answer32,calibrated_0.016,8,2.0,1.83605371904e-06,2.12049197366e-06,4.32634265581e-13,0.0159999329563,3.20004600843e-13,2.70228290888e-13,7.18930305197e-14,3.70968511479e-14,
val-math500,18e30e5387968366,answer32,calibrated_0.016,32,1.001,5.05897648413e-08,4.96335870792e-08,0.940553301345,0.0159999329563,0.000703272215094,0.000482926112807,9.93226989357e-09,4.94163223212e-09,1.41229380038e-05
val-math500,18e30e5387968366,answer32,calibrated_0.016,32,1.05,5.05897648413e-08,4.96335870792e-08,4.86002229085e-05,0.0159999329563,3.85779391936e-05,2.58769150561e-05,8.01423157417e-09,4.00592359048e-09,0.000207741308678
val-math500,18e30e5387968366,answer32,calibrated_0.016,32,2.0,5.05897648413e-08,4.96335870792e-08,4.32634265581e-13,0.0159999329563,3.20004600843e-13,2.70228290888e-13,7.18930305197e-14,3.70968511479e-14,
val-math500,18e30e5387968366,answer32,calibrated_0.016,128,1.001,4.66745066168e-09,4.36319491947e-09,0.940553301345,0.0159999329563,0.000703272215094,0.000482926112807,6.50420852445e-10,3.1166430284e-10,9.24849352051e-07
val-math500,18e30e5387968366,answer32,calibrated_0.016,128,1.05,4.66745066168e-09,4.36319491947e-09,4.86002229085e-05,0.0159999329563,3.85779391936e-05,2.58769150561e-05,5.16462007002e-10,2.47959489337e-10,1.33874960093e-05
val-math500,18e30e5387968366,answer32,calibrated_0.016,128,2.0,4.66745066168e-09,4.36319491947e-09,4.32634265581e-13,0.0159999329563,3.20004600843e-13,2.70228290888e-13,7.18930305197e-14,3.70968511479e-14,
val-math500,18e30e5387968366,answer32,calibrated_0.05,1,1.001,0.0594953968907,0.0372914283486,0.940553301345,0.0499999797121,0.00158767927243,0.00104850989049,0.00024353153452,0.000164976267654,0.153388369269
val-math500,18e30e5387968366,answer32,calibrated_0.05,1,1.05,0.0594953968907,0.0372914283486,4.86978049222e-05,0.0499999797121,0.000238759946477,0.000161923468746,0.000238759946791,0.000161923468961,1.00000000131
val-math500,18e30e5387968366,answer32,calibrated_0.05,1,2.0,0.0594953968907,0.0372914283486,4.19677874828e-05,0.0499999797121,0.000150624769639,0.000104303402471,0.000150624769953,0.000104303402681,1.00000000208
val-math500,18e30e5387968366,answer32,calibrated_0.05,4,1.001,8.25418266926e-06,7.99525621633e-06,0.940553301345,0.0499999797121,0.00158767927243,0.00104850989049,5.26659610427e-06,2.86637179087e-06,0.00331716625374
val-math500,18e30e5387968366,answer32,calibrated_0.05,4,1.05,8.25418266926e-06,7.99525621633e-06,4.86978049222e-05,0.0499999797121,0.000238759946477,0.000161923468746,4.92920966094e-06,2.67943021117e-06,0.0206450442533
val-math500,18e30e5387968366,answer32,calibrated_0.05,4,2.0,8.25418266926e-06,7.99525621633e-06,4.19677874828e-05,0.0499999797121,0.000150624769639,0.000104303402471,7.87348666113e-07,4.48234348228e-07,0.00522721905567
val-math500,18e30e5387968366,answer32,calibrated_0.05,8,1.001,1.83605371904e-06,3.25362774787e-06,0.940553301345,0.0499999797121,0.00158767927243,0.00104850989049,6.80603973713e-07,2.50567654618e-07,0.000428678502977
val-math500,18e30e5387968366,answer32,calibrated_0.05,8,1.05,1.83605371904e-06,3.25362774787e-06,4.86978049222e-05,0.0499999797121,0.000238759946477,0.000161923468746,7.13920218599e-07,2.66644632865e-07,0.00299011718311
val-math500,18e30e5387968366,answer32,calibrated_0.05,8,2.0,1.83605371904e-06,3.25362774787e-06,4.19677874828e-05,0.0499999797121,0.000150624769639,0.000104303402471,7.87348666113e-07,4.48234348228e-07,0.00522721905567
val-math500,18e30e5387968366,answer32,calibrated_0.05,32,1.001,5.05897648413e-08,6.00183745552e-08,0.940553301345,0.0499999797121,0.00158767927243,0.00104850989049,3.47671274902e-08,1.53695976638e-08,2.1898079854e-05
val-math500,18e30e5387968366,answer32,calibrated_0.05,32,1.05,5.05897648413e-08,6.00183745552e-08,4.86978049222e-05,0.0499999797121,0.000238759946477,0.000161923468746,3.64690148385e-08,1.68058135553e-08,0.000152743436982
val-math500,18e30e5387968366,answer32,calibrated_0.05,32,2.0,5.05897648413e-08,6.00183745552e-08,4.19677874828e-05,0.0499999797121,0.000150624769639,0.000104303402471,1.77877157498e-08,9.37094227433e-09,0.000118092899278
val-math500,18e30e5387968366,answer32,calibrated_0.05,128,1.001,4.66745066168e-09,4.80493875296e-09,0.940553301345,0.0499999797121,0.00158767927243,0.00104850989049,3.15520621853e-09,1.49403801633e-09,1.98730705459e-06
val-math500,18e30e5387968366,answer32,calibrated_0.05,128,1.05,4.66745066168e-09,4.80493875296e-09,4.86978049222e-05,0.0499999797121,0.000238759946477,0.000161923468746,3.18677500185e-09,1.55365756384e-09,1.33471926463e-05
val-math500,18e30e5387968366,answer32,calibrated_0.05,128,2.0,4.66745066168e-09,4.80493875296e-09,4.19677874828e-05,0.0499999797121,0.000150624769639,0.000104303402471,1.44596207252e-09,7.15513884525e-10,9.59976288084e-06
val-math500,18e30e5387968366,answer64,real_base_to_step8,1,1.001,0.00702276380036,0.00709764838102,0.00573520592895,0.000159123878634,0.000147362034159,8.88472524047e-05,4.45808961497e-05,2.20011057889e-05,0.302526335254
val-math500,18e30e5387968366,answer64,real_base_to_step8,1,1.05,0.00702276380036,0.00709764838102,5.7270945475e-16,0.000159123878634,7.82813961984e-15,7.77161396434e-15,1.10769116497e-18,1.10769116497e-18,
val-math500,18e30e5387968366,answer64,real_base_to_step8,1,2.0,0.00702276380036,0.00709764838102,0,0.000159123878634,7.82703192868e-15,7.7716138854e-15,0,0,
val-math500,18e30e5387968366,answer64,real_base_to_step8,4,1.001,0.00162034592642,0.00163773916359,0.00573520592895,0.000159123878634,0.000147362034159,8.88472524047e-05,8.74459791739e-06,3.14065014716e-06,0.0593409148245
val-math500,18e30e5387968366,answer64,real_base_to_step8,4,1.05,0.00162034592642,0.00163773916359,5.7270945475e-16,0.000159123878634,7.82813961984e-15,7.77161396434e-15,1.10769116497e-18,1.10769116497e-18,
val-math500,18e30e5387968366,answer64,real_base_to_step8,4,2.0,0.00162034592642,0.00163773916359,0,0.000159123878634,7.82703192868e-15,7.7716138854e-15,0,0,
val-math500,18e30e5387968366,answer64,real_base_to_step8,8,1.001,0.00049633657584,0.000500119556276,0.00573520592895,0.000159123878634,0.000147362034159,8.88472524047e-05,2.89455441625e-06,7.70517483304e-07,0.0196424705507
val-math500,18e30e5387968366,answer64,real_base_to_step8,8,1.05,0.00049633657584,0.000500119556276,5.7270945475e-16,0.000159123878634,7.82813961984e-15,7.77161396434e-15,1.10769116497e-18,1.10769116497e-18,
val-math500,18e30e5387968366,answer64,real_base_to_step8,8,2.0,0.00049633657584,0.000500119556276,0,0.000159123878634,7.82703192868e-15,7.7716138854e-15,0,0,
val-math500,18e30e5387968366,answer64,real_base_to_step8,32,1.001,6.79100528284e-05,6.88132579768e-05,0.00573520592895,0.000159123878634,0.000147362034159,8.88472524047e-05,5.47783289891e-07,1.06539628691e-07,0.00371726200047
val-math500,18e30e5387968366,answer64,real_base_to_step8,32,1.05,6.79100528284e-05,6.88132579768e-05,5.7270945475e-16,0.000159123878634,7.82813961984e-15,7.77161396434e-15,1.10769116497e-18,1.10769116497e-18,
val-math500,18e30e5387968366,answer64,real_base_to_step8,32,2.0,6.79100528284e-05,6.88132579768e-05,0,0.000159123878634,7.82703192868e-15,7.7716138854e-15,0,0,
val-math500,18e30e5387968366,answer64,real_base_to_step8,128,1.001,5.41218704257e-06,5.47354830828e-06,0.00573520592895,0.000159123878634,0.000147362034159,8.88472524047e-05,3.63653112787e-08,3.53373432104e-09,0.000246775307401
val-math500,18e30e5387968366,answer64,real_base_to_step8,128,1.05,5.41218704257e-06,5.47354830828e-06,5.7270945475e-16,0.000159123878634,7.82813961984e-15,7.77161396434e-15,1.10769116497e-18,1.10769116497e-18,
val-math500,18e30e5387968366,answer64,real_base_to_step8,128,2.0,5.41218704257e-06,5.47354830828e-06,0,0.000159123878634,7.82703192868e-15,7.7716138854e-15,0,0,
val-math500,18e30e5387968366,answer64,calibrated_0.016,1,1.001,0.00702276380036,0.0169994581213,0.00701505677775,0.0159999949213,0.0196054748042,0.0110452967746,0.00129992503541,0.000643795363991,0.0663041853557
val-math500,18e30e5387968366,answer64,calibrated_0.016,1,1.05,0.00702276380036,0.0169994581213,0.00693675878633,0.0159999949213,0.0189336853443,0.0106702549186,0.00136353902483,0.000675230766987,0.0720165673
val-math500,18e30e5387968366,answer64,calibrated_0.016,1,2.0,0.00702276380036,0.0169994581213,0.00638111929977,0.0159999949213,0.00657272903476,0.00384812429397,0.00259248826437,0.00131453783989,0.394431027151
val-math500,18e30e5387968366,answer64,calibrated_0.016,4,1.001,0.00162034592642,0.00340034679648,0.00701505677775,0.0159999949213,0.0196054748042,0.0110452967746,0.000436605572203,0.000168597553337,0.0222695740125
val-math500,18e30e5387968366,answer64,calibrated_0.016,4,1.05,0.00162034592642,0.00340034679648,0.00693675878633,0.0159999949213,0.0189336853443,0.0106702549186,0.000457971351618,0.000176587993387,0.0241881780166
val-math500,18e30e5387968366,answer64,calibrated_0.016,4,2.0,0.00162034592642,0.00340034679648,0.00638111929977,0.0159999949213,0.00657272903476,0.00384812429397,0.000870678004432,0.000451209555771,0.132468263917
val-math500,18e30e5387968366,answer64,calibrated_0.016,8,1.001,0.00049633657584,0.00104255713867,0.00701505677775,0.0159999949213,0.0196054748042,0.0110452967746,0.000201802928719,5.7997123481e-05,0.0102931926278
val-math500,18e30e5387968366,answer64,calibrated_0.016,8,1.05,0.00049633657584,0.00104255713867,0.00693675878633,0.0159999949213,0.0189336853443,0.0106702549186,0.000211679666749,6.00718423026e-05,0.0111800562278
val-math500,18e30e5387968366,answer64,calibrated_0.016,8,2.0,0.00049633657584,0.00104255713867,0.00638111929977,0.0159999949213,0.00657272903476,0.00384812429397,0.000403000816284,0.000189664341503,0.0613140773266
val-math500,18e30e5387968366,answer64,calibrated_0.016,32,1.001,6.79100528284e-05,0.000202874202126,0.00701505677775,0.0159999949213,0.0196054748042,0.0110452967746,2.59121545974e-05,4.28737672527e-06,0.00132167952351
val-math500,18e30e5387968366,answer64,calibrated_0.016,32,1.05,6.79100528284e-05,0.000202874202126,0.00693675878633,0.0159999949213,0.0189336853443,0.0106702549186,2.7180545546e-05,4.50475933485e-06,0.00143556550411
val-math500,18e30e5387968366,answer64,calibrated_0.016,32,2.0,6.79100528284e-05,0.000202874202126,0.00638111929977,0.0159999949213,0.00657272903476,0.00384812429397,5.17700096831e-05,1.27953939501e-05,0.00787648622198
val-math500,18e30e5387968366,answer64,calibrated_0.016,128,1.001,5.41218704257e-06,1.45939239653e-05,0.00701505677775,0.0159999949213,0.0196054748042,0.0110452967746,2.32024171034e-06,2.17165251017e-07,0.000118346621722
val-math500,18e30e5387968366,answer64,calibrated_0.016,128,1.05,5.41218704257e-06,1.45939239653e-05,0.00693675878633,0.0159999949213,0.0189336853443,0.0106702549186,2.43381971703e-06,2.29832347146e-07,0.000128544426126
val-math500,18e30e5387968366,answer64,calibrated_0.016,128,2.0,5.41218704257e-06,1.45939239653e-05,0.00638111929977,0.0159999949213,0.00657272903476,0.00384812429397,4.63582604622e-06,1.28890932372e-06,0.000705312210757
val-math500,18e30e5387968366,answer64,calibrated_0.05,1,1.001,0.00702276380036,0.0443313113512,0.00701505594541,0.0499996853018,0.0713039439118,0.0403185415608,0.0028581000398,0.00147731906449,0.0400833373724
val-math500,18e30e5387968366,answer64,calibrated_0.05,1,1.05,0.00702276380036,0.0443313113512,0.00701503400742,0.0499996853018,0.070652807774,0.039958819927,0.0029980009817,0.00154963486395,0.0424328639746
val-math500,18e30e5387968366,answer64,calibrated_0.05,1,2.0,0.00702276380036,0.0443313113512,0.00664726934586,0.0499996853018,0.0584753041242,0.0332609630727,0.00570071879044,0.00294436707786,0.0974893397447
val-math500,18e30e5387968366,answer64,calibrated_0.05,4,1.001,0.00162034592642,0.00801853872223,0.00701505594541,0.0499996853018,0.0713039439118,0.0403185415608,0.000796700559033,0.00026220898876,0.0111733028403
val-math500,18e30e5387968366,answer64,calibrated_0.05,4,1.05,0.00162034592642,0.00801853872223,0.00701503400742,0.0499996853018,0.070652807774,0.039958819927,0.000835697764418,0.000275046111069,0.0118282314709
val-math500,18e30e5387968366,answer64,calibrated_0.05,4,2.0,0.00162034592642,0.00801853872223,0.00664726934586,0.0499996853018,0.0584753041242,0.0332609630727,0.00158838289351,0.000499137777799,0.0271633113722
val-math500,18e30e5387968366,answer64,calibrated_0.05,8,1.001,0.00049633657584,0.002746269333,0.00701505594541,0.0499996853018,0.0713039439118,0.0403185415608,0.000390431523297,0.000104736990789,0.00547559506358
val-math500,18e30e5387968366,answer64,calibrated_0.05,8,1.05,0.00049633657584,0.002746269333,0.00701503400742,0.0499996853018,0.070652807774,0.039958819927,0.000409542855905,0.000109869215664,0.00579655457169
val-math500,18e30e5387968366,answer64,calibrated_0.05,8,2.0,0.00049633657584,0.002746269333,0.00664726934586,0.0499996853018,0.0584753041242,0.0332609630727,0.000779618045026,0.000203545859714,0.0133324324978
val-math500,18e30e5387968366,answer64,calibrated_0.05,32,1.001,6.79100528284e-05,0.000737881056227,0.00701505594541,0.0499996853018,0.0713039439118,0.0403185415608,4.52336300198e-05,7.82609175052e-06,0.000634377673075
val-math500,18e30e5387968366,answer64,calibrated_0.05,32,1.05,6.79100528284e-05,0.000737881056227,0.00701503400742,0.0499996853018,0.070652807774,0.039958819927,4.74477355008e-05,8.21633039637e-06,0.000671561923662
val-math500,18e30e5387968366,answer64,calibrated_0.05,32,2.0,6.79100528284e-05,0.000737881056227,0.00664726934586,0.0499996853018,0.0584753041242,0.0332609630727,9.03712476082e-05,1.63971103603e-05,0.00154546007005
val-math500,18e30e5387968366,answer64,calibrated_0.05,128,1.001,5.41218704257e-06,5.27709439771e-05,0.00701505594541,0.0499996853018,0.0713039439118,0.0403185415608,4.43869752225e-06,4.98844481543e-07,6.22503788535e-05
val-math500,18e30e5387968366,answer64,calibrated_0.05,128,1.05,5.41218704257e-06,5.27709439771e-05,0.00701503400742,0.0499996853018,0.070652807774,0.039958819927,4.65597550462e-06,5.24600745146e-07,6.58993697676e-05
val-math500,18e30e5387968366,answer64,calibrated_0.05,128,2.0,5.41218704257e-06,5.27709439771e-05,0.00664726934586,0.0499996853018,0.0584753041242,0.0332609630727,8.86848134236e-06,1.20442787696e-06,0.000151661996037
val-math500,18e30e5387968366,answer128,real_base_to_step8,1,1.001,0.486742120394,0.478667698387,0.54528974515,0.0171372841638,0.00714503443915,0.00427996689794,0.000862927673584,0.000410254360055,0.120773060079
val-math500,18e30e5387968366,answer128,real_base_to_step8,1,1.05,0.486742120394,0.478667698387,1.89529766336e-07,0.0171372841638,5.99984708086e-09,3.16106206749e-09,5.99982921601e-09,3.16105563569e-09,0.99999702245
val-math500,18e30e5387968366,answer128,real_base_to_step8,1,2.0,0.486742120394,0.478667698387,0,0.0171372841638,1.78648504839e-14,1.10059381902e-14,0,0,
val-math500,18e30e5387968366,answer128,real_base_to_step8,4,1.001,0.0217582542028,0.0211398833591,0.54528974515,0.0171372841638,0.00714503443915,0.00427996689794,0.000291520614685,0.000137661126334,0.0408004492025
val-math500,18e30e5387968366,answer128,real_base_to_step8,4,1.05,0.0217582542028,0.0211398833591,1.89529766336e-07,0.0171372841638,5.99984708086e-09,3.16106206749e-09,5.99982921601e-09,3.16105563569e-09,0.99999702245
val-math500,18e30e5387968366,answer128,real_base_to_step8,4,2.0,0.0217582542028,0.0211398833591,0,0.0171372841638,1.78648504839e-14,1.10059381902e-14,0,0,
val-math500,18e30e5387968366,answer128,real_base_to_step8,8,1.001,0.00217441408567,0.00221169922061,0.54528974515,0.0171372841638,0.00714503443915,0.00427996689794,4.01551030046e-05,1.50637517464e-05,0.00562000132352
val-math500,18e30e5387968366,answer128,real_base_to_step8,8,1.05,0.00217441408567,0.00221169922061,1.89529766336e-07,0.0171372841638,5.99984708086e-09,3.16106206749e-09,5.99982921601e-09,3.16105563569e-09,0.99999702245
val-math500,18e30e5387968366,answer128,real_base_to_step8,8,2.0,0.00217441408567,0.00221169922061,0,0.0171372841638,1.78648504839e-14,1.10059381902e-14,0,0,
val-math500,18e30e5387968366,answer128,real_base_to_step8,32,1.001,0.00013980143412,0.000140204932769,0.54528974515,0.0171372841638,0.00714503443915,0.00427996689794,2.0469296772e-06,5.82659248929e-07,0.000286482828688
val-math500,18e30e5387968366,answer128,real_base_to_step8,32,1.05,0.00013980143412,0.000140204932769,1.89529766336e-07,0.0171372841638,5.99984708086e-09,3.16106206749e-09,5.99982921601e-09,3.16105563569e-09,0.99999702245
val-math500,18e30e5387968366,answer128,real_base_to_step8,32,2.0,0.00013980143412,0.000140204932769,0,0.0171372841638,1.78648504839e-14,1.10059381902e-14,0,0,
val-math500,18e30e5387968366,answer128,real_base_to_step8,128,1.001,2.18103945193e-05,2.19420132725e-05,0.54528974515,0.0171372841638,0.00714503443915,0.00427996689794,2.97446374527e-07,6.44472165355e-08,4.16298027757e-05
val-math500,18e30e5387968366,answer128,real_base_to_step8,128,1.05,2.18103945193e-05,2.19420132725e-05,1.89529766336e-07,0.0171372841638,5.99984708086e-09,3.16106206749e-09,5.99982921601e-09,3.16105563569e-09,0.99999702245
val-math500,18e30e5387968366,answer128,real_base_to_step8,128,2.0,2.18103945193e-05,2.19420132725e-05,0,0.0171372841638,1.78648504839e-14,1.10059381902e-14,0,0,
val-math500,18e30e5387968366,answer128,calibrated_0.016,1,1.001,0.486742120394,0.492391688778,0.309850577433,0.0160005860512,0.0105308232279,0.00661548826435,0.007154326998,0.00417195098798,0.679370153992
val-math500,18e30e5387968366,answer128,calibrated_0.016,1,1.05,0.486742120394,0.492391688778,4.82329426704e-08,0.0160005860512,2.90559236384e-10,1.1047794671e-10,2.90555328461e-10,1.10476018549e-10,0.999986550338
val-math500,18e30e5387968366,answer128,calibrated_0.016,1,2.0,0.486742120394,0.492391688778,0,0.0160005860512,3.90792392631e-15,2.39777078202e-15,0,0,
val-math500,18e30e5387968366,answer128,calibrated_0.016,4,1.001,0.0217582542028,0.0216066273114,0.309850577433,0.0160005860512,0.0105308232279,0.00661548826435,0.00013294201445,6.38688263172e-05,0.0126240856553
val-math500,18e30e5387968366,answer128,calibrated_0.016,4,1.05,0.0217582542028,0.0216066273114,4.82329426704e-08,0.0160005860512,2.90559236384e-10,1.1047794671e-10,2.90555328461e-10,1.10476018549e-10,0.999986550338
val-math500,18e30e5387968366,answer128,calibrated_0.016,4,2.0,0.0217582542028,0.0216066273114,0,0.0160005860512,3.90792392631e-15,2.39777078202e-15,0,0,
val-math500,18e30e5387968366,answer128,calibrated_0.016,8,1.001,0.00217441408567,0.00218318053339,0.309850577433,0.0160005860512,0.0105308232279,0.00661548826435,2.90011628645e-05,1.12932157831e-05,0.00275393122046
val-math500,18e30e5387968366,answer128,calibrated_0.016,8,1.05,0.00217441408567,0.00218318053339,4.82329426704e-08,0.0160005860512,2.90559236384e-10,1.1047794671e-10,2.90555328461e-10,1.10476018549e-10,0.999986550338
val-math500,18e30e5387968366,answer128,calibrated_0.016,8,2.0,0.00217441408567,0.00218318053339,0,0.0160005860512,3.90792392631e-15,2.39777078202e-15,0,0,
val-math500,18e30e5387968366,answer128,calibrated_0.016,32,1.001,0.00013980143412,0.000140494218253,0.309850577433,0.0160005860512,0.0105308232279,0.00661548826435,1.98432616413e-06,5.05823670116e-07,0.000188430298486
val-math500,18e30e5387968366,answer128,calibrated_0.016,32,1.05,0.00013980143412,0.000140494218253,4.82329426704e-08,0.0160005860512,2.90559236384e-10,1.1047794671e-10,2.90555328461e-10,1.10476018549e-10,0.999986550338
val-math500,18e30e5387968366,answer128,calibrated_0.016,32,2.0,0.00013980143412,0.000140494218253,0,0.0160005860512,3.90792392631e-15,2.39777078202e-15,0,0,
val-math500,18e30e5387968366,answer128,calibrated_0.016,128,1.001,2.18103945193e-05,2.19312723549e-05,0.309850577433,0.0160005860512,0.0105308232279,0.00661548826435,2.57977576491e-07,5.46127509565e-08,2.44973798257e-05
val-math500,18e30e5387968366,answer128,calibrated_0.016,128,1.05,2.18103945193e-05,2.19312723549e-05,4.82329426704e-08,0.0160005860512,2.90559236384e-10,1.1047794671e-10,2.90555328461e-10,1.10476018549e-10,0.999986550338
val-math500,18e30e5387968366,answer128,calibrated_0.016,128,2.0,2.18103945193e-05,2.19312723549e-05,0,0.0160005860512,3.90792392631e-15,2.39777078202e-15,0,0,
val-math500,18e30e5387968366,answer128,calibrated_0.05,1,1.001,0.486742120394,0.504555879095,0.309892430701,0.0499992080568,0.0331640489259,0.0208436473671,0.0217849959471,0.0127163291164,0.656885894594
val-math500,18e30e5387968366,answer128,calibrated_0.05,1,1.05,0.486742120394,0.504555879095,0.309110151438,0.0499992080568,0.0130257619731,0.00820929528447,0.0130257619731,0.00820929528447,1
val-math500,18e30e5387968366,answer128,calibrated_0.05,1,2.0,0.486742120394,0.504555879095,0,0.0499992080568,1.22303712747e-14,7.45527214664e-15,0,0,
val-math500,18e30e5387968366,answer128,calibrated_0.05,4,1.001,0.0217582542028,0.0212804446534,0.309892430701,0.0499992080568,0.0331640489259,0.0208436473671,0.000429457420653,0.0002058769885,0.0129494870066
val-math500,18e30e5387968366,answer128,calibrated_0.05,4,1.05,0.0217582542028,0.0212804446534,0.309110151438,0.0499992080568,0.0130257619731,0.00820929528447,6.43388658859e-05,2.92631353105e-05,0.00493935525759
val-math500,18e30e5387968366,answer128,calibrated_0.05,4,2.0,0.0217582542028,0.0212804446534,0,0.0499992080568,1.22303712747e-14,7.45527214664e-15,0,0,
val-math500,18e30e5387968366,answer128,calibrated_0.05,8,1.001,0.00217441408567,0.0022012962727,0.309892430701,0.0499992080568,0.0331640489259,0.0208436473671,8.94530129865e-05,3.44952116322e-05,0.00269728865695
val-math500,18e30e5387968366,answer128,calibrated_0.05,8,1.05,0.00217441408567,0.0022012962727,0.309110151438,0.0499992080568,0.0130257619731,0.00820929528447,2.54714518965e-05,1.22926169314e-05,0.00195546732307
val-math500,18e30e5387968366,answer128,calibrated_0.05,8,2.0,0.00217441408567,0.0022012962727,0,0.0499992080568,1.22303712747e-14,7.45527214664e-15,0,0,
val-math500,18e30e5387968366,answer128,calibrated_0.05,32,1.001,0.00013980143412,0.00014196404274,0.309892430701,0.0499992080568,0.0331640489259,0.0208436473671,6.15839385425e-06,1.51292503478e-06,0.000185694873024
val-math500,18e30e5387968366,answer128,calibrated_0.05,32,1.05,0.00013980143412,0.00014196404274,0.309110151438,0.0499992080568,0.0130257619731,0.00820929528447,2.66279768072e-06,9.13289192069e-07,0.000204425482841
val-math500,18e30e5387968366,answer128,calibrated_0.05,32,2.0,0.00013980143412,0.00014196404274,0,0.0499992080568,1.22303712747e-14,7.45527214664e-15,0,0,
val-math500,18e30e5387968366,answer128,calibrated_0.05,128,1.001,2.18103945193e-05,2.21815130019e-05,0.309892430701,0.0499992080568,0.0331640489259,0.0208436473671,7.99154308834e-07,1.60965983457e-07,2.409700669e-05
val-math500,18e30e5387968366,answer128,calibrated_0.05,128,1.05,2.18103945193e-05,2.21815130019e-05,0.309110151438,0.0499992080568,0.0130257619731,0.00820929528447,2.98541276335e-07,9.33677750958e-08,2.29192946218e-05
val-math500,18e30e5387968366,answer128,calibrated_0.05,128,2.0,2.18103945193e-05,2.21815130019e-05,0,0.0499992080568,1.22303712747e-14,7.45527214664e-15,0,0,
val-math500,18e30e5387968366,answer256,real_base_to_step8,1,1.001,0.00108295721213,0.00103525074258,1.70698988629e-05,9.69175674034e-05,3.43492558148e-07,2.10077179414e-07,3.43492671393e-07,2.10077271809e-07,1.00000032969
val-math500,18e30e5387968366,answer256,real_base_to_step8,1,1.05,0.00108295721213,0.00103525074258,0,9.69175674034e-05,1.13248982223e-13,1.13131782419e-13,0,0,
val-math500,18e30e5387968366,answer256,real_base_to_step8,1,2.0,0.00108295721213,0.00103525074258,0,9.69175674034e-05,1.13248982223e-13,1.13131782419e-13,0,0,
val-math500,18e30e5387968366,answer256,real_base_to_step8,4,1.001,1.97401632618e-05,1.97608445862e-05,1.70698988629e-05,9.69175674034e-05,3.43492558148e-07,2.10077179414e-07,1.47055830524e-07,1.01840931119e-07,0.428119407643
val-math500,18e30e5387968366,answer256,real_base_to_step8,4,1.05,1.97401632618e-05,1.97608445862e-05,0,9.69175674034e-05,1.13248982223e-13,1.13131782419e-13,0,0,
val-math500,18e30e5387968366,answer256,real_base_to_step8,4,2.0,1.97401632618e-05,1.97608445862e-05,0,9.69175674034e-05,1.13248982223e-13,1.13131782419e-13,0,0,
val-math500,18e30e5387968366,answer256,real_base_to_step8,8,1.001,8.40194770715e-07,8.30054057338e-07,1.70698988629e-05,9.69175674034e-05,3.43492558148e-07,2.10077179414e-07,2.22708984919e-09,1.56310498346e-09,0.00648366258995
val-math500,18e30e5387968366,answer256,real_base_to_step8,8,1.05,8.40194770715e-07,8.30054057338e-07,0,9.69175674034e-05,1.13248982223e-13,1.13131782419e-13,0,0,
val-math500,18e30e5387968366,answer256,real_base_to_step8,8,2.0,8.40194770715e-07,8.30054057338e-07,0,9.69175674034e-05,1.13248982223e-13,1.13131782419e-13,0,0,
val-math500,18e30e5387968366,answer256,real_base_to_step8,32,1.001,2.12740505714e-08,2.09183983985e-08,1.70698988629e-05,9.69175674034e-05,3.43492558148e-07,2.10077179414e-07,2.25103582785e-11,1.14095115321e-11,6.55337582853e-05
val-math500,18e30e5387968366,answer256,real_base_to_step8,32,1.05,2.12740505714e-08,2.09183983985e-08,0,9.69175674034e-05,1.13248982223e-13,1.13131782419e-13,0,0,
val-math500,18e30e5387968366,answer256,real_base_to_step8,32,2.0,2.12740505714e-08,2.09183983985e-08,0,9.69175674034e-05,1.13248982223e-13,1.13131782419e-13,0,0,
val-math500,18e30e5387968366,answer256,real_base_to_step8,128,1.001,1.18415621872e-08,1.16579445831e-08,1.70698988629e-05,9.69175674034e-05,3.43492558148e-07,2.10077179414e-07,1.41050212315e-11,7.0813731556e-12,4.10635424173e-05
val-math500,18e30e5387968366,answer256,real_base_to_step8,128,1.05,1.18415621872e-08,1.16579445831e-08,0,9.69175674034e-05,1.13248982223e-13,1.13131782419e-13,0,0,
val-math500,18e30e5387968366,answer256,real_base_to_step8,128,2.0,1.18415621872e-08,1.16579445831e-08,0,9.69175674034e-05,1.13248982223e-13,1.13131782419e-13,0,0,
val-math500,18e30e5387968366,answer256,calibrated_0.016,1,1.001,0.00108295721213,0.0152068521555,0.00106375043182,0.0159996237364,0.0278407402522,0.0150281077737,0.00141023623869,0.00074114264659,0.0506536904521
val-math500,18e30e5387968366,answer256,calibrated_0.016,1,1.05,0.00108295721213,0.0152068521555,0.00106375019834,0.0159996237364,0.0277380772897,0.01496720476,0.00147926209322,0.000777426295019,0.0533296550359
val-math500,18e30e5387968366,answer256,calibrated_0.016,1,2.0,0.00108295721213,0.0152068521555,0.00106374680118,0.0159996237364,0.025747676346,0.0138080997582,0.00281751842154,0.00148091166349,0.109428065806
val-math500,18e30e5387968366,answer256,calibrated_0.016,4,1.001,1.97401632618e-05,0.00894873042295,0.00106375043182,0.0159996237364,0.0278407402522,0.0150281077737,3.90239810919e-05,1.63630990871e-05,0.0014016861886
val-math500,18e30e5387968366,answer256,calibrated_0.016,4,1.05,1.97401632618e-05,0.00894873042295,0.00106375019834,0.0159996237364,0.0277380772897,0.01496720476,4.09283148075e-05,1.72860017377e-05,0.00147552818388
val-math500,18e30e5387968366,answer256,calibrated_0.016,4,2.0,1.97401632618e-05,0.00894873042295,0.00106374680118,0.0159996237364,0.025747676346,0.0138080997582,7.78490395252e-05,3.6215477428e-05,0.00302353651176
val-math500,18e30e5387968366,answer256,calibrated_0.016,8,1.001,8.40194770715e-07,0.00894195603903,0.00106375043182,0.0159996237364,0.0278407402522,0.0150281077737,1.65283509828e-06,6.39481859869e-07,5.93674982531e-05
val-math500,18e30e5387968366,answer256,calibrated_0.016,8,1.05,8.40194770715e-07,0.00894195603903,0.00106375019834,0.0159996237364,0.0277380772897,0.01496720476,1.733710681e-06,6.71467004253e-07,6.25029147803e-05
val-math500,18e30e5387968366,answer256,calibrated_0.016,8,2.0,8.40194770715e-07,0.00894195603903,0.00106374680118,0.0159996237364,0.025747676346,0.0138080997582,3.3016759052e-06,1.29305893124e-06,0.000128231995029
val-math500,18e30e5387968366,answer256,calibrated_0.016,32,1.001,2.12740505714e-08,0.00883826206323,0.00106375043182,0.0159996237364,0.0278407402522,0.0150281077737,4.13601540964e-08,1.2021168636e-08,1.48559821764e-06
val-math500,18e30e5387968366,answer256,calibrated_0.016,32,1.05,2.12740505714e-08,0.00883826206323,0.00106375019834,0.0159996237364,0.0277380772897,0.01496720476,4.33835560633e-08,1.26513421083e-08,1.56404337656e-06
val-math500,18e30e5387968366,answer256,calibrated_0.016,32,2.0,2.12740505714e-08,0.00883826206323,0.00106374680118,0.0159996237364,0.025747676346,0.0138080997582,8.26046844385e-08,2.51869523314e-08,3.20823841842e-06
val-math500,18e30e5387968366,answer256,calibrated_0.016,128,1.001,1.18415621872e-08,0.00872038894317,0.00106375043182,0.0159996237364,0.0278407402522,0.0150281077737,2.31702298493e-08,6.97013866663e-09,8.32241874297e-07
val-math500,18e30e5387968366,answer256,calibrated_0.016,128,1.05,1.18415621872e-08,0.00872038894317,0.00106375019834,0.0159996237364,0.0277380772897,0.01496720476,2.43037596023e-08,7.33588458104e-09,8.76187608409e-07
val-math500,18e30e5387968366,answer256,calibrated_0.016,128,2.0,1.18415621872e-08,0.00872038894317,0.00106374680118,0.0159996237364,0.025747676346,0.0138080997582,4.6274983572e-08,1.46442921583e-08,1.79724892259e-06
val-math500,18e30e5387968366,answer256,calibrated_0.05,1,1.001,0.00108295721213,0.0480768894086,0.00106375039492,0.0499985042734,0.0894920227316,0.0492423464038,0.00189544350211,0.00103626425575,0.0211800274958
val-math500,18e30e5387968366,answer256,calibrated_0.05,1,1.05,0.00108295721213,0.0480768894086,0.00106375017513,0.0499985042734,0.089392786438,0.049193400744,0.00198820047072,0.0010869907463,0.0222411734765
val-math500,18e30e5387968366,answer256,calibrated_0.05,1,2.0,0.00108295721213,0.0480768894086,0.00106374681718,0.0499985042734,0.0874688208707,0.0482553188711,0.00378654972504,0.00207048048443,0.0432902797516
val-math500,18e30e5387968366,answer256,calibrated_0.05,4,1.001,1.97401632618e-05,0.0410279044903,0.00106375039492,0.0499985042734,0.0894920227316,0.0492423464038,3.83775753013e-05,1.68638267488e-05,0.000428837947002
val-math500,18e30e5387968366,answer256,calibrated_0.05,4,1.05,1.97401632618e-05,0.0410279044903,0.00106375017513,0.0499985042734,0.089392786438,0.049193400744,4.02301892291e-05,1.77929150488e-05,0.000450038429633
val-math500,18e30e5387968366,answer256,calibrated_0.05,4,2.0,1.97401632618e-05,0.0410279044903,0.00106374681718,0.0499985042734,0.0874688208707,0.0482553188711,7.6148082307e-05,3.67190167855e-05,0.000870574011962
val-math500,18e30e5387968366,answer256,calibrated_0.05,8,1.001,8.40194770715e-07,0.0410214503252,0.00106375039492,0.0499985042734,0.0894920227316,0.0492423464038,1.64942906618e-06,6.73613770235e-07,1.84310178252e-05
val-math500,18e30e5387968366,answer256,calibrated_0.05,8,1.05,8.40194770715e-07,0.0410214503252,0.00106375017513,0.0499985042734,0.089392786438,0.049193400744,1.73004122008e-06,7.07105237825e-07,1.93532530869e-05
val-math500,18e30e5387968366,answer256,calibrated_0.05,8,2.0,8.40194770715e-07,0.0410214503252,0.00106374681718,0.0499985042734,0.0874688208707,0.0482553188711,3.2927982536e-06,1.35753637095e-06,3.76453943339e-05
val-math500,18e30e5387968366,answer256,calibrated_0.05,32,1.001,2.12740505714e-08,0.0408605426537,0.00106375039492,0.0499985042734,0.0894920227316,0.0492423464038,4.12723599671e-08,1.30265894445e-08,4.61184792871e-07
val-math500,18e30e5387968366,answer256,calibrated_0.05,32,1.05,2.12740505714e-08,0.0408605426537,0.00106375017513,0.0499985042734,0.089392786438,0.049193400744,4.32869118151e-08,1.37003722249e-08,4.84232716531e-07
val-math500,18e30e5387968366,answer256,calibrated_0.05,32,2.0,2.12740505714e-08,0.0408605426537,0.00106374681718,0.0499985042734,0.0874688208707,0.0482553188711,8.23180007663e-08,2.6966714341e-08,9.41112500968e-07
val-math500,18e30e5387968366,answer256,calibrated_0.05,128,1.001,1.18415621872e-08,0.0405965459895,0.00106375039492,0.0499985042734,0.0894920227316,0.0492423464038,2.29920091396e-08,7.47521809799e-09,2.56916856249e-07
val-math500,18e30e5387968366,answer256,calibrated_0.05,128,1.05,1.18415621872e-08,0.0405965459895,0.00106375017513,0.0499985042734,0.089392786438,0.049193400744,2.41144161454e-08,7.86176986892e-09,2.6975796489e-07
val-math500,18e30e5387968366,answer256,calibrated_0.05,128,2.0,1.18415621872e-08,0.0405965459895,0.00106374681718,0.0499985042734,0.0874688208707,0.0482553188711,4.58540186333e-08,1.55193837808e-08,5.2423272861e-07
